{
    "fix": "https://github.com/OSGeo/gdal/commit/0974bb6283fc09841888bcd8fc9f1c870be2b6ef",
    "verify": "0",
    "localId": 8974,
    "project": "gdal",
    "fuzzer": "libfuzzer",
    "sanitizer": "ubsan",
    "crash_type": "Null-dereference READ",
    "report": {
        "comments": [
            {
                "projectName": "oss-fuzz",
                "localId": 8974,
                "commenter": {
                    "userId": "382749006",
                    "displayName": "ClusterFuzz-External"
                },
                "timestamp": 1529486272,
                "content": "Detailed report: https://oss-fuzz.com/testcase?key=5691369438838784\n\nProject: gdal\nFuzzer: libFuzzer_gdal_fuzzer\nFuzz target binary: gdal_fuzzer\nJob Type: libfuzzer_ubsan_gdal\nPlatform Id: linux\n\nCrash Type: Null-dereference READ\nCrash Address: 0x000000000000\nCrash State:\n  NULL\nSanitizer: undefined (UBSAN)\n\nRegressed: https://oss-fuzz.com/revisions?job=libfuzzer_ubsan_gdal&range=201806190607:201806200020\n\nReproducer Testcase: https://oss-fuzz.com/download?testcase_id=5691369438838784\n\nIssue filed automatically.\n\nSee https://github.com/google/oss-fuzz/blob/master/docs/reproducing.md for more information.\n\nThis bug is subject to a 90 day disclosure deadline. If 90 days elapse\nwithout an upstream patch, then the bug report will automatically\nbecome visible to the public.\n\nWhen you fix this bug, please\n  * mention the fix revision(s).\n  * state whether the bug was a short-lived regression or an old bug in any stable releases.\n  * add any other useful information.\nThis information can help downstream consumers.\n\nIf you need to contact the OSS-Fuzz team with a question, concern, or any other feedback, please file an issue at https://github.com/google/oss-fuzz/issues.",
                "descriptionNum": 1
            },
            {
                "projectName": "oss-fuzz",
                "localId": 8974,
                "sequenceNum": 1,
                "commenter": {
                    "userId": "382749006",
                    "displayName": "ClusterFuzz-External"
                },
                "timestamp": 1529486884,
                "amendments": [
                    {
                        "fieldName": "Labels",
                        "newOrDeltaValue": "OS-Linux"
                    }
                ]
            },
            {
                "projectName": "oss-fuzz",
                "localId": 8974,
                "sequenceNum": 2,
                "commenter": {
                    "userId": "3393638884",
                    "displayName": "even....@gmail.com"
                },
                "timestamp": 1529487420,
                "content": "Fixed per https://github.com/OSGeo/gdal/commit/0974bb6283fc09841888bcd8fc9f1c870be2b6ef"
            },
            {
                "projectName": "oss-fuzz",
                "localId": 8974,
                "sequenceNum": 3,
                "commenter": {
                    "userId": "382749006",
                    "displayName": "ClusterFuzz-External"
                },
                "timestamp": 1529565002,
                "content": "ClusterFuzz has detected this issue as fixed in range 201806200624:201806201644.\n\nDetailed report: https://oss-fuzz.com/testcase?key=5691369438838784\n\nProject: gdal\nFuzzer: libFuzzer_gdal_fuzzer\nFuzz target binary: gdal_fuzzer\nJob Type: libfuzzer_ubsan_gdal\nPlatform Id: linux\n\nCrash Type: Null-dereference READ\nCrash Address: 0x000000000000\nCrash State:\n  NULL\nSanitizer: undefined (UBSAN)\n\nRegressed: https://oss-fuzz.com/revisions?job=libfuzzer_ubsan_gdal&range=201806190607:201806200020\nFixed: https://oss-fuzz.com/revisions?job=libfuzzer_ubsan_gdal&range=201806200624:201806201644\n\nReproducer Testcase: https://oss-fuzz.com/download?testcase_id=5691369438838784\n\nSee https://github.com/google/oss-fuzz/blob/master/docs/reproducing.md for more information.\n\nIf you suspect that the result above is incorrect, try re-doing that job on the test case report page."
            },
            {
                "projectName": "oss-fuzz",
                "localId": 8974,
                "sequenceNum": 4,
                "commenter": {
                    "userId": "382749006",
                    "displayName": "ClusterFuzz-External"
                },
                "timestamp": 1529565487,
                "content": "ClusterFuzz testcase 5691369438838784 is verified as fixed, so closing issue as verified.\n\nIf this is incorrect, please file a bug on https://github.com/google/oss-fuzz/issues/new",
                "amendments": [
                    {
                        "fieldName": "Status",
                        "newOrDeltaValue": "Verified",
                        "oldValue": "New"
                    },
                    {
                        "fieldName": "Labels",
                        "newOrDeltaValue": "ClusterFuzz-Verified"
                    }
                ]
            },
            {
                "projectName": "oss-fuzz",
                "localId": 8974,
                "sequenceNum": 5,
                "commenter": {
                    "userId": "4164592774",
                    "displayName": "sheriffbot@chromium.org"
                },
                "timestamp": 1532186528,
                "content": "This bug has been fixed for 30 days. It has been opened to the public.\n\n- Your friendly Sheriffbot",
                "amendments": [
                    {
                        "fieldName": "Labels",
                        "newOrDeltaValue": "-restrict-view-commit"
                    }
                ]
            }
        ]
    },
    "fix_commit": "0974bb6283fc09841888bcd8fc9f1c870be2b6ef",
    "repo_addr": "https://github.com/OSGeo/gdal"
}