{
    "fix": "https://github.com/mity/md4c/commit/62b60979f6a281b2b3cf883abc84299431fe2f76",
    "verify": "0",
    "localId": 43589,
    "project": "md4c",
    "fuzzer": "honggfuzz",
    "sanitizer": "asan",
    "crash_type": "Heap-buffer-overflow READ 1",
    "severity": "High",
    "report": {
        "comments": [
            {
                "localId": 43589,
                "descriptionNum": 1,
                "projectName": "oss-fuzz",
                "commenter": {
                    "displayName": "ClusterFuzz-External",
                    "userId": "382749006"
                },
                "content": "Detailed Report: https://oss-fuzz.com/testcase?key=5161754722697216\n\nProject: md4c\nFuzzing Engine: honggfuzz\nFuzz Target: fuzz-mdhtml\nJob Type: honggfuzz_asan_md4c\nPlatform Id: linux\n\nCrash Type: Heap-buffer-overflow READ 1\nCrash Address: 0x6040000000ba\nCrash State:\n  md_decode_utf8__\n  md_link_label_hash\n  md_is_link_reference\n  \nSanitizer: address (ASAN)\n\nRecommended Security Severity: High\n\nRegressed: https://oss-fuzz.com/revisions?job=honggfuzz_asan_md4c&range=202201120607:202201130601\n\nReproducer Testcase: https://oss-fuzz.com/download?testcase_id=5161754722697216\n\nIssue filed automatically.\n\nSee https://google.github.io/oss-fuzz/advanced-topics/reproducing for instructions to reproduce this bug locally.\nWhen you fix this bug, please\n  * mention the fix revision(s).\n  * state whether the bug was a short-lived regression or an old bug in any stable releases.\n  * add any other useful information.\nThis information can help downstream consumers.\n\nIf you need to contact the OSS-Fuzz team with a question, concern, or any other feedback, please file an issue at https://github.com/google/oss-fuzz/issues. Comments on individual Monorail issues are not monitored.\n\nThis bug is subject to a 90 day disclosure deadline. If 90 days elapse\nwithout an upstream patch, then the bug report will automatically\nbecome visible to the public.",
                "timestamp": 1642078056
            },
            {
                "amendments": [
                    {
                        "fieldName": "Labels",
                        "newOrDeltaValue": "Disclosure-2022-04-13"
                    }
                ],
                "localId": 43589,
                "projectName": "oss-fuzz",
                "commenter": {
                    "displayName": "sheriffbot",
                    "userId": "1950284618"
                },
                "sequenceNum": 1,
                "timestamp": 1642103554
            },
            {
                "localId": 43589,
                "projectName": "oss-fuzz",
                "commenter": {
                    "displayName": "mity....@gmail.com",
                    "userId": "996303329"
                },
                "content": "Should be fixed in https://github.com/mity/md4c/commit/62b60979f6a281b2b3cf883abc84299431fe2f76.\n\nHowever prefer https://github.com/mity/md4c/commit/6abb7789f6ad9bc1e05fa9989d4daec5cebb880d as the former contains some debugging output erroneously left in place.",
                "sequenceNum": 2,
                "timestamp": 1642151901
            },
            {
                "amendments": [
                    {
                        "fieldName": "Status",
                        "oldValue": "New",
                        "newOrDeltaValue": "Verified"
                    },
                    {
                        "fieldName": "Labels",
                        "newOrDeltaValue": "ClusterFuzz-Verified"
                    }
                ],
                "localId": 43589,
                "projectName": "oss-fuzz",
                "commenter": {
                    "displayName": "ClusterFuzz-External",
                    "userId": "382749006"
                },
                "content": "ClusterFuzz testcase 5161754722697216 is verified as fixed in https://oss-fuzz.com/revisions?job=honggfuzz_asan_md4c&range=202201130601:202201140610\n\nIf this is incorrect, please file a bug on https://github.com/google/oss-fuzz/issues/new",
                "sequenceNum": 3,
                "timestamp": 1642174671
            },
            {
                "amendments": [
                    {
                        "fieldName": "Labels",
                        "newOrDeltaValue": "-restrict-view-commit"
                    }
                ],
                "localId": 43589,
                "projectName": "oss-fuzz",
                "commenter": {
                    "displayName": "sheriffbot",
                    "userId": "1950284618"
                },
                "content": "This bug has been fixed. It has been opened to the public.\n\n- Your friendly Sheriffbot",
                "sequenceNum": 4,
                "timestamp": 1642189354
            }
        ]
    },
    "fix_commit": "62b60979f6a281b2b3cf883abc84299431fe2f76",
    "repo_addr": "https://github.com/mity/md4c"
}