{
    "fix": "https://github.com/WizardMac/ReadStat/commit/14265e717e48fc877697a27f1bee232116ce21e5",
    "verify": "0",
    "localId": 12595,
    "project": "readstat",
    "fuzzer": "afl",
    "sanitizer": "asan",
    "crash_type": "Bad-free",
    "report": {
        "comments": [
            {
                "localId": 12595,
                "descriptionNum": 1,
                "projectName": "oss-fuzz",
                "commenter": {
                    "displayName": "ClusterFuzz-External",
                    "userId": "382749006"
                },
                "content": "Detailed report: https://oss-fuzz.com/testcase?key=5664754289344512\n\nProject: readstat\nFuzzer: afl_readstat_fuzz_format_sav\nFuzz target binary: fuzz_format_sav\nJob Type: afl_asan_readstat\nPlatform Id: linux\n\nCrash Type: Bad-free\nCrash Address: 0x000000fcfe38\nCrash State:\n  spss_varinfo_free\n  sav_read_variable_record\n  sav_parse_records_pass2\n  \nSanitizer: address (ASAN)\n\nRegressed: https://oss-fuzz.com/revisions?job=afl_asan_readstat&range=201901200219:201901210219\n\nReproducer Testcase: https://oss-fuzz.com/download?testcase_id=5664754289344512\n\nIssue filed automatically.\n\nSee https://github.com/google/oss-fuzz/blob/master/docs/reproducing.md for instructions to reproduce this bug locally.\n\nThis bug is subject to a 90 day disclosure deadline. If 90 days elapse\nwithout an upstream patch, then the bug report will automatically\nbecome visible to the public.\n\nWhen you fix this bug, please\n  * mention the fix revision(s).\n  * state whether the bug was a short-lived regression or an old bug in any stable releases.\n  * add any other useful information.\nThis information can help downstream consumers.\n\nIf you need to contact the OSS-Fuzz team with a question, concern, or any other feedback, please file an issue at https://github.com/google/oss-fuzz/issues.",
                "timestamp": 1548049664
            },
            {
                "amendments": [
                    {
                        "fieldName": "Labels",
                        "newOrDeltaValue": "OS-Linux"
                    }
                ],
                "localId": 12595,
                "projectName": "oss-fuzz",
                "commenter": {
                    "displayName": "ClusterFuzz-External",
                    "userId": "382749006"
                },
                "sequenceNum": 1,
                "timestamp": 1548093851
            },
            {
                "localId": 12595,
                "projectName": "oss-fuzz",
                "commenter": {
                    "displayName": "ClusterFuzz-External",
                    "userId": "382749006"
                },
                "content": "ClusterFuzz has detected this issue as fixed in range 201901210219:201901220219.\n\nDetailed report: https://oss-fuzz.com/testcase?key=5664754289344512\n\nProject: readstat\nFuzzer: afl_readstat_fuzz_format_sav\nFuzz target binary: fuzz_format_sav\nJob Type: afl_asan_readstat\nPlatform Id: linux\n\nCrash Type: Bad-free\nCrash Address: 0x000000fcfe38\nCrash State:\n  spss_varinfo_free\n  sav_read_variable_record\n  sav_parse_records_pass2\n  \nSanitizer: address (ASAN)\n\nRegressed: https://oss-fuzz.com/revisions?job=afl_asan_readstat&range=201901200219:201901210219\nFixed: https://oss-fuzz.com/revisions?job=afl_asan_readstat&range=201901210219:201901220219\n\nReproducer Testcase: https://oss-fuzz.com/download?testcase_id=5664754289344512\n\nSee https://github.com/google/oss-fuzz/blob/master/docs/reproducing.md for instructions to reproduce this bug locally.\n\nIf you suspect that the result above is incorrect, try re-doing that job on the test case report page.",
                "sequenceNum": 2,
                "timestamp": 1548169892
            },
            {
                "amendments": [
                    {
                        "fieldName": "Status",
                        "oldValue": "New",
                        "newOrDeltaValue": "Verified"
                    },
                    {
                        "fieldName": "Labels",
                        "newOrDeltaValue": "ClusterFuzz-Verified"
                    }
                ],
                "localId": 12595,
                "projectName": "oss-fuzz",
                "commenter": {
                    "displayName": "ClusterFuzz-External",
                    "userId": "382749006"
                },
                "content": "ClusterFuzz testcase 5664754289344512 is verified as fixed, so closing issue as verified.\n\nIf this is incorrect, please file a bug on https://github.com/google/oss-fuzz/issues/new",
                "sequenceNum": 3,
                "timestamp": 1548170473
            },
            {
                "amendments": [
                    {
                        "fieldName": "Labels",
                        "newOrDeltaValue": "-restrict-view-commit"
                    }
                ],
                "localId": 12595,
                "projectName": "oss-fuzz",
                "commenter": {
                    "displayName": "sheriffbot@chromium.org",
                    "userId": "4164592774"
                },
                "content": "This bug has been fixed for 30 days. It has been opened to the public.\n\n- Your friendly Sheriffbot",
                "sequenceNum": 4,
                "timestamp": 1550766282
            }
        ]
    },
    "fix_commit": "14265e717e48fc877697a27f1bee232116ce21e5",
    "repo_addr": "https://github.com/WizardMac/ReadStat"
}