{
    "fix": "https://github.com/imagemagick/imagemagick/commit/d6d5a7da72dc4d2ff73ad0f335e1c3c4b70735a0",
    "verify": "0",
    "localId": 38370,
    "project": "imagemagick",
    "fuzzer": "honggfuzz",
    "sanitizer": "asan",
    "crash_type": "Stack-buffer-overflow READ 1",
    "severity": "Medium",
    "report": {
        "comments": [
            {
                "projectName": "oss-fuzz",
                "localId": 38370,
                "commenter": {
                    "userId": "382749006",
                    "displayName": "ClusterFuzz-External"
                },
                "timestamp": 1631291832,
                "content": "Detailed Report: https://oss-fuzz.com/testcase?key=4576569998311424\n\nProject: imagemagick\nFuzzing Engine: honggfuzz\nFuzz Target: encoder_ai_fuzzer\nJob Type: honggfuzz_asan_imagemagick\nPlatform Id: linux\n\nCrash Type: Stack-buffer-overflow READ 1\nCrash Address: 0x7ffff7074a58\nCrash State:\n  ReadPDFImage\n  ReadImage\n  BlobToImage\n  \nSanitizer: address (ASAN)\n\nRecommended Security Severity: Medium\n\nRegressed: https://oss-fuzz.com/revisions?job=honggfuzz_asan_imagemagick&range=202109090603:202109100613\n\nReproducer Testcase: https://oss-fuzz.com/download?testcase_id=4576569998311424\n\nIssue filed automatically.\n\nSee https://google.github.io/oss-fuzz/advanced-topics/reproducing for instructions to reproduce this bug locally.\nWhen you fix this bug, please\n  * mention the fix revision(s).\n  * state whether the bug was a short-lived regression or an old bug in any stable releases.\n  * add any other useful information.\nThis information can help downstream consumers.\n\nIf you need to contact the OSS-Fuzz team with a question, concern, or any other feedback, please file an issue at https://github.com/google/oss-fuzz/issues. Comments on individual Monorail issues are not monitored.\n\nThis bug is subject to a 90 day disclosure deadline. If 90 days elapse\nwithout an upstream patch, then the bug report will automatically\nbecome visible to the public.",
                "descriptionNum": 1
            },
            {
                "projectName": "oss-fuzz",
                "localId": 38370,
                "sequenceNum": 1,
                "commenter": {
                    "userId": "1950284618",
                    "displayName": "sheriffbot"
                },
                "timestamp": 1631300053,
                "amendments": [
                    {
                        "fieldName": "Labels",
                        "newOrDeltaValue": "Disclosure-2021-12-09"
                    }
                ]
            },
            {
                "projectName": "oss-fuzz",
                "localId": 38370,
                "sequenceNum": 2,
                "commenter": {
                    "userId": "382749006",
                    "displayName": "ClusterFuzz-External"
                },
                "timestamp": 1631894580,
                "content": "ClusterFuzz testcase 4576569998311424 is verified as fixed in https://oss-fuzz.com/revisions?job=honggfuzz_asan_imagemagick&range=202109110602:202109170610\n\nIf this is incorrect, please file a bug on https://github.com/google/oss-fuzz/issues/new",
                "amendments": [
                    {
                        "fieldName": "Status",
                        "newOrDeltaValue": "Verified",
                        "oldValue": "New"
                    },
                    {
                        "fieldName": "Labels",
                        "newOrDeltaValue": "ClusterFuzz-Verified"
                    }
                ]
            },
            {
                "projectName": "oss-fuzz",
                "localId": 38370,
                "sequenceNum": 3,
                "commenter": {
                    "userId": "1950284618",
                    "displayName": "sheriffbot"
                },
                "timestamp": 1631904239,
                "content": "This bug has been fixed. It has been opened to the public.\n\n- Your friendly Sheriffbot",
                "amendments": [
                    {
                        "fieldName": "Labels",
                        "newOrDeltaValue": "-restrict-view-commit"
                    }
                ]
            }
        ]
    },
    "fix_commit": [
        "c5d3358acc7cb76b9321004ff3fe6342e7c630e7",
        "5bc608983b3d1b364e91d927cb0fdca037b44b8e",
        "67bafc4db482d5d90fa4455293c982713b11dee0",
        "faad5a3caa24d7d0b34a7d8fe3f2b214a626293a",
        "325f1f12643ed86f893b347c21f0811ff2a1dfee",
        "816a070b8039102d1ead418c5101761cd7505836",
        "d2a2f1ca5917cfbdfa188b0a8a534061659db2cb",
        "35893e7cad78ce461fcaffa56076c11700ba5e4e",
        "b344d1f1090e73ce488938d6e5f5ac96a792356b",
        "6920157d93973bc8f75bc60fa2f22da5127f1f4b",
        "8fa069797945f7b6e64b33cad4780311ff1b4ad5",
        "01faddbe2711a4156180c4a92837e2f23683cc68",
        "225b51d7f2e86b8c8588022fe1e391249d023904",
        "f9c35c91bac4d6380edeaaad8e536a7ef1fdb489",
        "51d10c05d5a4a409a80d90826dd3fbdd2b765c5f",
        "9d3fc1a6142ee1180692d5a79f8c4367527d6843",
        "a0232bf812f419c97eedde66e0a764f318eab7bd",
        "86f886daf4d48f966a47a70ab8e1bd6003565267",
        "28191523ff8650a3b4f28bbffcc60e02f593abc4",
        "adbc1855ec4768bd6069d7749185410ecef63a37",
        "ea286be7fdc95934b4773d3ef9d8eeb4efafd0b3",
        "59b288da691c30adf330334898261eff868bd13d",
        "ae0873767ab7b862e3d50a852279150e2f692fb2",
        "bae72403751eeaac75b87216ca34b59254c2af3e",
        "9a01274ab11088c8d59713748c0554bb4d534699",
        "91084218c9a9d2fdcdb2f11d8af797acfc21d367",
        "720b86f5d2c130b9dffb5e0e5a7b72f2c041b2a8",
        "6d00c96343ce0f5d3a91327c4ef2ed42fbcf86ad",
        "d368d3c6bab35ad8857acaccc7b85d10c021c2c8",
        "957e47818ef0ae9ce73ade28a649ee7411a736e7",
        "ffee953296479c7cb6a27b08b3cd12b29a96ef48",
        "600a8e54c1a6cf353cf9365a02b9ba52bda91ee5",
        "00bb80173921219b213cc4808e13fc7733edc44b",
        "9419d6fd49f4944eef82c222e5e9c791be738444",
        "42ab885b82356a810bf7d20a5169632ab883f45b",
        "30626f44f3307a39d7a3addc47f31936e4ad043e",
        "e5e0a7dcaef08286e4e8066b42c415f8c73f4ead",
        "3c4656a3f39071b7e7a35f6ddd9ec0d1333d68ff",
        "021d3ce4805618ff46d18bbfd7a0db2542f53781",
        "c799d44523506a5f58fa39307a3c6e5504a3b144",
        "739788fc60e50eb5140e83a280cae74858815cd9",
        "fdb072f8273b1ca4bc66a3e026bb6508b5af6862",
        "9ccbd97d788dd3a5b876a808dcfacf2311392f54",
        "d6d5a7da72dc4d2ff73ad0f335e1c3c4b70735a0"
    ],
    "repo_addr": "https://github.com/imagemagick/imagemagick"
}