{
    "fix": "https://github.com/imagemagick/imagemagick/commit/c191d5d0da3489fd0ab0640bd4450f4cee122471",
    "verify": "0",
    "localId": 39854,
    "project": "imagemagick",
    "fuzzer": "libfuzzer",
    "sanitizer": "asan",
    "crash_type": "UNKNOWN READ",
    "severity": "Medium",
    "report": {
        "comments": [
            {
                "projectName": "oss-fuzz",
                "localId": 39854,
                "commenter": {
                    "userId": "382749006",
                    "displayName": "ClusterFuzz-External"
                },
                "timestamp": 1633991911,
                "content": "Detailed Report: https://oss-fuzz.com/testcase?key=6356175541633024\n\nProject: imagemagick\nFuzzing Engine: libFuzzer\nFuzz Target: ping_wpg_fuzzer\nJob Type: libfuzzer_asan_i386_imagemagick\nPlatform Id: linux\n\nCrash Type: UNKNOWN READ\nCrash Address: 0x77902041\nCrash State:\n  ps_parser_skip_spaces\n  parse_dict\n  T1_Face_Init\n  \nSanitizer: address (ASAN)\n\nRecommended Security Severity: Medium\n\nRegressed: https://oss-fuzz.com/revisions?job=libfuzzer_asan_i386_imagemagick&range=202110100605:202110110613\n\nReproducer Testcase: https://oss-fuzz.com/download?testcase_id=6356175541633024\n\nIssue filed automatically.\n\nSee https://google.github.io/oss-fuzz/advanced-topics/reproducing for instructions to reproduce this bug locally.\nWhen you fix this bug, please\n  * mention the fix revision(s).\n  * state whether the bug was a short-lived regression or an old bug in any stable releases.\n  * add any other useful information.\nThis information can help downstream consumers.\n\nIf you need to contact the OSS-Fuzz team with a question, concern, or any other feedback, please file an issue at https://github.com/google/oss-fuzz/issues. Comments on individual Monorail issues are not monitored.\n\nThis bug is subject to a 90 day disclosure deadline. If 90 days elapse\nwithout an upstream patch, then the bug report will automatically\nbecome visible to the public.",
                "descriptionNum": 1
            },
            {
                "projectName": "oss-fuzz",
                "localId": 39854,
                "sequenceNum": 1,
                "commenter": {
                    "userId": "1950284618",
                    "displayName": "sheriffbot"
                },
                "timestamp": 1634064791,
                "amendments": [
                    {
                        "fieldName": "Labels",
                        "newOrDeltaValue": "Disclosure-2022-01-10"
                    }
                ]
            },
            {
                "projectName": "oss-fuzz",
                "localId": 39854,
                "sequenceNum": 2,
                "commenter": {
                    "userId": "382749006",
                    "displayName": "ClusterFuzz-External"
                },
                "timestamp": 1634142439,
                "content": "ClusterFuzz testcase 6356175541633024 is verified as fixed in https://oss-fuzz.com/revisions?job=libfuzzer_asan_i386_imagemagick&range=202110110613:202110130610\n\nIf this is incorrect, please file a bug on https://github.com/google/oss-fuzz/issues/new",
                "amendments": [
                    {
                        "fieldName": "Status",
                        "newOrDeltaValue": "Verified",
                        "oldValue": "New"
                    },
                    {
                        "fieldName": "Labels",
                        "newOrDeltaValue": "ClusterFuzz-Verified"
                    }
                ]
            },
            {
                "projectName": "oss-fuzz",
                "localId": 39854,
                "sequenceNum": 3,
                "commenter": {
                    "userId": "1950284618",
                    "displayName": "sheriffbot"
                },
                "timestamp": 1634150588,
                "content": "This bug has been fixed. It has been opened to the public.\n\n- Your friendly Sheriffbot",
                "amendments": [
                    {
                        "fieldName": "Labels",
                        "newOrDeltaValue": "-restrict-view-commit"
                    }
                ]
            }
        ]
    },
    "fix_commit": "c191d5d0da3489fd0ab0640bd4450f4cee122471",
    "repo_addr": "https://github.com/imagemagick/imagemagick"
}