{
    "fix": "https://github.com/imagemagick/imagemagick/commit/ea43d4b023e7b2fdbf8ff6d6fb23e7dd91add4c3",
    "verify": "0",
    "localId": 45640,
    "project": "imagemagick",
    "fuzzer": "honggfuzz",
    "sanitizer": "asan",
    "crash_type": "Heap-buffer-overflow READ 4",
    "severity": "Medium",
    "report": {
        "comments": [
            {
                "projectName": "oss-fuzz",
                "localId": 45640,
                "commenter": {
                    "userId": "382749006",
                    "displayName": "ClusterFuzz-External"
                },
                "timestamp": 1647510397,
                "content": "Detailed Report: https://oss-fuzz.com/testcase?key=5761693056106496\n\nProject: imagemagick\nFuzzing Engine: honggfuzz\nFuzz Target: ping_dcm_fuzzer\nJob Type: honggfuzz_asan_imagemagick\nPlatform Id: linux\n\nCrash Type: Heap-buffer-overflow READ 4\nCrash Address: 0x6020000020b4\nCrash State:\n  ReadDCMImage\n  ReadImage\n  ReadStream\n  \nSanitizer: address (ASAN)\n\nRecommended Security Severity: Medium\n\nRegressed: https://oss-fuzz.com/revisions?job=honggfuzz_asan_imagemagick&range=202201100611:202201110610\n\nReproducer Testcase: https://oss-fuzz.com/download?testcase_id=5761693056106496\n\nIssue filed automatically.\n\nSee https://google.github.io/oss-fuzz/advanced-topics/reproducing for instructions to reproduce this bug locally.\nWhen you fix this bug, please\n  * mention the fix revision(s).\n  * state whether the bug was a short-lived regression or an old bug in any stable releases.\n  * add any other useful information.\nThis information can help downstream consumers.\n\nIf you need to contact the OSS-Fuzz team with a question, concern, or any other feedback, please file an issue at https://github.com/google/oss-fuzz/issues. Comments on individual Monorail issues are not monitored.\n\nThis bug is subject to a 90 day disclosure deadline. If 90 days elapse\nwithout an upstream patch, then the bug report will automatically\nbecome visible to the public.",
                "descriptionNum": 1
            },
            {
                "projectName": "oss-fuzz",
                "localId": 45640,
                "sequenceNum": 1,
                "commenter": {
                    "userId": "1950284618",
                    "displayName": "sheriffbot"
                },
                "timestamp": 1647543280,
                "amendments": [
                    {
                        "fieldName": "Labels",
                        "newOrDeltaValue": "Disclosure-2022-06-15"
                    }
                ]
            },
            {
                "projectName": "oss-fuzz",
                "localId": 45640,
                "sequenceNum": 2,
                "commenter": {
                    "userId": "382749006",
                    "displayName": "ClusterFuzz-External"
                },
                "timestamp": 1647616345,
                "content": "ClusterFuzz testcase 5761693056106496 is verified as fixed in https://oss-fuzz.com/revisions?job=honggfuzz_asan_imagemagick&range=202203160601:202203170612\n\nIf this is incorrect, please file a bug on https://github.com/google/oss-fuzz/issues/new",
                "amendments": [
                    {
                        "fieldName": "Status",
                        "newOrDeltaValue": "Verified",
                        "oldValue": "New"
                    },
                    {
                        "fieldName": "Labels",
                        "newOrDeltaValue": "ClusterFuzz-Verified"
                    }
                ]
            },
            {
                "projectName": "oss-fuzz",
                "localId": 45640,
                "sequenceNum": 3,
                "commenter": {
                    "userId": "1950284618",
                    "displayName": "sheriffbot"
                },
                "timestamp": 1647628953,
                "content": "This bug has been fixed. It has been opened to the public.\n\n- Your friendly Sheriffbot",
                "amendments": [
                    {
                        "fieldName": "Labels",
                        "newOrDeltaValue": "-restrict-view-commit"
                    }
                ]
            }
        ]
    },
    "fix_commit": "ea43d4b023e7b2fdbf8ff6d6fb23e7dd91add4c3",
    "repo_addr": "https://github.com/imagemagick/imagemagick"
}