{
    "fix": "https://github.com/imagemagick/imagemagick/commit/bca2fb87480b0c5ffb57e1da2e73d07f90571c6a",
    "verify": "0",
    "localId": 46981,
    "project": "imagemagick",
    "fuzzer": "honggfuzz",
    "sanitizer": "asan",
    "crash_type": "Heap-use-after-free READ 8",
    "severity": "High",
    "report": {
        "comments": [
            {
                "projectName": "oss-fuzz",
                "localId": 46981,
                "commenter": {
                    "userId": "382749006",
                    "displayName": "ClusterFuzz-External"
                },
                "timestamp": 1650808928,
                "content": "Detailed Report: https://oss-fuzz.com/testcase?key=5822757906022400\n\nProject: imagemagick\nFuzzing Engine: honggfuzz\nFuzz Target: encoder_mng_fuzzer\nJob Type: honggfuzz_asan_imagemagick\nPlatform Id: linux\n\nCrash Type: Heap-use-after-free READ 8\nCrash Address: 0x627000527550\nCrash State:\n  CloseBlob\n  ReadOneMNGImage\n  ReadMNGImage\n  \nSanitizer: address (ASAN)\n\nRecommended Security Severity: High\n\nRegressed: https://oss-fuzz.com/revisions?job=honggfuzz_asan_imagemagick&range=202204230612:202204240608\n\nReproducer Testcase: https://oss-fuzz.com/download?testcase_id=5822757906022400\n\nIssue filed automatically.\n\nSee https://google.github.io/oss-fuzz/advanced-topics/reproducing for instructions to reproduce this bug locally.\nWhen you fix this bug, please\n  * mention the fix revision(s).\n  * state whether the bug was a short-lived regression or an old bug in any stable releases.\n  * add any other useful information.\nThis information can help downstream consumers.\n\nIf you need to contact the OSS-Fuzz team with a question, concern, or any other feedback, please file an issue at https://github.com/google/oss-fuzz/issues. Comments on individual Monorail issues are not monitored.\n\nThis bug is subject to a 90 day disclosure deadline. If 90 days elapse\nwithout an upstream patch, then the bug report will automatically\nbecome visible to the public.",
                "descriptionNum": 1
            },
            {
                "projectName": "oss-fuzz",
                "localId": 46981,
                "sequenceNum": 1,
                "commenter": {
                    "userId": "1950284618",
                    "displayName": "sheriffbot"
                },
                "timestamp": 1650826393,
                "amendments": [
                    {
                        "fieldName": "Labels",
                        "newOrDeltaValue": "Disclosure-2022-07-25"
                    }
                ]
            },
            {
                "projectName": "oss-fuzz",
                "localId": 46981,
                "sequenceNum": 2,
                "commenter": {
                    "userId": "382749006",
                    "displayName": "ClusterFuzz-External"
                },
                "timestamp": 1651074449,
                "content": "ClusterFuzz testcase 5822757906022400 is verified as fixed in https://oss-fuzz.com/revisions?job=honggfuzz_asan_imagemagick&range=202204260601:202204270601\n\nIf this is incorrect, please file a bug on https://github.com/google/oss-fuzz/issues/new",
                "amendments": [
                    {
                        "fieldName": "Status",
                        "newOrDeltaValue": "Verified",
                        "oldValue": "New"
                    },
                    {
                        "fieldName": "Labels",
                        "newOrDeltaValue": "ClusterFuzz-Verified"
                    }
                ]
            },
            {
                "projectName": "oss-fuzz",
                "localId": 46981,
                "sequenceNum": 3,
                "commenter": {
                    "userId": "1950284618",
                    "displayName": "sheriffbot"
                },
                "timestamp": 1651085064,
                "content": "This bug has been fixed. It has been opened to the public.\n\n- Your friendly Sheriffbot",
                "amendments": [
                    {
                        "fieldName": "Labels",
                        "newOrDeltaValue": "-restrict-view-commit"
                    }
                ]
            }
        ]
    },
    "fix_commit": [
        "878a66722cc85a1b45da45e44a0ba187ac41ba64",
        "2540c48a6a04c14ede0e4cf87c01a4dd2b862a5d",
        "7ba113a0d26b6d2b008ce0fcf428050a84e5a0ac",
        "c942d5341c64124b7e10d85f1dc66c668d926a10",
        "6b6e7f3cedf498b96539a52631b1e0856002eb7d",
        "9dfee98d7db512005b81ea419d57f3b4a5107986",
        "3e445a0deee2c083df33f77932f92a3a04e674e6",
        "09ab692eeafa266bca06b62f0e366709bb42d56e",
        "d13f844162c4978eff849d16d534d79c420237bd",
        "b056cecdc0de98e015ad0dc3505561b96efa6410",
        "0433d6e98008003e915bbcda4f29f00ffbe2a59d",
        "267a89135c30f147e4f6c7e35c12d1f0c065e1f8",
        "bf925e68e11d1a86caeefdba0144c9ded39adf86",
        "c4c031b83ef583a519bfd38ace4f4cb3350f1a2c",
        "bca2fb87480b0c5ffb57e1da2e73d07f90571c6a"
    ],
    "repo_addr": "https://github.com/imagemagick/imagemagick"
}