{
    "fix": "https://github.com/imagemagick/imagemagick/commit/1f55115e43f7276a6d91bd4408dd4a6ef45d6be5",
    "verify": "0",
    "localId": 5458,
    "project": "imagemagick",
    "fuzzer": "libfuzzer",
    "sanitizer": "asan",
    "crash_type": "Heap-buffer-overflow READ 1",
    "severity": "Medium",
    "report": {
        "comments": [
            {
                "localId": 5458,
                "descriptionNum": 1,
                "projectName": "oss-fuzz",
                "commenter": {
                    "displayName": "ClusterFuzz-External",
                    "userId": "382749006"
                },
                "content": "Detailed report: https://oss-fuzz.com/testcase?key=6133443525083136\n\nProject: imagemagick\nFuzzer: libFuzzer_imagemagick_encoder_epsi_fuzzer\nFuzz target binary: encoder_epsi_fuzzer\nJob Type: libfuzzer_asan_imagemagick\nPlatform Id: linux\n\nCrash Type: Heap-buffer-overflow READ 1\nCrash Address: 0x6020000056d6\nCrash State:\n  ParseEntities\n  ParseInternalDoctype\n  GetXMPProperty\n  \nSanitizer: address (ASAN)\n\nRecommended Security Severity: Medium\n\nRegressed: https://oss-fuzz.com/revisions?job=libfuzzer_asan_imagemagick&range=201801130553:201801150014\n\nReproducer Testcase: https://oss-fuzz.com/download?testcase_id=6133443525083136\n\nIssue filed automatically.\n\nSee https://github.com/google/oss-fuzz/blob/master/docs/reproducing.md for more information.\n\nThis bug is subject to a 90 day disclosure deadline. If 90 days elapse\nwithout an upstream patch, then the bug report will automatically\nbecome visible to the public.\n\nWhen you fix this bug, please\n  * mention the fix revision(s).\n  * state whether the bug was a short-lived regression or an old bug in any stable releases.\n  * add any other useful information.\nThis information can help downstream consumers.\n\nIf you have questions for the OSS-Fuzz team, please file an issue at https://github.com/google/oss-fuzz/issues.",
                "timestamp": 1516208857
            },
            {
                "amendments": [
                    {
                        "fieldName": "Labels",
                        "newOrDeltaValue": "OS-Linux"
                    }
                ],
                "localId": 5458,
                "projectName": "oss-fuzz",
                "commenter": {
                    "displayName": "ClusterFuzz-External",
                    "userId": "382749006"
                },
                "sequenceNum": 1,
                "timestamp": 1516209408
            },
            {
                "amendments": [
                    {
                        "fieldName": "Cc",
                        "newOrDeltaValue": "urban...@imagemagick.org"
                    }
                ],
                "localId": 5458,
                "projectName": "oss-fuzz",
                "commenter": {
                    "displayName": "ClusterFuzz-External",
                    "userId": "382749006"
                },
                "sequenceNum": 2,
                "timestamp": 1516307906
            },
            {
                "amendments": [
                    {
                        "fieldName": "Cc",
                        "newOrDeltaValue": "urban...@gmail.com"
                    }
                ],
                "localId": 5458,
                "projectName": "oss-fuzz",
                "commenter": {
                    "displayName": "ClusterFuzz-External",
                    "userId": "382749006"
                },
                "sequenceNum": 3,
                "timestamp": 1516499008
            },
            {
                "localId": 5458,
                "projectName": "oss-fuzz",
                "commenter": {
                    "displayName": "ClusterFuzz-External",
                    "userId": "382749006"
                },
                "content": "ClusterFuzz has detected this issue as fixed in range 201801200543:201801210542.\n\nDetailed report: https://oss-fuzz.com/testcase?key=6133443525083136\n\nProject: imagemagick\nFuzzer: libFuzzer_imagemagick_encoder_epsi_fuzzer\nFuzz target binary: encoder_epsi_fuzzer\nJob Type: libfuzzer_asan_imagemagick\nPlatform Id: linux\n\nCrash Type: Heap-buffer-overflow READ 1\nCrash Address: 0x6020000056d6\nCrash State:\n  ParseEntities\n  ParseInternalDoctype\n  GetXMPProperty\n  \nSanitizer: address (ASAN)\n\nRecommended Security Severity: Medium\n\nRegressed: https://oss-fuzz.com/revisions?job=libfuzzer_asan_imagemagick&range=201801130553:201801150014\nFixed: https://oss-fuzz.com/revisions?job=libfuzzer_asan_imagemagick&range=201801200543:201801210542\n\nReproducer Testcase: https://oss-fuzz.com/download?testcase_id=6133443525083136\n\nSee https://github.com/google/oss-fuzz/blob/master/docs/reproducing.md for more information.\n\nIf you suspect that the result above is incorrect, try re-doing that job on the test case report page.",
                "sequenceNum": 4,
                "timestamp": 1516521997
            },
            {
                "amendments": [
                    {
                        "fieldName": "Status",
                        "oldValue": "New",
                        "newOrDeltaValue": "Verified"
                    },
                    {
                        "fieldName": "Labels",
                        "newOrDeltaValue": "ClusterFuzz-Verified"
                    }
                ],
                "localId": 5458,
                "projectName": "oss-fuzz",
                "commenter": {
                    "displayName": "ClusterFuzz-External",
                    "userId": "382749006"
                },
                "content": "ClusterFuzz testcase 6133443525083136 is verified as fixed, so closing issue as verified.\n\nIf this is incorrect, please file a bug on https://github.com/google/oss-fuzz/issues/new",
                "sequenceNum": 5,
                "timestamp": 1516522278
            },
            {
                "amendments": [
                    {
                        "fieldName": "Labels",
                        "newOrDeltaValue": "-restrict-view-commit"
                    }
                ],
                "localId": 5458,
                "projectName": "oss-fuzz",
                "commenter": {
                    "displayName": "sheriffbot@chromium.org",
                    "userId": "4164592774"
                },
                "content": "This bug has been fixed for 30 days. It has been opened to the public.\n\n- Your friendly Sheriffbot",
                "sequenceNum": 6,
                "timestamp": 1519143713
            }
        ]
    },
    "fix_commit": "1f55115e43f7276a6d91bd4408dd4a6ef45d6be5",
    "repo_addr": "https://github.com/imagemagick/imagemagick"
}