{
    "fix": "https://github.com/imagemagick/imagemagick/commit/147814adf1c657f647ee7e73027dbedde5ac2467",
    "verify": "0",
    "localId": 5534,
    "project": "imagemagick",
    "fuzzer": "libfuzzer",
    "sanitizer": "asan",
    "crash_type": "Heap-use-after-free READ 8",
    "severity": "High",
    "report": {
        "comments": [
            {
                "localId": 5534,
                "descriptionNum": 1,
                "projectName": "oss-fuzz",
                "commenter": {
                    "displayName": "ClusterFuzz-External",
                    "userId": "382749006"
                },
                "content": "Detailed report: https://oss-fuzz.com/testcase?key=4547399008649216\n\nProject: imagemagick\nFuzzer: libFuzzer_imagemagick_encoder_epsi_fuzzer\nFuzz target binary: encoder_epsi_fuzzer\nJob Type: libfuzzer_asan_imagemagick\nPlatform Id: linux\n\nCrash Type: Heap-use-after-free READ 8\nCrash Address: 0x607000001830\nCrash State:\n  DestroyXMLTreeAttributes\n  DestroyXMLTree\n  DestroyXMLTreeChild\n  \nSanitizer: address (ASAN)\n\nRecommended Security Severity: High\n\nRegressed: https://oss-fuzz.com/revisions?job=libfuzzer_asan_imagemagick&range=201801200543:201801210542\n\nReproducer Testcase: https://oss-fuzz.com/download?testcase_id=4547399008649216\n\nIssue filed automatically.\n\nSee https://github.com/google/oss-fuzz/blob/master/docs/reproducing.md for more information.\n\nThis bug is subject to a 90 day disclosure deadline. If 90 days elapse\nwithout an upstream patch, then the bug report will automatically\nbecome visible to the public.\n\nWhen you fix this bug, please\n  * mention the fix revision(s).\n  * state whether the bug was a short-lived regression or an old bug in any stable releases.\n  * add any other useful information.\nThis information can help downstream consumers.\n\nIf you have questions for the OSS-Fuzz team, please file an issue at https://github.com/google/oss-fuzz/issues.",
                "timestamp": 1516516419
            },
            {
                "amendments": [
                    {
                        "fieldName": "Labels",
                        "newOrDeltaValue": "OS-Linux"
                    }
                ],
                "localId": 5534,
                "projectName": "oss-fuzz",
                "commenter": {
                    "displayName": "ClusterFuzz-External",
                    "userId": "382749006"
                },
                "sequenceNum": 1,
                "timestamp": 1516516609
            },
            {
                "localId": 5534,
                "projectName": "oss-fuzz",
                "commenter": {
                    "displayName": "ClusterFuzz-External",
                    "userId": "382749006"
                },
                "content": "ClusterFuzz has detected this issue as fixed in range 201801210542:201801220543.\n\nDetailed report: https://oss-fuzz.com/testcase?key=4547399008649216\n\nProject: imagemagick\nFuzzer: libFuzzer_imagemagick_encoder_epsi_fuzzer\nFuzz target binary: encoder_epsi_fuzzer\nJob Type: libfuzzer_asan_imagemagick\nPlatform Id: linux\n\nCrash Type: Heap-use-after-free READ 8\nCrash Address: 0x607000001830\nCrash State:\n  DestroyXMLTreeAttributes\n  DestroyXMLTree\n  DestroyXMLTreeChild\n  \nSanitizer: address (ASAN)\n\nRecommended Security Severity: High\n\nRegressed: https://oss-fuzz.com/revisions?job=libfuzzer_asan_imagemagick&range=201801200543:201801210542\nFixed: https://oss-fuzz.com/revisions?job=libfuzzer_asan_imagemagick&range=201801210542:201801220543\n\nReproducer Testcase: https://oss-fuzz.com/download?testcase_id=4547399008649216\n\nSee https://github.com/google/oss-fuzz/blob/master/docs/reproducing.md for more information.\n\nIf you suspect that the result above is incorrect, try re-doing that job on the test case report page.",
                "sequenceNum": 2,
                "timestamp": 1516608388
            },
            {
                "amendments": [
                    {
                        "fieldName": "Status",
                        "oldValue": "New",
                        "newOrDeltaValue": "Verified"
                    },
                    {
                        "fieldName": "Labels",
                        "newOrDeltaValue": "ClusterFuzz-Verified"
                    }
                ],
                "localId": 5534,
                "projectName": "oss-fuzz",
                "commenter": {
                    "displayName": "ClusterFuzz-External",
                    "userId": "382749006"
                },
                "content": "ClusterFuzz testcase 4547399008649216 is verified as fixed, so closing issue as verified.\n\nIf this is incorrect, please file a bug on https://github.com/google/oss-fuzz/issues/new",
                "sequenceNum": 3,
                "timestamp": 1516608634
            },
            {
                "amendments": [
                    {
                        "fieldName": "Labels",
                        "newOrDeltaValue": "-restrict-view-commit"
                    }
                ],
                "localId": 5534,
                "projectName": "oss-fuzz",
                "commenter": {
                    "displayName": "sheriffbot@chromium.org",
                    "userId": "4164592774"
                },
                "content": "This bug has been fixed for 30 days. It has been opened to the public.\n\n- Your friendly Sheriffbot",
                "sequenceNum": 4,
                "timestamp": 1519230090
            },
            {
                "amendments": [
                    {
                        "fieldName": "Labels",
                        "newOrDeltaValue": "Security_Severity-High"
                    }
                ],
                "localId": 5534,
                "projectName": "oss-fuzz",
                "commenter": {
                    "displayName": "metzman@chromium.org",
                    "userId": "2965673606"
                },
                "sequenceNum": 5,
                "timestamp": 1551718568
            }
        ]
    },
    "fix_commit": "147814adf1c657f647ee7e73027dbedde5ac2467",
    "repo_addr": "https://github.com/imagemagick/imagemagick"
}