{
    "fix": "https://github.com/imagemagick/imagemagick/commit/07e656c7089f3b3ae30a71a042fb903c83e077b6",
    "verify": "0",
    "localId": 6032,
    "project": "imagemagick",
    "fuzzer": "libfuzzer",
    "sanitizer": "asan",
    "crash_type": "Stack-buffer-overflow READ {*}",
    "severity": "Medium",
    "report": {
        "comments": [
            {
                "projectName": "oss-fuzz",
                "localId": 6032,
                "commenter": {
                    "userId": "382749006",
                    "displayName": "ClusterFuzz-External"
                },
                "timestamp": 1517873878,
                "content": "Detailed report: https://oss-fuzz.com/testcase?key=5936741555896320\n\nProject: imagemagick\nFuzzer: libFuzzer_imagemagick_encoder_hdr_fuzzer\nFuzz target binary: encoder_hdr_fuzzer\nJob Type: libfuzzer_asan_imagemagick\nPlatform Id: linux\n\nCrash Type: Stack-buffer-overflow READ {*}\nCrash Address: 0x7fb945bc4820\nCrash State:\n  WriteBlob\n  WriteHDRImage\n  WriteImage\n  \nSanitizer: address (ASAN)\n\nRecommended Security Severity: Medium\n\nRegressed: https://oss-fuzz.com/revisions?job=libfuzzer_asan_imagemagick&range=201801130553:201801150014\n\nReproducer Testcase: https://oss-fuzz.com/download?testcase_id=5936741555896320\n\nIssue filed automatically.\n\nSee https://github.com/google/oss-fuzz/blob/master/docs/reproducing.md for more information.\n\nThis bug is subject to a 90 day disclosure deadline. If 90 days elapse\nwithout an upstream patch, then the bug report will automatically\nbecome visible to the public.\n\nWhen you fix this bug, please\n  * mention the fix revision(s).\n  * state whether the bug was a short-lived regression or an old bug in any stable releases.\n  * add any other useful information.\nThis information can help downstream consumers.\n\nIf you have questions for the OSS-Fuzz team, please file an issue at https://github.com/google/oss-fuzz/issues.",
                "descriptionNum": 1
            },
            {
                "projectName": "oss-fuzz",
                "localId": 6032,
                "sequenceNum": 1,
                "commenter": {
                    "userId": "382749006",
                    "displayName": "ClusterFuzz-External"
                },
                "timestamp": 1517874058,
                "amendments": [
                    {
                        "fieldName": "Labels",
                        "newOrDeltaValue": "OS-Linux"
                    }
                ]
            },
            {
                "projectName": "oss-fuzz",
                "localId": 6032,
                "sequenceNum": 2,
                "commenter": {
                    "userId": "382749006",
                    "displayName": "ClusterFuzz-External"
                },
                "timestamp": 1517904618,
                "content": "ClusterFuzz has detected this issue as fixed in range 201802050656:201802060620.\n\nDetailed report: https://oss-fuzz.com/testcase?key=5936741555896320\n\nProject: imagemagick\nFuzzer: libFuzzer_imagemagick_encoder_hdr_fuzzer\nFuzz target binary: encoder_hdr_fuzzer\nJob Type: libfuzzer_asan_imagemagick\nPlatform Id: linux\n\nCrash Type: Stack-buffer-overflow READ {*}\nCrash Address: 0x7fb945bc4820\nCrash State:\n  WriteBlob\n  WriteHDRImage\n  WriteImage\n  \nSanitizer: address (ASAN)\n\nRecommended Security Severity: Medium\n\nRegressed: https://oss-fuzz.com/revisions?job=libfuzzer_asan_imagemagick&range=201801130553:201801150014\nFixed: https://oss-fuzz.com/revisions?job=libfuzzer_asan_imagemagick&range=201802050656:201802060620\n\nReproducer Testcase: https://oss-fuzz.com/download?testcase_id=5936741555896320\n\nSee https://github.com/google/oss-fuzz/blob/master/docs/reproducing.md for more information.\n\nIf you suspect that the result above is incorrect, try re-doing that job on the test case report page."
            },
            {
                "projectName": "oss-fuzz",
                "localId": 6032,
                "sequenceNum": 3,
                "commenter": {
                    "userId": "382749006",
                    "displayName": "ClusterFuzz-External"
                },
                "timestamp": 1517904844,
                "content": "ClusterFuzz testcase 5936741555896320 is verified as fixed, so closing issue as verified.\n\nIf this is incorrect, please file a bug on https://github.com/google/oss-fuzz/issues/new",
                "amendments": [
                    {
                        "fieldName": "Status",
                        "newOrDeltaValue": "Verified",
                        "oldValue": "New"
                    },
                    {
                        "fieldName": "Labels",
                        "newOrDeltaValue": "ClusterFuzz-Verified"
                    }
                ]
            },
            {
                "projectName": "oss-fuzz",
                "localId": 6032,
                "sequenceNum": 4,
                "commenter": {
                    "userId": "4164592774",
                    "displayName": "sheriffbot@chromium.org"
                },
                "timestamp": 1520526122,
                "content": "This bug has been fixed for 30 days. It has been opened to the public.\n\n- Your friendly Sheriffbot",
                "amendments": [
                    {
                        "fieldName": "Labels",
                        "newOrDeltaValue": "-restrict-view-commit"
                    }
                ]
            }
        ]
    },
    "fix_commit": "07e656c7089f3b3ae30a71a042fb903c83e077b6",
    "repo_addr": "https://github.com/imagemagick/imagemagick"
}