{
    "fix": "https://github.com/imagemagick/imagemagick/commit/b56a48eb78a10063c308120302f2496db6488369",
    "verify": "0",
    "localId": 62825,
    "project": "imagemagick",
    "fuzzer": "libfuzzer",
    "sanitizer": "asan",
    "crash_type": "Heap-buffer-overflow READ 1",
    "severity": "Medium",
    "report": {
        "comments": [
            {
                "projectName": "oss-fuzz",
                "localId": 62825,
                "commenter": {
                    "userId": "382749006",
                    "displayName": "ClusterFuzz-External"
                },
                "timestamp": 1696064892,
                "content": "Detailed Report: https://oss-fuzz.com/testcase?key=4688863555354624\n\nProject: imagemagick\nFuzzing Engine: libFuzzer\nFuzz Target: encoder_heic_fuzzer\nJob Type: libfuzzer_asan_imagemagick\nPlatform Id: linux\n\nCrash Type: Heap-buffer-overflow READ 1\nCrash Address: 0x60f000000591\nCrash State:\n  jpegNUMBER_get_SIZ_segment\n  HeifFile::get_luma_bits_per_pixel_from_configuration\n  HeifContext::Image::get_luma_bits_per_pixel\n  \nSanitizer: address (ASAN)\n\nRecommended Security Severity: Medium\n\nRegressed: https://oss-fuzz.com/revisions?job=libfuzzer_asan_imagemagick&range=202307230626:202307240627\n\nReproducer Testcase: https://oss-fuzz.com/download?testcase_id=4688863555354624\n\nIssue filed automatically.\n\nSee https://google.github.io/oss-fuzz/advanced-topics/reproducing for instructions to reproduce this bug locally.\nWhen you fix this bug, please\n  * mention the fix revision(s).\n  * state whether the bug was a short-lived regression or an old bug in any stable releases.\n  * add any other useful information.\nThis information can help downstream consumers.\n\nIf you need to contact the OSS-Fuzz team with a question, concern, or any other feedback, please file an issue at https://github.com/google/oss-fuzz/issues. Comments on individual Monorail issues are not monitored.\n\nThis bug is subject to a 90 day disclosure deadline. If 90 days elapse\nwithout an upstream patch, then the bug report will automatically\nbecome visible to the public.",
                "descriptionNum": 1
            },
            {
                "projectName": "oss-fuzz",
                "localId": 62825,
                "sequenceNum": 1,
                "commenter": {
                    "userId": "1950284618",
                    "displayName": "sheriffbot"
                },
                "timestamp": 1696100857,
                "amendments": [
                    {
                        "fieldName": "Labels",
                        "newOrDeltaValue": "Disclosure-2023-12-29"
                    }
                ]
            },
            {
                "projectName": "oss-fuzz",
                "localId": 62825,
                "sequenceNum": 2,
                "commenter": {
                    "userId": "382749006",
                    "displayName": "ClusterFuzz-External"
                },
                "timestamp": 1696581086,
                "content": "ClusterFuzz testcase 4688863555354624 is verified as fixed in https://oss-fuzz.com/revisions?job=libfuzzer_asan_imagemagick&range=202310040608:202310050617\n\nIf this is incorrect, please file a bug on https://github.com/google/oss-fuzz/issues/new",
                "amendments": [
                    {
                        "fieldName": "Status",
                        "newOrDeltaValue": "Verified",
                        "oldValue": "New"
                    },
                    {
                        "fieldName": "Labels",
                        "newOrDeltaValue": "ClusterFuzz-Verified"
                    }
                ]
            },
            {
                "projectName": "oss-fuzz",
                "localId": 62825,
                "sequenceNum": 3,
                "commenter": {
                    "userId": "1950284618",
                    "displayName": "sheriffbot"
                },
                "timestamp": 1696619183,
                "content": "This bug has been fixed. It has been opened to the public.\n\n- Your friendly Sheriffbot",
                "amendments": [
                    {
                        "fieldName": "Labels",
                        "newOrDeltaValue": "-restrict-view-commit"
                    }
                ]
            }
        ]
    },
    "fix_commit": "b56a48eb78a10063c308120302f2496db6488369",
    "repo_addr": "https://github.com/imagemagick/imagemagick"
}