{
    "fix": "https://github.com/imagemagick/imagemagick/commit/ce7a64e2aa04e000dd12a0ea89a1a430e2f8917b",
    "verify": "0",
    "localId": 63366,
    "project": "imagemagick",
    "fuzzer": "libfuzzer",
    "sanitizer": "asan",
    "crash_type": "Invalid-free",
    "report": {
        "comments": [
            {
                "projectName": "oss-fuzz",
                "localId": 63366,
                "commenter": {
                    "userId": "382749006",
                    "displayName": "ClusterFuzz-External"
                },
                "timestamp": 1697720899,
                "content": "Detailed Report: https://oss-fuzz.com/testcase?key=4735828028686336\n\nProject: imagemagick\nFuzzing Engine: libFuzzer\nFuzz Target: encoder_miff_fuzzer\nJob Type: libfuzzer_asan_imagemagick\nPlatform Id: linux\n\nCrash Type: Invalid-free\nCrash Address: 0x631000000800\nCrash State:\n  RelinquishMagickMemory\n  ImagesToBlob\n  Magick::Image::write\n  \nSanitizer: address (ASAN)\n\nRegressed: https://oss-fuzz.com/revisions?job=libfuzzer_asan_imagemagick&range=202308040621:202308050602\n\nReproducer Testcase: https://oss-fuzz.com/download?testcase_id=4735828028686336\n\nIssue filed automatically.\n\nSee https://google.github.io/oss-fuzz/advanced-topics/reproducing for instructions to reproduce this bug locally.\nWhen you fix this bug, please\n  * mention the fix revision(s).\n  * state whether the bug was a short-lived regression or an old bug in any stable releases.\n  * add any other useful information.\nThis information can help downstream consumers.\n\nIf you need to contact the OSS-Fuzz team with a question, concern, or any other feedback, please file an issue at https://github.com/google/oss-fuzz/issues. Comments on individual Monorail issues are not monitored.\n\nThis bug is subject to a 90 day disclosure deadline. If 90 days elapse\nwithout an upstream patch, then the bug report will automatically\nbecome visible to the public.",
                "descriptionNum": 1
            },
            {
                "projectName": "oss-fuzz",
                "localId": 63366,
                "sequenceNum": 1,
                "commenter": {
                    "userId": "1950284618",
                    "displayName": "sheriffbot"
                },
                "timestamp": 1697742357,
                "amendments": [
                    {
                        "fieldName": "Labels",
                        "newOrDeltaValue": "Disclosure-2024-01-17"
                    }
                ]
            },
            {
                "projectName": "oss-fuzz",
                "localId": 63366,
                "sequenceNum": 2,
                "commenter": {
                    "userId": "382749006",
                    "displayName": "ClusterFuzz-External"
                },
                "timestamp": 1697874552,
                "content": "ClusterFuzz testcase 4735828028686336 is verified as fixed in https://oss-fuzz.com/revisions?job=libfuzzer_asan_imagemagick&range=202310190605:202310200606\n\nIf this is incorrect, please file a bug on https://github.com/google/oss-fuzz/issues/new",
                "amendments": [
                    {
                        "fieldName": "Status",
                        "newOrDeltaValue": "Verified",
                        "oldValue": "New"
                    },
                    {
                        "fieldName": "Labels",
                        "newOrDeltaValue": "ClusterFuzz-Verified"
                    }
                ]
            },
            {
                "projectName": "oss-fuzz",
                "localId": 63366,
                "sequenceNum": 3,
                "commenter": {
                    "userId": "1950284618",
                    "displayName": "sheriffbot"
                },
                "timestamp": 1697914442,
                "content": "This bug has been fixed. It has been opened to the public.\n\n- Your friendly Sheriffbot",
                "amendments": [
                    {
                        "fieldName": "Labels",
                        "newOrDeltaValue": "-restrict-view-commit"
                    }
                ]
            }
        ]
    },
    "fix_commit": "ce7a64e2aa04e000dd12a0ea89a1a430e2f8917b",
    "repo_addr": "https://github.com/imagemagick/imagemagick"
}