{
    "fix": "https://github.com/imagemagick/imagemagick/commit/279e7b878d41c362d74a82c0c88f12a94d5d3acd",
    "verify": "0",
    "localId": 6584,
    "project": "imagemagick",
    "fuzzer": "libfuzzer",
    "sanitizer": "asan",
    "crash_type": "Heap-buffer-overflow WRITE 8",
    "severity": "High",
    "report": {
        "comments": [
            {
                "projectName": "oss-fuzz",
                "localId": 6584,
                "commenter": {
                    "userId": "382749006",
                    "displayName": "ClusterFuzz-External"
                },
                "timestamp": 1519721558,
                "content": "Detailed report: https://oss-fuzz.com/testcase?key=5731419616706560\n\nProject: imagemagick\nFuzzer: libFuzzer_imagemagick_encoder_mvg_fuzzer\nFuzz target binary: encoder_mvg_fuzzer\nJob Type: libfuzzer_asan_imagemagick\nPlatform Id: linux\n\nCrash Type: Heap-buffer-overflow WRITE 8\nCrash Address: 0x7fea250febd0\nCrash State:\n  TracePoint\n  TraceBezier\n  TracePath\n  \nSanitizer: address (ASAN)\n\nRecommended Security Severity: High\n\nRegressed: https://oss-fuzz.com/revisions?job=libfuzzer_asan_imagemagick&range=201802210530:201802220537\n\nReproducer Testcase: https://oss-fuzz.com/download?testcase_id=5731419616706560\n\nIssue filed automatically.\n\nSee https://github.com/google/oss-fuzz/blob/master/docs/reproducing.md for more information.\n\nThis bug is subject to a 90 day disclosure deadline. If 90 days elapse\nwithout an upstream patch, then the bug report will automatically\nbecome visible to the public.\n\nWhen you fix this bug, please\n  * mention the fix revision(s).\n  * state whether the bug was a short-lived regression or an old bug in any stable releases.\n  * add any other useful information.\nThis information can help downstream consumers.\n\nIf you have questions for the OSS-Fuzz team, please file an issue at https://github.com/google/oss-fuzz/issues.",
                "descriptionNum": 1
            },
            {
                "projectName": "oss-fuzz",
                "localId": 6584,
                "sequenceNum": 1,
                "commenter": {
                    "userId": "382749006",
                    "displayName": "ClusterFuzz-External"
                },
                "timestamp": 1519721644,
                "amendments": [
                    {
                        "fieldName": "Labels",
                        "newOrDeltaValue": "OS-Linux"
                    }
                ]
            },
            {
                "projectName": "oss-fuzz",
                "localId": 6584,
                "sequenceNum": 2,
                "commenter": {
                    "userId": "382749006",
                    "displayName": "ClusterFuzz-External"
                },
                "timestamp": 1519805477,
                "content": "ClusterFuzz has detected this issue as fixed in range 201802270538:201802280537.\n\nDetailed report: https://oss-fuzz.com/testcase?key=5731419616706560\n\nProject: imagemagick\nFuzzer: libFuzzer_imagemagick_encoder_mvg_fuzzer\nFuzz target binary: encoder_mvg_fuzzer\nJob Type: libfuzzer_asan_imagemagick\nPlatform Id: linux\n\nCrash Type: Heap-buffer-overflow WRITE 8\nCrash Address: 0x7fea250febd0\nCrash State:\n  TracePoint\n  TraceBezier\n  TracePath\n  \nSanitizer: address (ASAN)\n\nRecommended Security Severity: High\n\nRegressed: https://oss-fuzz.com/revisions?job=libfuzzer_asan_imagemagick&range=201802210530:201802220537\nFixed: https://oss-fuzz.com/revisions?job=libfuzzer_asan_imagemagick&range=201802270538:201802280537\n\nReproducer Testcase: https://oss-fuzz.com/download?testcase_id=5731419616706560\n\nSee https://github.com/google/oss-fuzz/blob/master/docs/reproducing.md for more information.\n\nIf you suspect that the result above is incorrect, try re-doing that job on the test case report page."
            },
            {
                "projectName": "oss-fuzz",
                "localId": 6584,
                "sequenceNum": 3,
                "commenter": {
                    "userId": "382749006",
                    "displayName": "ClusterFuzz-External"
                },
                "timestamp": 1519805573,
                "content": "ClusterFuzz testcase 5731419616706560 is verified as fixed, so closing issue as verified.\n\nIf this is incorrect, please file a bug on https://github.com/google/oss-fuzz/issues/new",
                "amendments": [
                    {
                        "fieldName": "Status",
                        "newOrDeltaValue": "Verified",
                        "oldValue": "New"
                    },
                    {
                        "fieldName": "Labels",
                        "newOrDeltaValue": "ClusterFuzz-Verified"
                    }
                ]
            },
            {
                "projectName": "oss-fuzz",
                "localId": 6584,
                "sequenceNum": 4,
                "commenter": {
                    "userId": "4164592774",
                    "displayName": "sheriffbot@chromium.org"
                },
                "timestamp": 1522423290,
                "content": "This bug has been fixed for 30 days. It has been opened to the public.\n\n- Your friendly Sheriffbot",
                "amendments": [
                    {
                        "fieldName": "Labels",
                        "newOrDeltaValue": "-restrict-view-commit"
                    }
                ]
            },
            {
                "projectName": "oss-fuzz",
                "localId": 6584,
                "sequenceNum": 5,
                "commenter": {
                    "userId": "2965673606",
                    "displayName": "metzman@chromium.org"
                },
                "timestamp": 1551718574,
                "amendments": [
                    {
                        "fieldName": "Labels",
                        "newOrDeltaValue": "Security_Severity-High"
                    }
                ]
            }
        ]
    },
    "fix_commit": "279e7b878d41c362d74a82c0c88f12a94d5d3acd",
    "repo_addr": "https://github.com/imagemagick/imagemagick"
}