{
    "fix": "https://github.com/imagemagick/imagemagick/commit/3c96caf391336735dd15331267694d52a6d3ecd1",
    "verify": "0",
    "localId": 6861,
    "project": "imagemagick",
    "fuzzer": "afl",
    "sanitizer": "asan",
    "crash_type": "Heap-buffer-overflow WRITE 4",
    "severity": "High",
    "report": {
        "comments": [
            {
                "projectName": "oss-fuzz",
                "localId": 6861,
                "commenter": {
                    "userId": "382749006",
                    "displayName": "ClusterFuzz-External"
                },
                "timestamp": 1520857270,
                "content": "Detailed report: https://oss-fuzz.com/testcase?key=5196075649466368\n\nProject: imagemagick\nFuzzer: afl_imagemagick_encoder_mvg_fuzzer\nFuzz target binary: encoder_mvg_fuzzer\nJob Type: afl_asan_imagemagick\nPlatform Id: linux\n\nCrash Type: Heap-buffer-overflow WRITE 4\nCrash Address: 0x6150000009d0\nCrash State:\n  DrawDashPolygon\n  DrawPrimitive\n  DrawImage\n  \nSanitizer: address (ASAN)\n\nRecommended Security Severity: High\n\nRegressed: https://oss-fuzz.com/revisions?job=afl_asan_imagemagick&range=201801130553:201801150014\n\nReproducer Testcase: https://oss-fuzz.com/download?testcase_id=5196075649466368\n\nIssue filed automatically.\n\nSee https://github.com/google/oss-fuzz/blob/master/docs/reproducing.md for more information.\n\nThis bug is subject to a 90 day disclosure deadline. If 90 days elapse\nwithout an upstream patch, then the bug report will automatically\nbecome visible to the public.\n\nWhen you fix this bug, please\n  * mention the fix revision(s).\n  * state whether the bug was a short-lived regression or an old bug in any stable releases.\n  * add any other useful information.\nThis information can help downstream consumers.\n\nIf you have questions for the OSS-Fuzz team, please file an issue at https://github.com/google/oss-fuzz/issues.",
                "descriptionNum": 1
            },
            {
                "projectName": "oss-fuzz",
                "localId": 6861,
                "sequenceNum": 1,
                "commenter": {
                    "userId": "382749006",
                    "displayName": "ClusterFuzz-External"
                },
                "timestamp": 1520857491,
                "amendments": [
                    {
                        "fieldName": "Labels",
                        "newOrDeltaValue": "OS-Linux"
                    }
                ]
            },
            {
                "projectName": "oss-fuzz",
                "localId": 6861,
                "sequenceNum": 2,
                "commenter": {
                    "userId": "382749006",
                    "displayName": "ClusterFuzz-External"
                },
                "timestamp": 1521011096,
                "content": "ClusterFuzz has detected this issue as fixed in range 201803130436:201803140433.\n\nDetailed report: https://oss-fuzz.com/testcase?key=5196075649466368\n\nProject: imagemagick\nFuzzer: afl_imagemagick_encoder_mvg_fuzzer\nFuzz target binary: encoder_mvg_fuzzer\nJob Type: afl_asan_imagemagick\nPlatform Id: linux\n\nCrash Type: Heap-buffer-overflow WRITE 4\nCrash Address: 0x6150000009d0\nCrash State:\n  DrawDashPolygon\n  DrawPrimitive\n  DrawImage\n  \nSanitizer: address (ASAN)\n\nRecommended Security Severity: High\n\nRegressed: https://oss-fuzz.com/revisions?job=afl_asan_imagemagick&range=201801130553:201801150014\nFixed: https://oss-fuzz.com/revisions?job=afl_asan_imagemagick&range=201803130436:201803140433\n\nReproducer Testcase: https://oss-fuzz.com/download?testcase_id=5196075649466368\n\nSee https://github.com/google/oss-fuzz/blob/master/docs/reproducing.md for more information.\n\nIf you suspect that the result above is incorrect, try re-doing that job on the test case report page."
            },
            {
                "projectName": "oss-fuzz",
                "localId": 6861,
                "sequenceNum": 3,
                "commenter": {
                    "userId": "382749006",
                    "displayName": "ClusterFuzz-External"
                },
                "timestamp": 1521011351,
                "content": "ClusterFuzz testcase 5196075649466368 is verified as fixed, so closing issue as verified.\n\nIf this is incorrect, please file a bug on https://github.com/google/oss-fuzz/issues/new",
                "amendments": [
                    {
                        "fieldName": "Status",
                        "newOrDeltaValue": "Verified",
                        "oldValue": "New"
                    },
                    {
                        "fieldName": "Labels",
                        "newOrDeltaValue": "ClusterFuzz-Verified"
                    }
                ]
            },
            {
                "projectName": "oss-fuzz",
                "localId": 6861,
                "sequenceNum": 4,
                "commenter": {
                    "userId": "4164592774",
                    "displayName": "sheriffbot@chromium.org"
                },
                "timestamp": 1523632957,
                "content": "This bug has been fixed for 30 days. It has been opened to the public.\n\n- Your friendly Sheriffbot",
                "amendments": [
                    {
                        "fieldName": "Labels",
                        "newOrDeltaValue": "-restrict-view-commit"
                    }
                ]
            },
            {
                "projectName": "oss-fuzz",
                "localId": 6861,
                "sequenceNum": 5,
                "commenter": {
                    "userId": "2965673606",
                    "displayName": "metzman@chromium.org"
                },
                "timestamp": 1551718576,
                "amendments": [
                    {
                        "fieldName": "Labels",
                        "newOrDeltaValue": "Security_Severity-High"
                    }
                ]
            }
        ]
    },
    "fix_commit": "3c96caf391336735dd15331267694d52a6d3ecd1",
    "repo_addr": "https://github.com/imagemagick/imagemagick"
}