{
    "fix": "https://github.com/imagemagick/imagemagick/commit/0b2039d9d9b0bb1ad1321bc6c242b0426626bde2",
    "verify": "0",
    "localId": 7902,
    "project": "imagemagick",
    "fuzzer": "afl",
    "sanitizer": "asan",
    "crash_type": "Heap-buffer-overflow WRITE 1",
    "severity": "High",
    "report": {
        "comments": [
            {
                "projectName": "oss-fuzz",
                "localId": 7902,
                "commenter": {
                    "userId": "382749006",
                    "displayName": "ClusterFuzz-External"
                },
                "timestamp": 1524294389,
                "content": "Detailed report: https://oss-fuzz.com/testcase?key=5125740937871360\n\nProject: imagemagick\nFuzzer: afl_imagemagick_encoder_heic_fuzzer\nFuzz target binary: encoder_heic_fuzzer\nJob Type: afl_asan_imagemagick\nPlatform Id: linux\n\nCrash Type: Heap-buffer-overflow WRITE 1\nCrash Address: 0x6020000030d1\nCrash State:\n  decoder_context::process_reference_picture_set\n  decoder_context::process_slice_segment_header\n  decoder_context::read_slice_NAL\n  \nSanitizer: address (ASAN)\n\nRecommended Security Severity: High\n\nRegressed: https://oss-fuzz.com/revisions?job=afl_asan_imagemagick&range=201803230437:201804010434\n\nReproducer Testcase: https://oss-fuzz.com/download?testcase_id=5125740937871360\n\nIssue filed automatically.\n\nSee https://github.com/google/oss-fuzz/blob/master/docs/reproducing.md for more information.\n\nThis bug is subject to a 90 day disclosure deadline. If 90 days elapse\nwithout an upstream patch, then the bug report will automatically\nbecome visible to the public.\n\nWhen you fix this bug, please\n  * mention the fix revision(s).\n  * state whether the bug was a short-lived regression or an old bug in any stable releases.\n  * add any other useful information.\nThis information can help downstream consumers.\n\nIf you need to contact the OSS-Fuzz team with a question, concern, or any other feedback, please file an issue at https://github.com/google/oss-fuzz/issues.",
                "descriptionNum": 1
            },
            {
                "projectName": "oss-fuzz",
                "localId": 7902,
                "sequenceNum": 1,
                "commenter": {
                    "userId": "382749006",
                    "displayName": "ClusterFuzz-External"
                },
                "timestamp": 1524295135,
                "amendments": [
                    {
                        "fieldName": "Labels",
                        "newOrDeltaValue": "OS-Linux"
                    }
                ]
            },
            {
                "projectName": "oss-fuzz",
                "localId": 7902,
                "sequenceNum": 2,
                "commenter": {
                    "userId": "382749006",
                    "displayName": "ClusterFuzz-External"
                },
                "timestamp": 1524914196,
                "content": "ClusterFuzz has detected this issue as fixed in range 201804270440:201804280447.\n\nDetailed report: https://oss-fuzz.com/testcase?key=5125740937871360\n\nProject: imagemagick\nFuzzer: afl_imagemagick_encoder_heic_fuzzer\nFuzz target binary: encoder_heic_fuzzer\nJob Type: afl_asan_imagemagick\nPlatform Id: linux\n\nCrash Type: Heap-buffer-overflow WRITE 1\nCrash Address: 0x6020000030d1\nCrash State:\n  decoder_context::process_reference_picture_set\n  decoder_context::process_slice_segment_header\n  decoder_context::read_slice_NAL\n  \nSanitizer: address (ASAN)\n\nRecommended Security Severity: High\n\nRegressed: https://oss-fuzz.com/revisions?job=afl_asan_imagemagick&range=201803230437:201804010434\nFixed: https://oss-fuzz.com/revisions?job=afl_asan_imagemagick&range=201804270440:201804280447\n\nReproducer Testcase: https://oss-fuzz.com/download?testcase_id=5125740937871360\n\nSee https://github.com/google/oss-fuzz/blob/master/docs/reproducing.md for more information.\n\nIf you suspect that the result above is incorrect, try re-doing that job on the test case report page."
            },
            {
                "projectName": "oss-fuzz",
                "localId": 7902,
                "sequenceNum": 3,
                "commenter": {
                    "userId": "382749006",
                    "displayName": "ClusterFuzz-External"
                },
                "timestamp": 1524914760,
                "content": "ClusterFuzz testcase 5125740937871360 is verified as fixed, so closing issue as verified.\n\nIf this is incorrect, please file a bug on https://github.com/google/oss-fuzz/issues/new",
                "amendments": [
                    {
                        "fieldName": "Status",
                        "newOrDeltaValue": "Verified",
                        "oldValue": "New"
                    },
                    {
                        "fieldName": "Labels",
                        "newOrDeltaValue": "ClusterFuzz-Verified"
                    }
                ]
            },
            {
                "projectName": "oss-fuzz",
                "localId": 7902,
                "sequenceNum": 4,
                "commenter": {
                    "userId": "4164592774",
                    "displayName": "sheriffbot@chromium.org"
                },
                "timestamp": 1527520840,
                "content": "This bug has been fixed for 30 days. It has been opened to the public.\n\n- Your friendly Sheriffbot",
                "amendments": [
                    {
                        "fieldName": "Labels",
                        "newOrDeltaValue": "-restrict-view-commit"
                    }
                ]
            },
            {
                "projectName": "oss-fuzz",
                "localId": 7902,
                "sequenceNum": 5,
                "commenter": {
                    "userId": "2965673606",
                    "displayName": "metzman@chromium.org"
                },
                "timestamp": 1551718583,
                "amendments": [
                    {
                        "fieldName": "Labels",
                        "newOrDeltaValue": "Security_Severity-High"
                    }
                ]
            }
        ]
    },
    "fix_commit": [
        "3453b1d7c7aaf064e9daa402e5b0f20c3b0d64b5",
        "7bfea7ee65f8626414a1e4651a41caa1a4728d63",
        "2964aa982523f073e8a7487e77828402f5cad68f",
        "108e8071e7ccd026e396d66afcf782b895a1e6b8",
        "ff8a7f29a646964deb2c3722fb2c3aacc522dd14",
        "31fa9d577740b83f3cde75197d01854d7bc06528",
        "b0991bfcbaf683f424ab047b556cd19ddc944dfe",
        "7b320fa9ded6335028e26c75509792b122b5b2ba",
        "44100bd645d526400cb8f96c90a92ab8aa6f5e02",
        "fce8b49bcca6afbd9a3cdf8db4ab119de2e68bb5",
        "b2e101287244ff230f5906f54cd9424acb1442eb",
        "4b933884548862ba82fdef73a54f929ca8fad6c3",
        "6e9e67bfe3783c3516918441f2a123e68cd2d8bb",
        "79ee4b96b5dbb8785bec26e0162600268aa095b6",
        "c59a816a284050e6373f634199c35790e9deadad",
        "34dea01ea600fcdbae50124d5ee527eca536f11c",
        "b9d4bd329845f610badd79a191df1d484e29a6d9",
        "adbf6b139f45cfe8ec9985f1b9813bc3de2e86cf",
        "e73d7ae0f0b5fb24e024a02de03485de728f8e5a",
        "989933ca31e89f4690041652503d1abbd1fbbcbf",
        "4588138229f0bcdd77b2e37157039de0082a70c1",
        "45c32de9a65d39d6c35b416eda5b7ea353fa3d6d",
        "03c77f1e9fb9cac598744333b352e27d140515c3",
        "a8aa78d2449652f0252d040c5e4970adde24d8ed",
        "72aad04e193d9f6330b69fd3e167fa49cfce0ae3",
        "6c4748455f5554c0941909fa9b4940354715a7b6",
        "6c5d143a4ab7e2d6e338b0e000ae7b1a7d77d322",
        "9e3572db31f5e41a3b95583e71851132f5cf20ab",
        "64e258cd746b0eefaa97d01ed034e3a29282a0f5",
        "aa2dc81f30479e4a57958b36248720404ae83b72",
        "01fbfea29a12a392d4074d9c3a626ae691b370da",
        "1697f5e06a87d52714354c783cebf63a8836a949",
        "05bc2b62f1efcd8964d68d0adc5fd8f299b4c722",
        "e11e0ddb01727f73e96f1c7d97333170f3c5cd88",
        "ac92b9d384c68a1160a0f1b8222eea4a121970ca",
        "1d7d2b1bd273b391a7afff4469b07699846137ef",
        "635ce8f8837aecdbd86fb315dd9b2c7fa72353c9",
        "9e254181b1f2aed000d1de83d00f4adbdde054a3",
        "9c2ff6e0f3b541273796416615d32305e6a98809",
        "ab6eae6ead64b71db4a59c1f1ef2eb3e3893ec4d",
        "8a6acf4f01bec0fb087c5f3de35d34a6ae56717c",
        "9458bc3a338cfe165f634aa7b4eef64d450d8b27",
        "358d2a3262721114166fa844af3a478eecadd195",
        "fb0b79d7df6e839d81397f24ada6763e4de39581",
        "6d42a8452b005b6f94b6d70843aa4da2ef398a0f",
        "909744ca7d586395af3e5c68dd98030d1f9dd392",
        "79efedae509b76ebcf86fc1afcdbb48bfcff1966",
        "c45b2bb46c2fa667c9c5a8e00f8278feadfe19ca",
        "b766d280380d5445046232cbb437393949936e5b",
        "bef3f2475cd8bbc1bda25699ff94e18c938a8e84",
        "01a9b05da9c09e91803169f8602059bfdea097d3",
        "92875256f874eda3a30f23fee101a93eb829fcb2",
        "9abb3f9c137d3b0186f496276c0ec979411e8b6f",
        "2b128e64ba31d0863dd2b7d3008b027a155b60d8",
        "fe8173e2da6f3be9eec41548c7fad34df6bec12d",
        "a971941b7cab4b90f32be256975cb03a7dbdf7ee",
        "f5d1a9c8e581e955a9e01abd92d3642d512a278e",
        "dd010d453c957320a4cf947ca9539908267b9040",
        "54d633d32b262e391902b21f1b9185031bdc5ef5",
        "430aec5d678f36c032ea54a10b4a2e31dce08f98",
        "ab0c87a00474c9968a2d632852ab98d35857882c",
        "aa1fac9ec34f93957abc58f9f466b799b7e0f37d",
        "416a5756be8188c12fecd529a712fd9a7b78259c",
        "d949a3258bdb9b7f363f7739761352d222c840be",
        "a52c67b76b30d54357a5184d35c577a8d8a35bd9",
        "513b2f0406b99534d08fa228cfa10389784b3b59",
        "4c52a8adc4d9a0f03d501021b3f751f5f02fe62e",
        "4b59bf5c8277c93dec0a3eab6ce30b00237adf0d",
        "9ad2c75b99c9247dc00d859fc0bc9d25e1caccd8",
        "6a6736f732298c7234208c154fa6625896249759",
        "1f859c0b8f3ad1c9c4a530353e75856c34e08d98",
        "66ab1b999f144edd68b9e6467132bfe18903dddc",
        "7e662c07c762dc8a0ee653f0fc5f36a10499ed0e",
        "ef4d021ea94df2c7f53baffdf6667af54fc27401",
        "45dc6cd6d70a25c1bedf5baa7fce24bb0dfea17c",
        "f0aa22ee0d925181672b3c6ca0c5490d8b90a572",
        "bb78f08ac9b0544eba270172dff5bc1416cb363e",
        "1d69ad385f5bac239b29e71d1c856eabd3ca3fb7",
        "5bf9b58571a0ea930dc2d53028d0491197188e07",
        "7b31cfbe360e2a3119a1a8d5fc46820b8449e08b",
        "1bfa74b3aaeddf60e9eca223d2d05ef2782c36f7",
        "e971a9d9bb7f8b11ba25f95405d085f9aa5ca8bf",
        "2e3e3f1d2a46fec03ee4681391d948edc172855f",
        "b5e2a88aa06ba324822ff26e0192d158279fdc4a",
        "7d1d7967a49fa5b327a435c4a55deef601e6462a",
        "47c7267c7056efcc40a7706777e895a28f798758",
        "d452537a2e9f90a356f5cb893032163dd034577a",
        "2159d37d656512a74fddac61c91407744fde588f",
        "558360c4a27ae652530e3ed72580088f2a0662bb",
        "7ae5ab9ed1fb6b0e450852dacf3cefebaa3764c2",
        "ecb40901a04e59821eca645ea89bdcfdd65e79f1",
        "c7b86e652939f1d67f74a5a031506f0c5386472e",
        "91be6322d572f1d2798ae308d86749a403559171",
        "73c0e9d0818fd6dce4bc891f6fc839ca92455db5",
        "2da06c9474e367804246e7a074fc9b1ed63ab8a8",
        "afae389c8a1ddf3a0e50cd99f46ad00aca08ac63",
        "a54b23732f4c5a3c39e297674e371d4621f5f62d",
        "2403bf1be73904cdb2bdce2c78a8f6541874365f",
        "7462388ac5fce6c5829b3cf1e0e26dc97116fe39",
        "478742b6953d6c182d88bf7d2aacc214f21e1398",
        "23381aa4f35c2d48ce4f29a4ec35fa6615b603e7",
        "d968fccd7b0b9c04f72aa33fd248ae3f21770e0a",
        "ede93428c943928943b042a2b762c60bc80318da",
        "d54b566a6aabb047969f1a00e514936c70153f4d",
        "49a3b72dd9eb126f611f2956134d38bc29af367e",
        "76fdecd663409a50e6a509239f7ced405ecf4a64",
        "c06b745f228d26710d35b0121745f13d4c3a54b4",
        "b96ca06aa9b122b4e28b28c6bf8f47ab691f4f82",
        "e7538ca05d229be42443bb927dbc4c8c8f1fc856",
        "a154a2863ad5fc22ef33640b3b77e9740761062c",
        "e8beb8b307573fa786efa5c07974afa06d4093e2",
        "803c793133aaf56b4da7ff980725a267dca426f7",
        "ff7ae5a416aa7881570b4b9a86d5195a7fa14ad2",
        "019a8ce6bf4292f09fc17f86cf8343e9d55be117",
        "229dced5f9018c341c837bac977b627e2ccad2c3",
        "d3d40ea84eb2a64d8e9116203f681915d034aecf",
        "9c9a1f7d37b3c8de2de0c615edfe36479cf7c43f",
        "0a88fd8aa23b0c81eff9135f597cf32da56157dd",
        "afbc13c07440c04fa0b6ff6ff59d0758245efb76",
        "11f417b49b0ffaa25ac81d80a72db8126626b3ae",
        "4291966fc2ebb42e124e756cf2c31c61d219b8b6",
        "be219943e854d05747e2054c21a968521ead18d0",
        "11a35940657948ad84ac0c50f699ebd7a9b467d7",
        "3065875a976e3df51546d65591c24b65d224cd03",
        "506256cdb5e48435570bbcae81eb8d17de1f7b9f",
        "9fdda6391e38aaad3bfd6a30bd6a72bd31aeee02",
        "684c5d1d5b7091dac726f667c5e6a7046d66850e",
        "d753e0d26ee9f09d84cb295af9f56e38e6cff2b6",
        "6ce4e841075c24817355ccc99c66ce34542f0be9",
        "0d428c9cf4fc06546bce4274dc30ec277f3a0c27",
        "436f1780316eed557087c6fcf83f2713fcdd61f6",
        "cd4a399351d69abbe21c675fb3d38f151a187a63",
        "d8b5d1b112d1df7afc54e79ccdee5fcd2fef83e0",
        "6fbb6e3953ab5399040f46c87a60968eaf29e919",
        "0cada82e5e0805bb8834f8d9440deb0e9bbd890a",
        "74f81b1bbea29826d25c08d851854a6b5080c981",
        "e4a0029e4df9a99c9e46486578eea546d9fa0edb",
        "20bff2f9134cdecd2380b27c0d450e5b59a4a29b",
        "bbc11ff474e67f750d189e43331fbe667c4135cd",
        "c94503e376ab42ec1773665b1c604052831640d3",
        "37deb75212a29902a07cceaf06333edf94489eb5",
        "28e9fc0139a237127573debca8166db43c0dde75",
        "ac2484b43e4ca519682e44158c526ccb1115f825",
        "8781ccf7720ab068e59d3943217c0f56bc004684",
        "4169084c0da0c4afe0d2e1d2087d957cb66f512e",
        "2c30518efdca2d7f7ae5f318e7bec4f49360a888",
        "62e72ac71a670fa7df8d44348931009b3b3f74b2",
        "ee3a5db0f67b1dcacd4e7c91886c1fd51ccccb51",
        "01acd32f8d40268116f0ffd7b8e2fdc5333dc8e1",
        "63434c1d59a91f3494bf66a92d8ecc95f5132156",
        "4a9f1e7fb3ea45dcc70db2319820593373e65e35",
        "d7e3659e6086e3abfafbf8e7efa2480d356c77a2",
        "7a364a7b939af1a1e6074c2375e46dba5d585628",
        "d288ccb7b3e2b6602d1c9b7650afd0afe43f25d6",
        "ae6aaa62bbad8a6249e616d5b5e2452aba643d5a",
        "f968fe3aa34c6d4358d725f72672e709863ee14e",
        "30355b97a24f0ac7e11f3211f1a6828418983f71",
        "e94f50e3d6682dbdb94a490214d582430c75aa3c",
        "2a0763faf3dbe06425417611504119ff5478f8d2",
        "afff7533ba78d940c778ad2ad85191d714966c70",
        "960df68bcfbfeb9571c22408f19a4190c12f59a5",
        "afb0d52e5c33bd9c7b662b3654eae78d5b795f90",
        "3d8bc35a0ec18dc3423a41cf53e31be004886c0d",
        "619b4845a566950d5f6a9c9194a9f5e09fb8d468",
        "08c8e06238fce3fe39eb3a206bd4b34ece705768",
        "859511c029bb8e9ea02037f5672e0fd741abf414",
        "c5873fadfbf2d60d745c1db419a755ee3b530faa",
        "198399d97695f18161d6460f8189566e3d1a9b96",
        "5f717c0ba9740e6b38c2f280c9a2f36ba6e753f9",
        "b36fbbdb02f7858e0284420e15f2c70d375a4700",
        "cec397f663873aca241dbf802c50b2c24adcfc12",
        "4deb2eccf1cdf7c3b1a0786845fe1d990b437ab5",
        "880612a33b00fb0bcd47f6191e9f0d352f86a0b3",
        "c11311cea432dc4ea689b02ebf7e391e4fb4a682",
        "aff15c8b3c923004bebdffb5abc99b4c2c69c3d0",
        "0ccf947aab17e9408f9db741698f1cd3895268fc",
        "bd9808aea4940193cc9989fcbf3d23f5cef9f787",
        "845bd367b2d801c422b7759034d334a5b1d8e009",
        "f69b586275fc4d5b5d7ca62374e085b3865d8ddd",
        "6ace75d5eb60e59e94b176a64c3f19b59ec57135",
        "14ef67ad835cab0e86751dcd03dd61d740b8550f",
        "7c6601daee065e755fa92b6d93799d6c9d5c5c75",
        "a1c46848fb79820f063d3e7ce885f506d53fd59d",
        "4179457e953287f49876efc90af2388fee1933f8",
        "3838afbd50c254342dbaf130c34acb121be95454",
        "53004b14d0e542ef78032750005e39160a38f689",
        "fbecf7ae042ff94900eb4a8723577c4e5bab1feb",
        "eb005622e2827836baaf5efc2239326b8c44060e",
        "e6055577dc6b719fd0b0fe633ae46298bd81e9fb",
        "0b2039d9d9b0bb1ad1321bc6c242b0426626bde2"
    ],
    "repo_addr": "https://github.com/imagemagick/imagemagick"
}