{
    "fix": "https://github.com/imagemagick/imagemagick/commit/5a2310656cc0603e9846251edee593f8da23bcce",
    "verify": "0",
    "localId": 9670,
    "project": "imagemagick",
    "fuzzer": "libfuzzer",
    "sanitizer": "ubsan",
    "crash_type": "Index-out-of-bounds",
    "severity": "Medium",
    "report": {
        "comments": [
            {
                "projectName": "oss-fuzz",
                "localId": 9670,
                "commenter": {
                    "userId": "382749006",
                    "displayName": "ClusterFuzz-External"
                },
                "timestamp": 1533138008,
                "content": "Detailed report: https://oss-fuzz.com/testcase?key=6029065365487616\n\nProject: imagemagick\nFuzzer: libFuzzer_imagemagick_encoder_heic_fuzzer\nFuzz target binary: encoder_heic_fuzzer\nJob Type: libfuzzer_ubsan_imagemagick\nPlatform Id: linux\n\nCrash Type: Index-out-of-bounds\nCrash Address: \nCrash State:\n  decoder_context::has_sps\n  pic_parameter_set::read\n  decoder_context::read_pps_NAL\n  \nSanitizer: undefined (UBSAN)\n\nRecommended Security Severity: Medium\n\nRegressed: https://oss-fuzz.com/revisions?job=libfuzzer_ubsan_imagemagick&range=201806130507:201806152337\n\nReproducer Testcase: https://oss-fuzz.com/download?testcase_id=6029065365487616\n\nIssue filed automatically.\n\nSee https://github.com/google/oss-fuzz/blob/master/docs/reproducing.md for more information.\n\nThis bug is subject to a 90 day disclosure deadline. If 90 days elapse\nwithout an upstream patch, then the bug report will automatically\nbecome visible to the public.\n\nWhen you fix this bug, please\n  * mention the fix revision(s).\n  * state whether the bug was a short-lived regression or an old bug in any stable releases.\n  * add any other useful information.\nThis information can help downstream consumers.\n\nIf you need to contact the OSS-Fuzz team with a question, concern, or any other feedback, please file an issue at https://github.com/google/oss-fuzz/issues.",
                "descriptionNum": 1
            },
            {
                "projectName": "oss-fuzz",
                "localId": 9670,
                "sequenceNum": 1,
                "commenter": {
                    "userId": "382749006",
                    "displayName": "ClusterFuzz-External"
                },
                "timestamp": 1533138559,
                "amendments": [
                    {
                        "fieldName": "Labels",
                        "newOrDeltaValue": "OS-Linux"
                    }
                ]
            },
            {
                "projectName": "oss-fuzz",
                "localId": 9670,
                "sequenceNum": 2,
                "commenter": {
                    "userId": "4164592774",
                    "displayName": "sheriffbot@chromium.org"
                },
                "timestamp": 1540307706,
                "content": "This bug is approaching its deadline for being fixed, and will be automatically derestricted within 7 days. If a fix is planned within 2 weeks after the deadline has passed, a grace extension can be granted.\n\n- Your friendly Sheriffbot",
                "amendments": [
                    {
                        "fieldName": "Labels",
                        "newOrDeltaValue": "Deadline-Approaching"
                    }
                ]
            },
            {
                "projectName": "oss-fuzz",
                "localId": 9670,
                "sequenceNum": 3,
                "commenter": {
                    "userId": "4164592774",
                    "displayName": "sheriffbot@chromium.org"
                },
                "timestamp": 1540912808,
                "content": "This bug has exceeded our disclosure deadline. It has been opened to the public.\n\n- Your friendly Sheriffbot",
                "amendments": [
                    {
                        "fieldName": "Labels",
                        "newOrDeltaValue": "-restrict-view-commit -deadline-approaching Deadline-Exceeded"
                    }
                ]
            },
            {
                "projectName": "oss-fuzz",
                "localId": 9670,
                "sequenceNum": 4,
                "commenter": {
                    "userId": "382749006",
                    "displayName": "ClusterFuzz-External"
                },
                "timestamp": 1543658552,
                "content": "ClusterFuzz testcase 6029065365487616 appears to be flaky, updating reproducibility label.",
                "amendments": [
                    {
                        "fieldName": "Labels",
                        "newOrDeltaValue": "-Reproducible Unreproducible"
                    }
                ]
            },
            {
                "projectName": "oss-fuzz",
                "localId": 9670,
                "sequenceNum": 5,
                "commenter": {
                    "userId": "382749006",
                    "displayName": "ClusterFuzz-External"
                },
                "timestamp": 1543658974,
                "content": "ClusterFuzz testcase 6029065365487616 is flaky and no longer crashes, so closing issue.\n\nIf this is incorrect, please file a bug on https://github.com/google/oss-fuzz/issues/new",
                "amendments": [
                    {
                        "fieldName": "Status",
                        "newOrDeltaValue": "WontFix",
                        "oldValue": "New"
                    }
                ]
            },
            {
                "projectName": "oss-fuzz",
                "localId": 9670,
                "sequenceNum": 6,
                "commenter": {
                    "userId": "3400547136",
                    "displayName": "infe...@chromium.org"
                },
                "timestamp": 1543721163,
                "content": "Please ignore the last comment about testcase being unreproducible. The testcase is still reproducible. This happened due to a code refactoring on ClusterFuzz side, and the underlying root cause is now fixed. Resetting the label back to Reproducible. Sorry about the inconvenience caused from these incorrect notifications.",
                "amendments": [
                    {
                        "fieldName": "Status",
                        "newOrDeltaValue": "New",
                        "oldValue": "WontFix"
                    },
                    {
                        "fieldName": "Labels",
                        "newOrDeltaValue": "-Unreproducible Reproducible"
                    }
                ]
            },
            {
                "projectName": "oss-fuzz",
                "localId": 9670,
                "sequenceNum": 7,
                "commenter": {
                    "userId": "388504672",
                    "displayName": "alex....@gmail.com"
                },
                "timestamp": 1551997070,
                "amendments": [
                    {
                        "fieldName": "Cc",
                        "newOrDeltaValue": "dirk....@gmail.com m...@joachim-bauch.de"
                    }
                ]
            },
            {
                "projectName": "oss-fuzz",
                "localId": 9670,
                "sequenceNum": 8,
                "commenter": {
                    "userId": "382749006",
                    "displayName": "ClusterFuzz-External"
                },
                "timestamp": 1553369692,
                "amendments": [
                    {
                        "fieldName": "Cc",
                        "newOrDeltaValue": "d...@lemstra.org"
                    }
                ]
            },
            {
                "projectName": "oss-fuzz",
                "localId": 9670,
                "sequenceNum": 9,
                "commenter": {
                    "userId": "382749006",
                    "displayName": "ClusterFuzz-External"
                },
                "timestamp": 1554906542,
                "content": "ClusterFuzz has detected this issue as fixed in range 201904090258:201904100010.\n\nDetailed report: https://oss-fuzz.com/testcase?key=6029065365487616\n\nProject: imagemagick\nFuzzer: libFuzzer_imagemagick_encoder_heic_fuzzer\nFuzz target binary: encoder_heic_fuzzer\nJob Type: libfuzzer_ubsan_imagemagick\nPlatform Id: linux\n\nCrash Type: Index-out-of-bounds\nCrash Address: \nCrash State:\n  decoder_context::has_sps\n  pic_parameter_set::read\n  decoder_context::read_pps_NAL\n  \nSanitizer: undefined (UBSAN)\n\nRecommended Security Severity: Medium\n\nRegressed: https://oss-fuzz.com/revisions?job=libfuzzer_ubsan_imagemagick&range=201806130507:201806152337\nFixed: https://oss-fuzz.com/revisions?job=libfuzzer_ubsan_imagemagick&range=201904090258:201904100010\n\nReproducer Testcase: https://oss-fuzz.com/download?testcase_id=6029065365487616\n\nSee https://github.com/google/oss-fuzz/blob/master/docs/reproducing.md for instructions to reproduce this bug locally.\n\nIf you suspect that the result above is incorrect, try re-doing that job on the test case report page."
            },
            {
                "projectName": "oss-fuzz",
                "localId": 9670,
                "sequenceNum": 10,
                "commenter": {
                    "userId": "382749006",
                    "displayName": "ClusterFuzz-External"
                },
                "timestamp": 1554907732,
                "content": "ClusterFuzz testcase 6029065365487616 is verified as fixed, so closing issue as verified.\n\nIf this is incorrect, please file a bug on https://github.com/google/oss-fuzz/issues/new",
                "amendments": [
                    {
                        "fieldName": "Status",
                        "newOrDeltaValue": "Verified",
                        "oldValue": "New"
                    },
                    {
                        "fieldName": "Labels",
                        "newOrDeltaValue": "ClusterFuzz-Verified"
                    }
                ]
            }
        ]
    },
    "fix_commit": "5a2310656cc0603e9846251edee593f8da23bcce",
    "repo_addr": "https://github.com/imagemagick/imagemagick"
}