{
    "fix": "https://github.com/file/file/commit/46df39b68e51fd803d382348c0059fcb2e40b5ef",
    "verify": "0",
    "localId": 38898,
    "project": "file",
    "fuzzer": "honggfuzz",
    "sanitizer": "asan",
    "crash_type": "Heap-buffer-overflow READ {*}",
    "severity": "Medium",
    "report": {
        "comments": [
            {
                "projectName": "oss-fuzz",
                "localId": 38898,
                "commenter": {
                    "userId": "382749006",
                    "displayName": "ClusterFuzz-External"
                },
                "timestamp": 1631898602,
                "content": "Detailed Report: https://oss-fuzz.com/testcase?key=5226450584731648\n\nProject: file\nFuzzing Engine: honggfuzz\nFuzz Target: magic_fuzzer\nJob Type: honggfuzz_asan_file\nPlatform Id: linux\n\nCrash Type: Heap-buffer-overflow READ {*}\nCrash Address: 0x615000000f00\nCrash State:\n  cdf_read_property_info\n  cdf_unpack_summary_info\n  cdf_check_summary_info\n  \nSanitizer: address (ASAN)\n\nRecommended Security Severity: Medium\n\nRegressed: https://oss-fuzz.com/revisions?job=honggfuzz_asan_file&range=202109160601:202109170609\n\nReproducer Testcase: https://oss-fuzz.com/download?testcase_id=5226450584731648\n\nIssue filed automatically.\n\nSee https://google.github.io/oss-fuzz/advanced-topics/reproducing for instructions to reproduce this bug locally.\nWhen you fix this bug, please\n  * mention the fix revision(s).\n  * state whether the bug was a short-lived regression or an old bug in any stable releases.\n  * add any other useful information.\nThis information can help downstream consumers.\n\nIf you need to contact the OSS-Fuzz team with a question, concern, or any other feedback, please file an issue at https://github.com/google/oss-fuzz/issues. Comments on individual Monorail issues are not monitored.\n\nThis bug is subject to a 90 day disclosure deadline. If 90 days elapse\nwithout an upstream patch, then the bug report will automatically\nbecome visible to the public.",
                "descriptionNum": 1
            },
            {
                "projectName": "oss-fuzz",
                "localId": 38898,
                "sequenceNum": 1,
                "commenter": {
                    "userId": "382749006",
                    "displayName": "ClusterFuzz-External"
                },
                "timestamp": 1631902797,
                "content": "This crash occurs very frequently on linux platform and is likely preventing the fuzzer magic_fuzzer from making much progress. Fixing this will allow more bugs to be found.\n\nIf this is incorrect, please file a bug on https://github.com/google/oss-fuzz/issues/new",
                "amendments": [
                    {
                        "fieldName": "Labels",
                        "newOrDeltaValue": "Fuzz-Blocker"
                    }
                ]
            },
            {
                "projectName": "oss-fuzz",
                "localId": 38898,
                "sequenceNum": 2,
                "commenter": {
                    "userId": "1950284618",
                    "displayName": "sheriffbot"
                },
                "timestamp": 1631904880,
                "amendments": [
                    {
                        "fieldName": "Labels",
                        "newOrDeltaValue": "Disclosure-2021-12-16"
                    }
                ]
            },
            {
                "projectName": "oss-fuzz",
                "localId": 38898,
                "sequenceNum": 3,
                "commenter": {
                    "userId": "382749006",
                    "displayName": "ClusterFuzz-External"
                },
                "timestamp": 1631979524,
                "content": "ClusterFuzz testcase 5226450584731648 is verified as fixed in https://oss-fuzz.com/revisions?job=honggfuzz_asan_file&range=202109170609:202109180614\n\nIf this is incorrect, please file a bug on https://github.com/google/oss-fuzz/issues/new",
                "amendments": [
                    {
                        "fieldName": "Status",
                        "newOrDeltaValue": "Verified",
                        "oldValue": "New"
                    },
                    {
                        "fieldName": "Labels",
                        "newOrDeltaValue": "ClusterFuzz-Verified"
                    }
                ]
            },
            {
                "projectName": "oss-fuzz",
                "localId": 38898,
                "sequenceNum": 4,
                "commenter": {
                    "userId": "382749006",
                    "displayName": "ClusterFuzz-External"
                },
                "timestamp": 1631979524,
                "content": "ClusterFuzz testcase 5226450584731648 is verified as fixed in https://oss-fuzz.com/revisions?job=honggfuzz_asan_file&range=202109170609:202109180614\n\nIf this is incorrect, please file a bug on https://github.com/google/oss-fuzz/issues/new",
                "amendments": [
                    {
                        "fieldName": "Status",
                        "newOrDeltaValue": "Verified",
                        "oldValue": "New"
                    },
                    {
                        "fieldName": "Labels",
                        "newOrDeltaValue": "ClusterFuzz-Verified"
                    }
                ]
            },
            {
                "projectName": "oss-fuzz",
                "localId": 38898,
                "sequenceNum": 5,
                "commenter": {
                    "userId": "1950284618",
                    "displayName": "sheriffbot"
                },
                "timestamp": 1631990581,
                "content": "This bug has been fixed. It has been opened to the public.\n\n- Your friendly Sheriffbot",
                "amendments": [
                    {
                        "fieldName": "Labels",
                        "newOrDeltaValue": "-restrict-view-commit"
                    }
                ]
            }
        ]
    },
    "fix_commit": "46df39b68e51fd803d382348c0059fcb2e40b5ef",
    "repo_addr": "https://github.com/file/file.git"
}