{
    "fix": "https://github.com/mdbtools/mdbtools/commit/9b5e5919052c5dff80a3f7301ae520b71571814a",
    "verify": "0",
    "localId": 29328,
    "project": "mdbtools",
    "fuzzer": "afl",
    "sanitizer": "asan",
    "crash_type": "UNKNOWN READ",
    "severity": "High",
    "report": {
        "comments": [
            {
                "projectName": "oss-fuzz",
                "localId": 29328,
                "commenter": {
                    "userId": "382749006",
                    "displayName": "ClusterFuzz-External"
                },
                "timestamp": 1609950099,
                "content": "Detailed Report: https://oss-fuzz.com/testcase?key=4539187680378880\n\nProject: mdbtools\nFuzzing Engine: afl\nFuzz Target: fuzz_mdb\nJob Type: afl_asan_mdbtools\nPlatform Id: linux\n\nCrash Type: UNKNOWN READ\nCrash Address: 0x625100000113\nCrash State:\n  mdb_crack_row3\n  mdb_crack_row\n  mdb_read_row\n  \nSanitizer: address (ASAN)\n\nRecommended Security Severity: High\n\nCrash Revision: https://oss-fuzz.com/revisions?job=afl_asan_mdbtools&revision=202012270610\n\nReproducer Testcase: https://oss-fuzz.com/download?testcase_id=4539187680378880\n\nIssue filed automatically.\n\nSee https://google.github.io/oss-fuzz/advanced-topics/reproducing for instructions to reproduce this bug locally.\nWhen you fix this bug, please\n  * mention the fix revision(s).\n  * state whether the bug was a short-lived regression or an old bug in any stable releases.\n  * add any other useful information.\nThis information can help downstream consumers.\n\nIf you need to contact the OSS-Fuzz team with a question, concern, or any other feedback, please file an issue at https://github.com/google/oss-fuzz/issues. Comments on individual Monorail issues are not monitored.\n\nThis bug is subject to a 90 day disclosure deadline. If 90 days elapse\nwithout an upstream patch, then the bug report will automatically\nbecome visible to the public.",
                "descriptionNum": 1
            },
            {
                "projectName": "oss-fuzz",
                "localId": 29328,
                "sequenceNum": 1,
                "commenter": {
                    "userId": "382749006",
                    "displayName": "ClusterFuzz-External"
                },
                "timestamp": 1609954223,
                "content": "This crash occurs very frequently on linux platform and is likely preventing the fuzzer fuzz_mdb from making much progress. Fixing this will allow more bugs to be found.\n\nIf this is incorrect, please file a bug on https://github.com/google/oss-fuzz/issues/new",
                "amendments": [
                    {
                        "fieldName": "Labels",
                        "newOrDeltaValue": "Fuzz-Blocker"
                    }
                ]
            },
            {
                "projectName": "oss-fuzz",
                "localId": 29328,
                "sequenceNum": 2,
                "commenter": {
                    "userId": "1950284618",
                    "displayName": "sheriffbot"
                },
                "timestamp": 1609963438,
                "amendments": [
                    {
                        "fieldName": "Labels",
                        "newOrDeltaValue": "Disclosure-2021-04-06"
                    }
                ]
            },
            {
                "projectName": "oss-fuzz",
                "localId": 29328,
                "sequenceNum": 3,
                "commenter": {
                    "userId": "382749006",
                    "displayName": "ClusterFuzz-External"
                },
                "timestamp": 1615390637,
                "content": "ClusterFuzz testcase 4539187680378880 is verified as fixed in https://oss-fuzz.com/revisions?job=afl_asan_mdbtools&range=202103090608:202103100610\n\nIf this is incorrect, please file a bug on https://github.com/google/oss-fuzz/issues/new",
                "amendments": [
                    {
                        "fieldName": "Status",
                        "newOrDeltaValue": "Verified",
                        "oldValue": "New"
                    },
                    {
                        "fieldName": "Labels",
                        "newOrDeltaValue": "ClusterFuzz-Verified"
                    }
                ]
            },
            {
                "projectName": "oss-fuzz",
                "localId": 29328,
                "sequenceNum": 4,
                "commenter": {
                    "userId": "1950284618",
                    "displayName": "sheriffbot"
                },
                "timestamp": 1616093571,
                "content": "This bug has been fixed. It has been opened to the public.\n\n- Your friendly Sheriffbot",
                "amendments": [
                    {
                        "fieldName": "Labels",
                        "newOrDeltaValue": "-restrict-view-commit"
                    }
                ]
            }
        ]
    },
    "fix_commit": "9b5e5919052c5dff80a3f7301ae520b71571814a",
    "repo_addr": "https://github.com/mdbtools/mdbtools"
}