{
    "fix": "https://github.com/assimp/assimp/commit/1909b3e8d27deed5acc93e7f9a0bf48b397e1788",
    "verify": "0",
    "localId": 24465,
    "project": "assimp",
    "fuzzer": "libfuzzer",
    "sanitizer": "asan",
    "crash_type": "Heap-buffer-overflow WRITE 1",
    "severity": "High",
    "report": {
        "comments": [
            {
                "projectName": "oss-fuzz",
                "localId": 24465,
                "commenter": {
                    "userId": "382749006",
                    "displayName": "ClusterFuzz-External"
                },
                "timestamp": 1596010730,
                "content": "Detailed Report: https://oss-fuzz.com/testcase?key=5183227204206592\n\nProject: assimp\nFuzzing Engine: libFuzzer\nFuzz Target: assimp_fuzzer\nJob Type: libfuzzer_asan_assimp\nPlatform Id: linux\n\nCrash Type: Heap-buffer-overflow WRITE 1\nCrash Address: 0x602000000200\nCrash State:\n  Assimp::IOStreamBuffer<char>::getNextDataLine\n  Assimp::ObjFileParser::parseFile\n  Assimp::ObjFileParser::ObjFileParser\n  \nSanitizer: address (ASAN)\n\nRecommended Security Severity: High\n\nCrash Revision: https://oss-fuzz.com/revisions?job=libfuzzer_asan_assimp&revision=202007290504\n\nReproducer Testcase: https://oss-fuzz.com/download?testcase_id=5183227204206592\n\nIssue filed automatically.\n\nSee https://google.github.io/oss-fuzz/advanced-topics/reproducing for instructions to reproduce this bug locally.\nWhen you fix this bug, please\n  * mention the fix revision(s).\n  * state whether the bug was a short-lived regression or an old bug in any stable releases.\n  * add any other useful information.\nThis information can help downstream consumers.\n\nIf you need to contact the OSS-Fuzz team with a question, concern, or any other feedback, please file an issue at https://github.com/google/oss-fuzz/issues. Comments on individual Monorail issues are not monitored.\n\nThis bug is subject to a 90 day disclosure deadline. If 90 days elapse\nwithout an upstream patch, then the bug report will automatically\nbecome visible to the public.",
                "descriptionNum": 1
            },
            {
                "projectName": "oss-fuzz",
                "localId": 24465,
                "sequenceNum": 1,
                "commenter": {
                    "userId": "1950284618",
                    "displayName": "sheriffbot"
                },
                "timestamp": 1596053983,
                "amendments": [
                    {
                        "fieldName": "Labels",
                        "newOrDeltaValue": "Disclosure-2020-10-27"
                    }
                ]
            },
            {
                "projectName": "oss-fuzz",
                "localId": 24465,
                "sequenceNum": 2,
                "commenter": {
                    "userId": "382749006",
                    "displayName": "ClusterFuzz-External"
                },
                "timestamp": 1597246554,
                "content": "This crash occurs very frequently on linux platform and is likely preventing the fuzzer assimp_fuzzer from making much progress. Fixing this will allow more bugs to be found.\n\nIf this is incorrect, please file a bug on https://github.com/google/oss-fuzz/issues/new",
                "amendments": [
                    {
                        "fieldName": "Labels",
                        "newOrDeltaValue": "Fuzz-Blocker"
                    }
                ]
            },
            {
                "projectName": "oss-fuzz",
                "localId": 24465,
                "sequenceNum": 3,
                "commenter": {
                    "userId": "1950284618",
                    "displayName": "sheriffbot"
                },
                "timestamp": 1603219334,
                "content": "This bug is approaching its deadline for being fixed, and will be automatically derestricted within 7 days. If a fix is planned within 2 weeks after the deadline has passed, a grace extension can be granted.\n\n- Your friendly Sheriffbot",
                "amendments": [
                    {
                        "fieldName": "Labels",
                        "newOrDeltaValue": "Deadline-Approaching"
                    }
                ]
            },
            {
                "projectName": "oss-fuzz",
                "localId": 24465,
                "sequenceNum": 4,
                "commenter": {
                    "userId": "1950284618",
                    "displayName": "sheriffbot"
                },
                "timestamp": 1603824408,
                "content": "This bug has exceeded our disclosure deadline. It has been opened to the public.\n\n- Your friendly Sheriffbot",
                "amendments": [
                    {
                        "fieldName": "Labels",
                        "newOrDeltaValue": "-restrict-view-commit -deadline-approaching Deadline-Exceeded"
                    }
                ]
            },
            {
                "projectName": "oss-fuzz",
                "localId": 24465,
                "sequenceNum": 5,
                "commenter": {
                    "userId": "382749006",
                    "displayName": "ClusterFuzz-External"
                },
                "timestamp": 1635607469,
                "content": "ClusterFuzz testcase 5183227204206592 is verified as fixed in https://oss-fuzz.com/revisions?job=libfuzzer_asan_assimp&range=202110290607:202110300606\n\nIf this is incorrect, please file a bug on https://github.com/google/oss-fuzz/issues/new",
                "amendments": [
                    {
                        "fieldName": "Status",
                        "newOrDeltaValue": "Verified",
                        "oldValue": "New"
                    },
                    {
                        "fieldName": "Labels",
                        "newOrDeltaValue": "ClusterFuzz-Verified"
                    }
                ]
            }
        ]
    },
    "fix_commit": "1909b3e8d27deed5acc93e7f9a0bf48b397e1788",
    "repo_addr": "https://github.com/assimp/assimp.git"
}