{
    "fix": "https://github.com/assimp/assimp/commit/8f61427880c061b5d13f55cedc138220a16f9aa3",
    "verify": "0",
    "localId": 40873,
    "project": "assimp",
    "fuzzer": "libfuzzer",
    "sanitizer": "ubsan",
    "crash_type": "UNKNOWN READ",
    "severity": "Medium",
    "report": {
        "comments": [
            {
                "projectName": "oss-fuzz",
                "localId": 40873,
                "commenter": {
                    "userId": "382749006",
                    "displayName": "ClusterFuzz-External"
                },
                "timestamp": 1636508134,
                "content": "Detailed Report: https://oss-fuzz.com/testcase?key=5093294573486080\n\nProject: assimp\nFuzzing Engine: libFuzzer\nFuzz Target: assimp_fuzzer\nJob Type: libfuzzer_ubsan_assimp\nPlatform Id: linux\n\nCrash Type: UNKNOWN READ\nCrash Address: 0x000103c0f2ab\nCrash State:\n  Assimp::MDLImporter::ParseSkinLump_3DGS_MDL7\n  Assimp::HMPImporter::ReadFirstSkin\n  Assimp::HMPImporter::CreateMaterial\n  \nSanitizer: undefined (UBSAN)\n\nRecommended Security Severity: Medium\n\nCrash Revision: https://oss-fuzz.com/revisions?job=libfuzzer_ubsan_assimp&revision=202111090612\n\nReproducer Testcase: https://oss-fuzz.com/download?testcase_id=5093294573486080\n\nIssue filed automatically.\n\nSee https://google.github.io/oss-fuzz/advanced-topics/reproducing for instructions to reproduce this bug locally.\nWhen you fix this bug, please\n  * mention the fix revision(s).\n  * state whether the bug was a short-lived regression or an old bug in any stable releases.\n  * add any other useful information.\nThis information can help downstream consumers.\n\nIf you need to contact the OSS-Fuzz team with a question, concern, or any other feedback, please file an issue at https://github.com/google/oss-fuzz/issues. Comments on individual Monorail issues are not monitored.\n\nThis bug is subject to a 90 day disclosure deadline. If 90 days elapse\nwithout an upstream patch, then the bug report will automatically\nbecome visible to the public.",
                "descriptionNum": 1
            },
            {
                "projectName": "oss-fuzz",
                "localId": 40873,
                "sequenceNum": 1,
                "commenter": {
                    "userId": "1950284618",
                    "displayName": "sheriffbot"
                },
                "timestamp": 1636747199,
                "amendments": [
                    {
                        "fieldName": "Labels",
                        "newOrDeltaValue": "Disclosure-2022-02-08"
                    }
                ]
            },
            {
                "projectName": "oss-fuzz",
                "localId": 40873,
                "sequenceNum": 2,
                "commenter": {
                    "userId": "1950284618",
                    "displayName": "sheriffbot"
                },
                "timestamp": 1643744251,
                "content": "This bug is approaching its deadline for being fixed, and will be automatically derestricted within 7 days. If a fix is planned within 2 weeks after the deadline has passed, a grace extension can be granted.\n\n- Your friendly Sheriffbot",
                "amendments": [
                    {
                        "fieldName": "Labels",
                        "newOrDeltaValue": "Deadline-Approaching"
                    }
                ]
            },
            {
                "projectName": "oss-fuzz",
                "localId": 40873,
                "sequenceNum": 3,
                "commenter": {
                    "userId": "1950284618",
                    "displayName": "sheriffbot"
                },
                "timestamp": 1644348804,
                "content": "This bug has exceeded our disclosure deadline. It has been opened to the public.\n\n- Your friendly Sheriffbot",
                "amendments": [
                    {
                        "fieldName": "Labels",
                        "newOrDeltaValue": "-restrict-view-commit -deadline-approaching Deadline-Exceeded"
                    }
                ]
            },
            {
                "projectName": "oss-fuzz",
                "localId": 40873,
                "sequenceNum": 4,
                "commenter": {
                    "userId": "382749006",
                    "displayName": "ClusterFuzz-External"
                },
                "timestamp": 1651949983,
                "content": "This crash occurs very frequently on linux platform and is likely preventing the fuzzer assimp_fuzzer from making much progress. Fixing this will allow more bugs to be found.\n\nIf this is incorrect, please file a bug on https://github.com/google/oss-fuzz/issues/new",
                "amendments": [
                    {
                        "fieldName": "Labels",
                        "newOrDeltaValue": "Fuzz-Blocker"
                    }
                ]
            },
            {
                "projectName": "oss-fuzz",
                "localId": 40873,
                "sequenceNum": 5,
                "commenter": {
                    "userId": "382749006",
                    "displayName": "ClusterFuzz-External"
                },
                "timestamp": 1687976326,
                "content": "ClusterFuzz testcase 5093294573486080 is verified as fixed in https://oss-fuzz.com/revisions?job=libfuzzer_ubsan_assimp&range=202306270616:202306280622\n\nIf this is incorrect, please file a bug on https://github.com/google/oss-fuzz/issues/new",
                "amendments": [
                    {
                        "fieldName": "Status",
                        "newOrDeltaValue": "Verified",
                        "oldValue": "New"
                    },
                    {
                        "fieldName": "Labels",
                        "newOrDeltaValue": "ClusterFuzz-Verified"
                    }
                ]
            }
        ]
    },
    "fix_commit": "8f61427880c061b5d13f55cedc138220a16f9aa3",
    "repo_addr": "https://github.com/assimp/assimp.git"
}