{
    "fix": "https://github.com/assimp/assimp/commit/db72c6ee38e5a87f4aaf255197eb49da2b1fa651",
    "verify": "0",
    "localId": 50589,
    "project": "assimp",
    "fuzzer": "libfuzzer",
    "sanitizer": "ubsan",
    "crash_type": "UNKNOWN READ",
    "severity": "Medium",
    "report": {
        "comments": [
            {
                "projectName": "oss-fuzz",
                "localId": 50589,
                "commenter": {
                    "userId": "382749006",
                    "displayName": "ClusterFuzz-External"
                },
                "timestamp": 1661349569,
                "content": "Detailed Report: https://oss-fuzz.com/testcase?key=5801806919237632\n\nProject: assimp\nFuzzing Engine: libFuzzer\nFuzz Target: assimp_fuzzer\nJob Type: libfuzzer_ubsan_assimp\nPlatform Id: linux\n\nCrash Type: UNKNOWN READ\nCrash Address: 0x7f586c2c4000\nCrash State:\n  Assimp::IOStreamBuffer<char>::getNextLine\n  Assimp::PLY::DOM::ParseHeader\n  Assimp::PLY::DOM::ParseInstanceBinary\n  \nSanitizer: undefined (UBSAN)\n\nRecommended Security Severity: Medium\n\nCrash Revision: https://oss-fuzz.com/revisions?job=libfuzzer_ubsan_assimp&revision=202208230602\n\nReproducer Testcase: https://oss-fuzz.com/download?testcase_id=5801806919237632\n\nIssue filed automatically.\n\nSee https://google.github.io/oss-fuzz/advanced-topics/reproducing for instructions to reproduce this bug locally.\nWhen you fix this bug, please\n  * mention the fix revision(s).\n  * state whether the bug was a short-lived regression or an old bug in any stable releases.\n  * add any other useful information.\nThis information can help downstream consumers.\n\nIf you need to contact the OSS-Fuzz team with a question, concern, or any other feedback, please file an issue at https://github.com/google/oss-fuzz/issues. Comments on individual Monorail issues are not monitored.\n\nThis bug is subject to a 90 day disclosure deadline. If 90 days elapse\nwithout an upstream patch, then the bug report will automatically\nbecome visible to the public.",
                "descriptionNum": 1
            },
            {
                "projectName": "oss-fuzz",
                "localId": 50589,
                "sequenceNum": 1,
                "commenter": {
                    "userId": "1950284618",
                    "displayName": "sheriffbot"
                },
                "timestamp": 1661367303,
                "amendments": [
                    {
                        "fieldName": "Labels",
                        "newOrDeltaValue": "Disclosure-2022-11-22"
                    }
                ]
            },
            {
                "projectName": "oss-fuzz",
                "localId": 50589,
                "sequenceNum": 2,
                "commenter": {
                    "userId": "1950284618",
                    "displayName": "sheriffbot"
                },
                "timestamp": 1668541312,
                "content": "This bug is approaching its deadline for being fixed, and will be automatically derestricted within 7 days. If a fix is planned within 2 weeks after the deadline has passed, a grace extension can be granted.\n\n- Your friendly Sheriffbot",
                "amendments": [
                    {
                        "fieldName": "Labels",
                        "newOrDeltaValue": "Deadline-Approaching"
                    }
                ]
            },
            {
                "projectName": "oss-fuzz",
                "localId": 50589,
                "sequenceNum": 3,
                "commenter": {
                    "userId": "1950284618",
                    "displayName": "sheriffbot"
                },
                "timestamp": 1669232824,
                "content": "This bug has exceeded our disclosure deadline. It has been opened to the public.\n\n- Your friendly Sheriffbot",
                "amendments": [
                    {
                        "fieldName": "Labels",
                        "newOrDeltaValue": "-deadline-approaching -restrict-view-commit Deadline-Exceeded"
                    }
                ]
            },
            {
                "projectName": "oss-fuzz",
                "localId": 50589,
                "sequenceNum": 4,
                "commenter": {
                    "userId": "382749006",
                    "displayName": "ClusterFuzz-External"
                },
                "timestamp": 1675615466,
                "content": "ClusterFuzz testcase 5801806919237632 is verified as fixed in https://oss-fuzz.com/revisions?job=libfuzzer_ubsan_assimp&range=202302040602:202302050601\n\nIf this is incorrect, please file a bug on https://github.com/google/oss-fuzz/issues/new",
                "amendments": [
                    {
                        "fieldName": "Status",
                        "newOrDeltaValue": "Verified",
                        "oldValue": "New"
                    },
                    {
                        "fieldName": "Labels",
                        "newOrDeltaValue": "ClusterFuzz-Verified"
                    }
                ]
            }
        ]
    },
    "fix_commit": "db72c6ee38e5a87f4aaf255197eb49da2b1fa651",
    "repo_addr": "https://github.com/assimp/assimp.git"
}