{
    "fix": "https://github.com/assimp/assimp/commit/5c45cdc0adb50e3b169cada0ea5ce0126d04184a",
    "verify": "0",
    "localId": 59056,
    "project": "assimp",
    "fuzzer": "libfuzzer",
    "sanitizer": "asan",
    "crash_type": "Invalid-free",
    "report": {
        "comments": [
            {
                "projectName": "oss-fuzz",
                "localId": 59056,
                "commenter": {
                    "userId": "382749006",
                    "displayName": "ClusterFuzz-External"
                },
                "timestamp": 1684358151,
                "content": "Detailed Report: https://oss-fuzz.com/testcase?key=4658377717055488\n\nProject: assimp\nFuzzing Engine: libFuzzer\nFuzz Target: assimp_fuzzer\nJob Type: libfuzzer_asan_assimp\nPlatform Id: linux\n\nCrash Type: Invalid-free\nCrash Address: 0x62d000000520\nCrash State:\n  Assimp::FBX::Scope::Scope\n  Assimp::FBX::Element::Element\n  Assimp::FBX::Scope::Scope\n  \nSanitizer: address (ASAN)\n\nRegressed: https://oss-fuzz.com/revisions?job=libfuzzer_asan_assimp&range=202305160605:202305170618\n\nReproducer Testcase: https://oss-fuzz.com/download?testcase_id=4658377717055488\n\nIssue filed automatically.\n\nSee https://google.github.io/oss-fuzz/advanced-topics/reproducing for instructions to reproduce this bug locally.\nWhen you fix this bug, please\n  * mention the fix revision(s).\n  * state whether the bug was a short-lived regression or an old bug in any stable releases.\n  * add any other useful information.\nThis information can help downstream consumers.\n\nIf you need to contact the OSS-Fuzz team with a question, concern, or any other feedback, please file an issue at https://github.com/google/oss-fuzz/issues. Comments on individual Monorail issues are not monitored.\n\nThis bug is subject to a 90 day disclosure deadline. If 90 days elapse\nwithout an upstream patch, then the bug report will automatically\nbecome visible to the public.",
                "descriptionNum": 1
            },
            {
                "projectName": "oss-fuzz",
                "localId": 59056,
                "sequenceNum": 1,
                "commenter": {
                    "userId": "1950284618",
                    "displayName": "sheriffbot"
                },
                "timestamp": 1684522924,
                "amendments": [
                    {
                        "fieldName": "Labels",
                        "newOrDeltaValue": "Disclosure-2023-08-15"
                    }
                ]
            },
            {
                "projectName": "oss-fuzz",
                "localId": 59056,
                "sequenceNum": 2,
                "commenter": {
                    "userId": "1950284618",
                    "displayName": "sheriffbot"
                },
                "timestamp": 1691520247,
                "content": "This bug is approaching its deadline for being fixed, and will be automatically derestricted within 7 days. If a fix is planned within 2 weeks after the deadline has passed, a grace extension can be granted.\n\n- Your friendly Sheriffbot",
                "amendments": [
                    {
                        "fieldName": "Labels",
                        "newOrDeltaValue": "Deadline-Approaching"
                    }
                ]
            },
            {
                "projectName": "oss-fuzz",
                "localId": 59056,
                "sequenceNum": 3,
                "commenter": {
                    "userId": "1950284618",
                    "displayName": "sheriffbot"
                },
                "timestamp": 1692125721,
                "content": "This bug has exceeded our disclosure deadline. It has been opened to the public.\n\n- Your friendly Sheriffbot",
                "amendments": [
                    {
                        "fieldName": "Labels",
                        "newOrDeltaValue": "-deadline-approaching -restrict-view-commit Deadline-Exceeded"
                    }
                ]
            },
            {
                "projectName": "oss-fuzz",
                "localId": 59056,
                "sequenceNum": 4,
                "commenter": {
                    "userId": "382749006",
                    "displayName": "ClusterFuzz-External"
                },
                "timestamp": 1692372867,
                "content": "ClusterFuzz testcase 4658377717055488 is verified as fixed in https://oss-fuzz.com/revisions?job=libfuzzer_asan_assimp&range=202308170603:202308180608\n\nIf this is incorrect, please file a bug on https://github.com/google/oss-fuzz/issues/new",
                "amendments": [
                    {
                        "fieldName": "Status",
                        "newOrDeltaValue": "Verified",
                        "oldValue": "New"
                    },
                    {
                        "fieldName": "Labels",
                        "newOrDeltaValue": "ClusterFuzz-Verified"
                    }
                ]
            }
        ]
    },
    "fix_commit": "5c45cdc0adb50e3b169cada0ea5ce0126d04184a",
    "repo_addr": "https://github.com/assimp/assimp.git"
}