{
    "fix": "https://github.com/OpenSC/OpenSC/commit/9b4b080be788a602fa8f01ac8d7e29cdaad07902",
    "verify": "0",
    "localId": 16620,
    "project": "opensc",
    "fuzzer": "libfuzzer",
    "sanitizer": "asan",
    "crash_type": "Heap-buffer-overflow READ 1",
    "severity": "Medium",
    "report": {
        "comments": [
            {
                "projectName": "oss-fuzz",
                "localId": 16620,
                "commenter": {
                    "userId": "382749006",
                    "displayName": "ClusterFuzz-External"
                },
                "timestamp": 1566508147,
                "content": "Detailed Report: https://oss-fuzz.com/testcase?key=5746536666890240\n\nProject: opensc\nFuzzing Engine: libFuzzer\nFuzz Target: fuzz_asn1_sig_value\nJob Type: libfuzzer_asan_opensc\nPlatform Id: linux\n\nCrash Type: Heap-buffer-overflow READ 1\nCrash Address: 0x609000000354\nCrash State:\n  asn1_decode_entry\n  asn1_decode\n  asn1_decode_entry\n  \nSanitizer: address (ASAN)\n\nRecommended Security Severity: Medium\n\nCrash Revision: https://oss-fuzz.com/revisions?job=libfuzzer_asan_opensc&revision=201908221509\n\nReproducer Testcase: https://oss-fuzz.com/download?testcase_id=5746536666890240\n\nIssue filed automatically.\n\nSee https://google.github.io/oss-fuzz/advanced-topics/reproducing for instructions to reproduce this bug locally.\n\nThis bug is subject to a 90 day disclosure deadline. If 90 days elapse\nwithout an upstream patch, then the bug report will automatically\nbecome visible to the public.",
                "descriptionNum": 1
            },
            {
                "projectName": "oss-fuzz",
                "localId": 16620,
                "sequenceNum": 1,
                "commenter": {
                    "userId": "382749006",
                    "displayName": "ClusterFuzz-External"
                },
                "timestamp": 1566530185,
                "content": "This crash occurs very frequently on linux platform and is likely preventing the fuzzer fuzz_asn1_sig_value from making much progress. Fixing this will allow more bugs to be found.\n\nIf this is incorrect, please file a bug on https://github.com/google/oss-fuzz/issues/new",
                "amendments": [
                    {
                        "fieldName": "Labels",
                        "newOrDeltaValue": "Fuzz-Blocker"
                    }
                ]
            },
            {
                "projectName": "oss-fuzz",
                "localId": 16620,
                "sequenceNum": 2,
                "commenter": {
                    "userId": "382749006",
                    "displayName": "ClusterFuzz-External"
                },
                "timestamp": 1567004806,
                "content": "ClusterFuzz testcase 5746536666890240 is verified as fixed in https://oss-fuzz.com/revisions?job=libfuzzer_asan_opensc&range=201908270203:201908280203\n\nIf this is incorrect, please file a bug on https://github.com/google/oss-fuzz/issues/new",
                "amendments": [
                    {
                        "fieldName": "Status",
                        "newOrDeltaValue": "Verified",
                        "oldValue": "New"
                    },
                    {
                        "fieldName": "Labels",
                        "newOrDeltaValue": "ClusterFuzz-Verified"
                    }
                ]
            },
            {
                "projectName": "oss-fuzz",
                "localId": 16620,
                "sequenceNum": 3,
                "commenter": {
                    "userId": "4164592774",
                    "displayName": "sheriffbot@chromium.org"
                },
                "timestamp": 1569598872,
                "content": "This bug has been fixed for 30 days. It has been opened to the public.\n\n- Your friendly Sheriffbot",
                "amendments": [
                    {
                        "fieldName": "Labels",
                        "newOrDeltaValue": "-restrict-view-commit"
                    }
                ]
            }
        ]
    },
    "fix_commit": [
        "412a6142c27a5973c61ba540e33cdc22d5608e68",
        "a3fc7693f3a035a8a7921cffb98432944bb42740",
        "9b4b080be788a602fa8f01ac8d7e29cdaad07902"
    ],
    "repo_addr": "https://github.com/OpenSC/OpenSC"
}