{
    "fix": "https://github.com/OpenSC/OpenSC/commit/2d02de4233a70fdad4cbf0862c83f03d9ba85d78",
    "verify": "0",
    "localId": 18990,
    "project": "opensc",
    "fuzzer": "libfuzzer",
    "sanitizer": "asan",
    "crash_type": "Heap-buffer-overflow READ {*}",
    "severity": "Medium",
    "report": {
        "comments": [
            {
                "projectName": "oss-fuzz",
                "localId": 18990,
                "commenter": {
                    "userId": "382749006",
                    "displayName": "ClusterFuzz-External"
                },
                "timestamp": 1573999668,
                "content": "Detailed Report: https://oss-fuzz.com/testcase?key=5652332327206912\n\nProject: opensc\nFuzzing Engine: libFuzzer\nFuzz Target: fuzz_pkcs15_reader\nJob Type: libfuzzer_asan_opensc\nPlatform Id: linux\n\nCrash Type: Heap-buffer-overflow READ {*}\nCrash Address: 0x6110000003c0\nCrash State:\n  coolkey_get_certificate\n  sc_pkcs15emu_coolkey_init\n  sc_pkcs15emu_coolkey_init_ex\n  \nSanitizer: address (ASAN)\n\nRecommended Security Severity: Medium\n\nRegressed: https://oss-fuzz.com/revisions?job=libfuzzer_asan_opensc&range=201911010208:201911060307\n\nReproducer Testcase: https://oss-fuzz.com/download?testcase_id=5652332327206912\n\nIssue filed automatically.\n\nSee https://google.github.io/oss-fuzz/advanced-topics/reproducing for instructions to reproduce this bug locally.\nWhen you fix this bug, please\n  * mention the fix revision(s).\n  * state whether the bug was a short-lived regression or an old bug in any stable releases.\n  * add any other useful information.\nThis information can help downstream consumers.\n\nIf you need to contact the OSS-Fuzz team with a question, concern, or any other feedback, please file an issue at https://github.com/google/oss-fuzz/issues. Comments on individual Monorail issues are not monitored.\n\nThis bug is subject to a 90 day disclosure deadline. If 90 days elapse\nwithout an upstream patch, then the bug report will automatically\nbecome visible to the public.",
                "descriptionNum": 1
            },
            {
                "projectName": "oss-fuzz",
                "localId": 18990,
                "sequenceNum": 1,
                "commenter": {
                    "userId": "4164592774",
                    "displayName": "sheriffbot@chromium.org"
                },
                "timestamp": 1574009472,
                "amendments": [
                    {
                        "fieldName": "Labels",
                        "newOrDeltaValue": "Disclosure-2020-02-17"
                    }
                ]
            },
            {
                "projectName": "oss-fuzz",
                "localId": 18990,
                "sequenceNum": 2,
                "commenter": {
                    "userId": "382749006",
                    "displayName": "ClusterFuzz-External"
                },
                "timestamp": 1574178129,
                "content": "ClusterFuzz testcase 5652332327206912 is verified as fixed in https://oss-fuzz.com/revisions?job=libfuzzer_asan_opensc&range=201911180306:201911190308\n\nIf this is incorrect, please file a bug on https://github.com/google/oss-fuzz/issues/new",
                "amendments": [
                    {
                        "fieldName": "Status",
                        "newOrDeltaValue": "Verified",
                        "oldValue": "New"
                    },
                    {
                        "fieldName": "Labels",
                        "newOrDeltaValue": "ClusterFuzz-Verified"
                    }
                ]
            },
            {
                "projectName": "oss-fuzz",
                "localId": 18990,
                "sequenceNum": 3,
                "commenter": {
                    "userId": "4164592774",
                    "displayName": "sheriffbot@chromium.org"
                },
                "timestamp": 1576773491,
                "content": "This bug has been fixed for 30 days. It has been opened to the public.\n\n- Your friendly Sheriffbot",
                "amendments": [
                    {
                        "fieldName": "Labels",
                        "newOrDeltaValue": "-restrict-view-commit"
                    }
                ]
            }
        ]
    },
    "fix_commit": "2d02de4233a70fdad4cbf0862c83f03d9ba85d78",
    "repo_addr": "https://github.com/OpenSC/OpenSC"
}