{
    "fix": "https://github.com/OpenSC/OpenSC/commit/aa6d3e1d36969aa0f955b11faf9142666145a72b",
    "verify": "0",
    "localId": 19040,
    "project": "opensc",
    "fuzzer": "honggfuzz",
    "sanitizer": "asan",
    "crash_type": "Heap-buffer-overflow READ 1",
    "severity": "Medium",
    "report": {
        "comments": [
            {
                "projectName": "oss-fuzz",
                "localId": 19040,
                "commenter": {
                    "userId": "382749006",
                    "displayName": "ClusterFuzz-External"
                },
                "timestamp": 1574356952,
                "content": "Detailed Report: https://oss-fuzz.com/testcase?key=5744665433473024\n\nProject: opensc\nFuzzing Engine: honggfuzz\nFuzz Target: fuzz_pkcs15_reader\nJob Type: honggfuzz_asan_opensc\nPlatform Id: linux\n\nCrash Type: Heap-buffer-overflow READ 1\nCrash Address: 0x60200000375f\nCrash State:\n  coolkey_v1_get_attribute_len\n  coolkey_v1_get_attribute_record_len\n  coolkey_find_attribute\n  \nSanitizer: address (ASAN)\n\nRecommended Security Severity: Medium\n\nCrash Revision: https://oss-fuzz.com/revisions?job=honggfuzz_asan_opensc&revision=201911190308\n\nReproducer Testcase: https://oss-fuzz.com/download?testcase_id=5744665433473024\n\nIssue filed automatically.\n\nSee https://google.github.io/oss-fuzz/advanced-topics/reproducing for instructions to reproduce this bug locally.\nWhen you fix this bug, please\n  * mention the fix revision(s).\n  * state whether the bug was a short-lived regression or an old bug in any stable releases.\n  * add any other useful information.\nThis information can help downstream consumers.\n\nIf you need to contact the OSS-Fuzz team with a question, concern, or any other feedback, please file an issue at https://github.com/google/oss-fuzz/issues. Comments on individual Monorail issues are not monitored.\n\nThis bug is subject to a 90 day disclosure deadline. If 90 days elapse\nwithout an upstream patch, then the bug report will automatically\nbecome visible to the public.",
                "descriptionNum": 1
            },
            {
                "projectName": "oss-fuzz",
                "localId": 19040,
                "sequenceNum": 1,
                "commenter": {
                    "userId": "4164592774",
                    "displayName": "sheriffbot@chromium.org"
                },
                "timestamp": 1574441440,
                "amendments": [
                    {
                        "fieldName": "Labels",
                        "newOrDeltaValue": "Disclosure-2020-02-19"
                    }
                ]
            },
            {
                "projectName": "oss-fuzz",
                "localId": 19040,
                "sequenceNum": 2,
                "commenter": {
                    "userId": "382749006",
                    "displayName": "ClusterFuzz-External"
                },
                "timestamp": 1575215281,
                "content": "ClusterFuzz testcase 5744665433473024 is verified as fixed in https://oss-fuzz.com/revisions?job=honggfuzz_asan_opensc&range=201911280309:201912010306\n\nIf this is incorrect, please file a bug on https://github.com/google/oss-fuzz/issues/new",
                "amendments": [
                    {
                        "fieldName": "Status",
                        "newOrDeltaValue": "Verified",
                        "oldValue": "New"
                    },
                    {
                        "fieldName": "Labels",
                        "newOrDeltaValue": "ClusterFuzz-Verified"
                    }
                ]
            },
            {
                "projectName": "oss-fuzz",
                "localId": 19040,
                "sequenceNum": 3,
                "commenter": {
                    "userId": "4164592774",
                    "displayName": "sheriffbot@chromium.org"
                },
                "timestamp": 1577810406,
                "content": "This bug has been fixed for 30 days. It has been opened to the public.\n\n- Your friendly Sheriffbot",
                "amendments": [
                    {
                        "fieldName": "Labels",
                        "newOrDeltaValue": "-restrict-view-commit"
                    }
                ]
            }
        ]
    },
    "fix_commit": "aa6d3e1d36969aa0f955b11faf9142666145a72b",
    "repo_addr": "https://github.com/OpenSC/OpenSC"
}