{
    "fix": "https://github.com/OpenSC/OpenSC/commit/fca2ba9474e150e72282317b91ce68d0b801f573",
    "verify": "0",
    "localId": 26116,
    "project": "opensc",
    "fuzzer": "honggfuzz",
    "sanitizer": "asan",
    "crash_type": "Heap-buffer-overflow READ 1",
    "severity": "Medium",
    "report": {
        "comments": [
            {
                "projectName": "oss-fuzz",
                "localId": 26116,
                "commenter": {
                    "userId": "382749006",
                    "displayName": "ClusterFuzz-External"
                },
                "timestamp": 1601736850,
                "content": "Detailed Report: https://oss-fuzz.com/testcase?key=5096082311479296\n\nProject: opensc\nFuzzing Engine: honggfuzz\nFuzz Target: fuzz_pkcs15_reader\nJob Type: honggfuzz_asan_opensc\nPlatform Id: linux\n\nCrash Type: Heap-buffer-overflow READ 1\nCrash Address: 0x606000000179\nCrash State:\n  sc_oberthur_parse_privateinfo\n  sc_pkcs15emu_oberthur_init\n  sc_pkcs15emu_oberthur_init_ex\n  \nSanitizer: address (ASAN)\n\nRecommended Security Severity: Medium\n\nRegressed: https://oss-fuzz.com/revisions?job=honggfuzz_asan_opensc&range=202007280144:202008010605\n\nReproducer Testcase: https://oss-fuzz.com/download?testcase_id=5096082311479296\n\nIssue filed automatically.\n\nSee https://google.github.io/oss-fuzz/advanced-topics/reproducing for instructions to reproduce this bug locally.\nWhen you fix this bug, please\n  * mention the fix revision(s).\n  * state whether the bug was a short-lived regression or an old bug in any stable releases.\n  * add any other useful information.\nThis information can help downstream consumers.\n\nIf you need to contact the OSS-Fuzz team with a question, concern, or any other feedback, please file an issue at https://github.com/google/oss-fuzz/issues. Comments on individual Monorail issues are not monitored.\n\nThis bug is subject to a 90 day disclosure deadline. If 90 days elapse\nwithout an upstream patch, then the bug report will automatically\nbecome visible to the public.",
                "descriptionNum": 1
            },
            {
                "projectName": "oss-fuzz",
                "localId": 26116,
                "sequenceNum": 1,
                "commenter": {
                    "userId": "1950284618",
                    "displayName": "sheriffbot"
                },
                "timestamp": 1601756081,
                "amendments": [
                    {
                        "fieldName": "Labels",
                        "newOrDeltaValue": "Disclosure-2021-01-01"
                    }
                ]
            },
            {
                "projectName": "oss-fuzz",
                "localId": 26116,
                "sequenceNum": 2,
                "commenter": {
                    "userId": "382749006",
                    "displayName": "ClusterFuzz-External"
                },
                "timestamp": 1601907323,
                "content": "ClusterFuzz testcase 5096082311479296 is verified as fixed in https://oss-fuzz.com/revisions?job=honggfuzz_asan_opensc&range=202010040612:202010050619\n\nIf this is incorrect, please file a bug on https://github.com/google/oss-fuzz/issues/new",
                "amendments": [
                    {
                        "fieldName": "Status",
                        "newOrDeltaValue": "Verified",
                        "oldValue": "New"
                    },
                    {
                        "fieldName": "Labels",
                        "newOrDeltaValue": "ClusterFuzz-Verified"
                    }
                ]
            },
            {
                "projectName": "oss-fuzz",
                "localId": 26116,
                "sequenceNum": 3,
                "commenter": {
                    "userId": "1950284618",
                    "displayName": "sheriffbot"
                },
                "timestamp": 1604519791,
                "content": "This bug has been fixed for 30 days. It has been opened to the public.\n\n- Your friendly Sheriffbot",
                "amendments": [
                    {
                        "fieldName": "Labels",
                        "newOrDeltaValue": "-restrict-view-commit"
                    }
                ]
            }
        ]
    },
    "fix_commit": "fca2ba9474e150e72282317b91ce68d0b801f573",
    "repo_addr": "https://github.com/OpenSC/OpenSC"
}