{
    "fix": "https://github.com/OpenSC/OpenSC/commit/f015746d22d249642c19674298a18ad824db0ed7",
    "verify": "0",
    "localId": 28185,
    "project": "opensc",
    "fuzzer": "libfuzzer",
    "sanitizer": "asan",
    "crash_type": "Heap-double-free",
    "severity": "High",
    "report": {
        "comments": [
            {
                "projectName": "oss-fuzz",
                "localId": 28185,
                "commenter": {
                    "userId": "382749006",
                    "displayName": "ClusterFuzz-External"
                },
                "timestamp": 1606851239,
                "content": "Detailed Report: https://oss-fuzz.com/testcase?key=5137039984689152\n\nProject: opensc\nFuzzing Engine: libFuzzer\nFuzz Target: fuzz_pkcs15_reader\nJob Type: libfuzzer_asan_opensc\nPlatform Id: linux\n\nCrash Type: Heap-double-free\nCrash Address: 0x602000000650\nCrash State:\n  sc_pkcs15_free_tokeninfo\n  sc_pkcs15_card_free\n  fuzz_pkcs15_reader.c\n  \nSanitizer: address (ASAN)\n\nRecommended Security Severity: High\n\nRegressed: https://oss-fuzz.com/revisions?job=libfuzzer_asan_opensc&range=202005110306:202005270304\n\nReproducer Testcase: https://oss-fuzz.com/download?testcase_id=5137039984689152\n\nIssue filed automatically.\n\nSee https://google.github.io/oss-fuzz/advanced-topics/reproducing for instructions to reproduce this bug locally.\nWhen you fix this bug, please\n  * mention the fix revision(s).\n  * state whether the bug was a short-lived regression or an old bug in any stable releases.\n  * add any other useful information.\nThis information can help downstream consumers.\n\nIf you need to contact the OSS-Fuzz team with a question, concern, or any other feedback, please file an issue at https://github.com/google/oss-fuzz/issues. Comments on individual Monorail issues are not monitored.\n\nThis bug is subject to a 90 day disclosure deadline. If 90 days elapse\nwithout an upstream patch, then the bug report will automatically\nbecome visible to the public.",
                "descriptionNum": 1
            },
            {
                "projectName": "oss-fuzz",
                "localId": 28185,
                "sequenceNum": 1,
                "commenter": {
                    "userId": "1950284618",
                    "displayName": "sheriffbot"
                },
                "timestamp": 1606853187,
                "amendments": [
                    {
                        "fieldName": "Labels",
                        "newOrDeltaValue": "Disclosure-2021-03-01"
                    }
                ]
            },
            {
                "projectName": "oss-fuzz",
                "localId": 28185,
                "sequenceNum": 2,
                "commenter": {
                    "userId": "382749006",
                    "displayName": "ClusterFuzz-External"
                },
                "timestamp": 1607056033,
                "content": "This crash occurs very frequently on linux platform and is likely preventing the fuzzer fuzz_pkcs15_reader from making much progress. Fixing this will allow more bugs to be found.\n\nIf this is incorrect, please file a bug on https://github.com/google/oss-fuzz/issues/new",
                "amendments": [
                    {
                        "fieldName": "Labels",
                        "newOrDeltaValue": "Fuzz-Blocker"
                    }
                ]
            },
            {
                "projectName": "oss-fuzz",
                "localId": 28185,
                "sequenceNum": 3,
                "commenter": {
                    "userId": "382749006",
                    "displayName": "ClusterFuzz-External"
                },
                "timestamp": 1607182308,
                "content": "ClusterFuzz testcase 5137039984689152 is verified as fixed in https://oss-fuzz.com/revisions?job=libfuzzer_asan_opensc&range=202012030607:202012050627\n\nIf this is incorrect, please file a bug on https://github.com/google/oss-fuzz/issues/new",
                "amendments": [
                    {
                        "fieldName": "Status",
                        "newOrDeltaValue": "Verified",
                        "oldValue": "New"
                    },
                    {
                        "fieldName": "Labels",
                        "newOrDeltaValue": "ClusterFuzz-Verified"
                    }
                ]
            },
            {
                "projectName": "oss-fuzz",
                "localId": 28185,
                "sequenceNum": 4,
                "commenter": {
                    "userId": "1950284618",
                    "displayName": "sheriffbot"
                },
                "timestamp": 1609789979,
                "content": "This bug has been fixed for 30 days. It has been opened to the public.\n\n- Your friendly Sheriffbot",
                "amendments": [
                    {
                        "fieldName": "Labels",
                        "newOrDeltaValue": "-restrict-view-commit"
                    }
                ]
            }
        ]
    },
    "fix_commit": "f015746d22d249642c19674298a18ad824db0ed7",
    "repo_addr": "https://github.com/OpenSC/OpenSC"
}