{
    "fix": "https://github.com/OpenSC/OpenSC/commit/1db88374bb7706a115d5c3617c6f16115c33bf27",
    "verify": "0",
    "localId": 28843,
    "project": "opensc",
    "fuzzer": "honggfuzz",
    "sanitizer": "asan",
    "crash_type": "Heap-use-after-free READ 4",
    "severity": "High",
    "report": {
        "comments": [
            {
                "projectName": "oss-fuzz",
                "localId": 28843,
                "commenter": {
                    "userId": "382749006",
                    "displayName": "ClusterFuzz-External"
                },
                "timestamp": 1608497345,
                "content": "Detailed Report: https://oss-fuzz.com/testcase?key=5840802051915776\n\nProject: opensc\nFuzzing Engine: honggfuzz\nFuzz Target: fuzz_pkcs15_reader\nJob Type: honggfuzz_asan_opensc\nPlatform Id: linux\n\nCrash Type: Heap-use-after-free READ 4\nCrash Address: 0x615000001dc0\nCrash State:\n  sc_file_valid\n  sc_file_free\n  sc_oberthur_read_file\n  \nSanitizer: address (ASAN)\n\nRecommended Security Severity: High\n\nRegressed: https://oss-fuzz.com/revisions?job=honggfuzz_asan_opensc&range=202006090318:202006100320\n\nReproducer Testcase: https://oss-fuzz.com/download?testcase_id=5840802051915776\n\nIssue filed automatically.\n\nSee https://google.github.io/oss-fuzz/advanced-topics/reproducing for instructions to reproduce this bug locally.\nWhen you fix this bug, please\n  * mention the fix revision(s).\n  * state whether the bug was a short-lived regression or an old bug in any stable releases.\n  * add any other useful information.\nThis information can help downstream consumers.\n\nIf you need to contact the OSS-Fuzz team with a question, concern, or any other feedback, please file an issue at https://github.com/google/oss-fuzz/issues. Comments on individual Monorail issues are not monitored.\n\nThis bug is subject to a 90 day disclosure deadline. If 90 days elapse\nwithout an upstream patch, then the bug report will automatically\nbecome visible to the public.",
                "descriptionNum": 1
            },
            {
                "projectName": "oss-fuzz",
                "localId": 28843,
                "sequenceNum": 1,
                "commenter": {
                    "userId": "1950284618",
                    "displayName": "sheriffbot"
                },
                "timestamp": 1608581040,
                "amendments": [
                    {
                        "fieldName": "Labels",
                        "newOrDeltaValue": "Disclosure-2021-03-22"
                    }
                ]
            },
            {
                "projectName": "oss-fuzz",
                "localId": 28843,
                "sequenceNum": 2,
                "commenter": {
                    "userId": "382749006",
                    "displayName": "ClusterFuzz-External"
                },
                "timestamp": 1611416279,
                "content": "ClusterFuzz testcase 5840802051915776 is verified as fixed in https://oss-fuzz.com/revisions?job=honggfuzz_asan_opensc&range=202101220603:202101230614\n\nIf this is incorrect, please file a bug on https://github.com/google/oss-fuzz/issues/new",
                "amendments": [
                    {
                        "fieldName": "Status",
                        "newOrDeltaValue": "Verified",
                        "oldValue": "New"
                    },
                    {
                        "fieldName": "Labels",
                        "newOrDeltaValue": "ClusterFuzz-Verified"
                    }
                ]
            },
            {
                "projectName": "oss-fuzz",
                "localId": 28843,
                "sequenceNum": 3,
                "commenter": {
                    "userId": "1950284618",
                    "displayName": "sheriffbot"
                },
                "timestamp": 1614023570,
                "content": "This bug has been fixed for 30 days. It has been opened to the public.\n\n- Your friendly Sheriffbot",
                "amendments": [
                    {
                        "fieldName": "Labels",
                        "newOrDeltaValue": "-restrict-view-commit"
                    }
                ]
            }
        ]
    },
    "fix_commit": "1db88374bb7706a115d5c3617c6f16115c33bf27",
    "repo_addr": "https://github.com/OpenSC/OpenSC"
}