{
    "fix": "https://github.com/OpenSC/OpenSC/commit/8697a01850d5e02a3099acd5160d0a0ee2d31077",
    "verify": "0",
    "localId": 45430,
    "project": "opensc",
    "fuzzer": "libfuzzer",
    "sanitizer": "asan",
    "crash_type": "Heap-buffer-overflow WRITE 2",
    "severity": "High",
    "report": {
        "comments": [
            {
                "projectName": "oss-fuzz",
                "localId": 45430,
                "commenter": {
                    "userId": "382749006",
                    "displayName": "ClusterFuzz-External"
                },
                "timestamp": 1646899493,
                "content": "Detailed Report: https://oss-fuzz.com/testcase?key=5571677042376704\n\nProject: opensc\nFuzzing Engine: libFuzzer\nFuzz Target: fuzz_pkcs15init\nJob Type: libfuzzer_asan_opensc\nPlatform Id: linux\n\nCrash Type: Heap-buffer-overflow WRITE 2\nCrash Address: 0x6150000020c6\nCrash State:\n  do_fileid\n  process_command\n  process_block\n  \nSanitizer: address (ASAN)\n\nRecommended Security Severity: High\n\nRegressed: https://oss-fuzz.com/revisions?job=libfuzzer_asan_opensc&range=202203080601:202203090601\n\nReproducer Testcase: https://oss-fuzz.com/download?testcase_id=5571677042376704\n\nIssue filed automatically.\n\nSee https://google.github.io/oss-fuzz/advanced-topics/reproducing for instructions to reproduce this bug locally.\nWhen you fix this bug, please\n  * mention the fix revision(s).\n  * state whether the bug was a short-lived regression or an old bug in any stable releases.\n  * add any other useful information.\nThis information can help downstream consumers.\n\nIf you need to contact the OSS-Fuzz team with a question, concern, or any other feedback, please file an issue at https://github.com/google/oss-fuzz/issues. Comments on individual Monorail issues are not monitored.\n\nThis bug is subject to a 90 day disclosure deadline. If 90 days elapse\nwithout an upstream patch, then the bug report will automatically\nbecome visible to the public.",
                "descriptionNum": 1
            },
            {
                "projectName": "oss-fuzz",
                "localId": 45430,
                "sequenceNum": 1,
                "commenter": {
                    "userId": "1950284618",
                    "displayName": "sheriffbot"
                },
                "timestamp": 1646941997,
                "amendments": [
                    {
                        "fieldName": "Labels",
                        "newOrDeltaValue": "Disclosure-2022-06-08"
                    }
                ]
            },
            {
                "projectName": "oss-fuzz",
                "localId": 45430,
                "sequenceNum": 2,
                "commenter": {
                    "userId": "382749006",
                    "displayName": "ClusterFuzz-External"
                },
                "timestamp": 1651682811,
                "content": "ClusterFuzz testcase 5571677042376704 is verified as fixed in https://oss-fuzz.com/revisions?job=libfuzzer_asan_opensc&range=202205030611:202205040610\n\nIf this is incorrect, please file a bug on https://github.com/google/oss-fuzz/issues/new",
                "amendments": [
                    {
                        "fieldName": "Status",
                        "newOrDeltaValue": "Verified",
                        "oldValue": "New"
                    },
                    {
                        "fieldName": "Labels",
                        "newOrDeltaValue": "ClusterFuzz-Verified"
                    }
                ]
            },
            {
                "projectName": "oss-fuzz",
                "localId": 45430,
                "sequenceNum": 3,
                "commenter": {
                    "userId": "1950284618",
                    "displayName": "sheriffbot"
                },
                "timestamp": 1651776310,
                "content": "This bug has been fixed. It has been opened to the public.\n\n- Your friendly Sheriffbot",
                "amendments": [
                    {
                        "fieldName": "Labels",
                        "newOrDeltaValue": "-restrict-view-commit"
                    }
                ]
            }
        ]
    },
    "fix_commit": "8697a01850d5e02a3099acd5160d0a0ee2d31077",
    "repo_addr": "https://github.com/OpenSC/OpenSC"
}