{
    "fix": "https://github.com/OpenSC/OpenSC/commit/6465263143379833bdaf69606c496ccb508ff35f",
    "verify": "0",
    "localId": 46738,
    "project": "opensc",
    "fuzzer": "libfuzzer",
    "sanitizer": "ubsan",
    "crash_type": "Index-out-of-bounds",
    "severity": "Medium",
    "report": {
        "comments": [
            {
                "localId": 46738,
                "descriptionNum": 1,
                "projectName": "oss-fuzz",
                "commenter": {
                    "displayName": "ClusterFuzz-External",
                    "userId": "382749006"
                },
                "content": "Detailed Report: https://oss-fuzz.com/testcase?key=6631177932374016\n\nProject: opensc\nFuzzing Engine: libFuzzer\nFuzz Target: fuzz_pkcs15init\nJob Type: libfuzzer_ubsan_opensc\nPlatform Id: linux\n\nCrash Type: Index-out-of-bounds\nCrash Address: \nCrash State:\n  epassNUMBER_pkcs15_key_reference\n  sc_pkcs15init_init_prkdf\n  sc_pkcs15init_generate_key\n  \nSanitizer: undefined (UBSAN)\n\nRecommended Security Severity: Medium\n\nRegressed: https://oss-fuzz.com/revisions?job=libfuzzer_ubsan_opensc&range=202204140610:202204150606\n\nReproducer Testcase: https://oss-fuzz.com/download?testcase_id=6631177932374016\n\nIssue filed automatically.\n\nSee https://google.github.io/oss-fuzz/advanced-topics/reproducing for instructions to reproduce this bug locally.\nWhen you fix this bug, please\n  * mention the fix revision(s).\n  * state whether the bug was a short-lived regression or an old bug in any stable releases.\n  * add any other useful information.\nThis information can help downstream consumers.\n\nIf you need to contact the OSS-Fuzz team with a question, concern, or any other feedback, please file an issue at https://github.com/google/oss-fuzz/issues. Comments on individual Monorail issues are not monitored.\n\nThis bug is subject to a 90 day disclosure deadline. If 90 days elapse\nwithout an upstream patch, then the bug report will automatically\nbecome visible to the public.",
                "timestamp": 1650069603
            },
            {
                "amendments": [
                    {
                        "fieldName": "Labels",
                        "newOrDeltaValue": "Disclosure-2022-07-15"
                    }
                ],
                "localId": 46738,
                "projectName": "oss-fuzz",
                "commenter": {
                    "displayName": "sheriffbot",
                    "userId": "1950284618"
                },
                "sequenceNum": 1,
                "timestamp": 1650135102
            },
            {
                "amendments": [
                    {
                        "fieldName": "Status",
                        "oldValue": "New",
                        "newOrDeltaValue": "Verified"
                    },
                    {
                        "fieldName": "Labels",
                        "newOrDeltaValue": "ClusterFuzz-Verified"
                    }
                ],
                "localId": 46738,
                "projectName": "oss-fuzz",
                "commenter": {
                    "displayName": "ClusterFuzz-External",
                    "userId": "382749006"
                },
                "content": "ClusterFuzz testcase 6631177932374016 is verified as fixed in https://oss-fuzz.com/revisions?job=libfuzzer_ubsan_opensc&range=202205030611:202205040610\n\nIf this is incorrect, please file a bug on https://github.com/google/oss-fuzz/issues/new",
                "sequenceNum": 2,
                "timestamp": 1651679602
            },
            {
                "amendments": [
                    {
                        "fieldName": "Labels",
                        "newOrDeltaValue": "-restrict-view-commit"
                    }
                ],
                "localId": 46738,
                "projectName": "oss-fuzz",
                "commenter": {
                    "displayName": "sheriffbot",
                    "userId": "1950284618"
                },
                "content": "This bug has been fixed. It has been opened to the public.\n\n- Your friendly Sheriffbot",
                "sequenceNum": 3,
                "timestamp": 1651776327
            }
        ]
    },
    "fix_commit": "6465263143379833bdaf69606c496ccb508ff35f",
    "repo_addr": "https://github.com/OpenSC/OpenSC"
}