{
    "fix": "https://github.com/OpenSC/OpenSC/commit/74a8f296e0f195916d28e1c928f457e04aa22892",
    "verify": "0",
    "localId": 47512,
    "project": "opensc",
    "fuzzer": "libfuzzer",
    "sanitizer": "asan",
    "crash_type": "Stack-buffer-overflow READ 1",
    "severity": "Medium",
    "report": {
        "comments": [
            {
                "projectName": "oss-fuzz",
                "localId": 47512,
                "commenter": {
                    "userId": "382749006",
                    "displayName": "ClusterFuzz-External"
                },
                "timestamp": 1652847686,
                "content": "Detailed Report: https://oss-fuzz.com/testcase?key=6099859930742784\n\nProject: opensc\nFuzzing Engine: libFuzzer\nFuzz Target: fuzz_card\nJob Type: libfuzzer_asan_opensc\nPlatform Id: linux\n\nCrash Type: Stack-buffer-overflow READ 1\nCrash Address: 0x7fcb9a1921b0\nCrash State:\n  cardos_list_files\n  sc_list_files\n  fuzz_card.c\n  \nSanitizer: address (ASAN)\n\nRecommended Security Severity: Medium\n\nRegressed: https://oss-fuzz.com/revisions?job=libfuzzer_asan_opensc&range=202204120606:202204130607\n\nReproducer Testcase: https://oss-fuzz.com/download?testcase_id=6099859930742784\n\nIssue filed automatically.\n\nSee https://google.github.io/oss-fuzz/advanced-topics/reproducing for instructions to reproduce this bug locally.\nWhen you fix this bug, please\n  * mention the fix revision(s).\n  * state whether the bug was a short-lived regression or an old bug in any stable releases.\n  * add any other useful information.\nThis information can help downstream consumers.\n\nIf you need to contact the OSS-Fuzz team with a question, concern, or any other feedback, please file an issue at https://github.com/google/oss-fuzz/issues. Comments on individual Monorail issues are not monitored.\n\nThis bug is subject to a 90 day disclosure deadline. If 90 days elapse\nwithout an upstream patch, then the bug report will automatically\nbecome visible to the public.",
                "descriptionNum": 1
            },
            {
                "projectName": "oss-fuzz",
                "localId": 47512,
                "sequenceNum": 1,
                "commenter": {
                    "userId": "1950284618",
                    "displayName": "sheriffbot"
                },
                "timestamp": 1652900478,
                "amendments": [
                    {
                        "fieldName": "Labels",
                        "newOrDeltaValue": "Disclosure-2022-08-16"
                    }
                ]
            },
            {
                "projectName": "oss-fuzz",
                "localId": 47512,
                "sequenceNum": 2,
                "commenter": {
                    "userId": "382749006",
                    "displayName": "ClusterFuzz-External"
                },
                "timestamp": 1653490512,
                "content": "ClusterFuzz testcase 6099859930742784 is verified as fixed in https://oss-fuzz.com/revisions?job=libfuzzer_asan_opensc&range=202205240601:202205250610\n\nIf this is incorrect, please file a bug on https://github.com/google/oss-fuzz/issues/new",
                "amendments": [
                    {
                        "fieldName": "Status",
                        "newOrDeltaValue": "Verified",
                        "oldValue": "New"
                    },
                    {
                        "fieldName": "Labels",
                        "newOrDeltaValue": "ClusterFuzz-Verified"
                    }
                ]
            },
            {
                "projectName": "oss-fuzz",
                "localId": 47512,
                "sequenceNum": 3,
                "commenter": {
                    "userId": "1950284618",
                    "displayName": "sheriffbot"
                },
                "timestamp": 1653504241,
                "content": "This bug has been fixed. It has been opened to the public.\n\n- Your friendly Sheriffbot",
                "amendments": [
                    {
                        "fieldName": "Labels",
                        "newOrDeltaValue": "-restrict-view-commit"
                    }
                ]
            }
        ]
    },
    "fix_commit": "74a8f296e0f195916d28e1c928f457e04aa22892",
    "repo_addr": "https://github.com/OpenSC/OpenSC"
}