{
    "fix": "https://github.com/OpenSC/OpenSC/commit/1e4222efcf6d889adaab9d28f32623e5e1055042",
    "verify": "0",
    "localId": 51837,
    "project": "opensc",
    "fuzzer": "afl",
    "sanitizer": "asan",
    "crash_type": "Heap-double-free",
    "severity": "High",
    "report": {
        "comments": [
            {
                "projectName": "oss-fuzz",
                "localId": 51837,
                "commenter": {
                    "userId": "382749006",
                    "displayName": "ClusterFuzz-External"
                },
                "timestamp": 1664178457,
                "content": "Detailed Report: https://oss-fuzz.com/testcase?key=4976861570793472\n\nProject: opensc\nFuzzing Engine: afl\nFuzz Target: fuzz_pkcs15init\nJob Type: afl_asan_opensc\nPlatform Id: linux\n\nCrash Type: Heap-double-free\nCrash Address: 0x606000000140\nCrash State:\n  sc_pkcs15_encode_df\n  sc_pkcs15init_update_any_df\n  sc_pkcs15init_add_object\n  \nSanitizer: address (ASAN)\n\nRecommended Security Severity: High\n\nRegressed: https://oss-fuzz.com/revisions?job=afl_asan_opensc&range=202203080601:202203090601\n\nReproducer Testcase: https://oss-fuzz.com/download?testcase_id=4976861570793472\n\nIssue filed automatically.\n\nSee https://google.github.io/oss-fuzz/advanced-topics/reproducing for instructions to reproduce this bug locally.\nWhen you fix this bug, please\n  * mention the fix revision(s).\n  * state whether the bug was a short-lived regression or an old bug in any stable releases.\n  * add any other useful information.\nThis information can help downstream consumers.\n\nIf you need to contact the OSS-Fuzz team with a question, concern, or any other feedback, please file an issue at https://github.com/google/oss-fuzz/issues. Comments on individual Monorail issues are not monitored.\n\nThis bug is subject to a 90 day disclosure deadline. If 90 days elapse\nwithout an upstream patch, then the bug report will automatically\nbecome visible to the public.",
                "descriptionNum": 1
            },
            {
                "projectName": "oss-fuzz",
                "localId": 51837,
                "sequenceNum": 1,
                "commenter": {
                    "userId": "1950284618",
                    "displayName": "sheriffbot"
                },
                "timestamp": 1664219006,
                "amendments": [
                    {
                        "fieldName": "Labels",
                        "newOrDeltaValue": "Disclosure-2022-12-26"
                    }
                ]
            },
            {
                "projectName": "oss-fuzz",
                "localId": 51837,
                "sequenceNum": 2,
                "commenter": {
                    "userId": "382749006",
                    "displayName": "ClusterFuzz-External"
                },
                "timestamp": 1665758705,
                "content": "ClusterFuzz testcase 4976861570793472 is verified as fixed in https://oss-fuzz.com/revisions?job=afl_asan_opensc&range=202210130615:202210140606\n\nIf this is incorrect, please file a bug on https://github.com/google/oss-fuzz/issues/new",
                "amendments": [
                    {
                        "fieldName": "Status",
                        "newOrDeltaValue": "Verified",
                        "oldValue": "New"
                    },
                    {
                        "fieldName": "Labels",
                        "newOrDeltaValue": "ClusterFuzz-Verified"
                    }
                ]
            },
            {
                "projectName": "oss-fuzz",
                "localId": 51837,
                "sequenceNum": 3,
                "commenter": {
                    "userId": "1950284618",
                    "displayName": "sheriffbot"
                },
                "timestamp": 1665773119,
                "content": "This bug has been fixed. It has been opened to the public.\n\n- Your friendly Sheriffbot",
                "amendments": [
                    {
                        "fieldName": "Labels",
                        "newOrDeltaValue": "-restrict-view-commit"
                    }
                ]
            }
        ]
    },
    "fix_commit": "1e4222efcf6d889adaab9d28f32623e5e1055042",
    "repo_addr": "https://github.com/OpenSC/OpenSC"
}