{
    "fix": "https://github.com/OpenSC/OpenSC/commit/ce773aaaaedd37a66329e0eea3c45f30cb567fe2",
    "verify": "0",
    "localId": 53536,
    "project": "opensc",
    "fuzzer": "afl",
    "sanitizer": "asan",
    "crash_type": "Stack-buffer-overflow READ 1",
    "report": {
        "comments": [
            {
                "projectName": "oss-fuzz",
                "localId": 53536,
                "commenter": {
                    "userId": "382749006",
                    "displayName": "ClusterFuzz-External"
                },
                "timestamp": 1668791186,
                "content": "Detailed Report: https://oss-fuzz.com/testcase?key=5937694220091392\n\nProject: opensc\nFuzzing Engine: afl\nFuzz Target: fuzz_pkcs15_encode\nJob Type: afl_asan_opensc\nPlatform Id: linux\n\nCrash Type: Stack-buffer-overflow READ 1\nCrash Address: 0x7f88e06821c1\nCrash State:\n  authentic_get_tagged_data\n  authentic_parse_credential_data\n  authentic_pin_get_policy\n  \nSanitizer: address (ASAN)\n\nRegressed: https://oss-fuzz.com/revisions?job=afl_asan_opensc&range=202204120606:202204130607\n\nReproducer Testcase: https://oss-fuzz.com/download?testcase_id=5937694220091392\n\nIssue filed automatically.\n\nSee https://google.github.io/oss-fuzz/advanced-topics/reproducing for instructions to reproduce this bug locally.\nWhen you fix this bug, please\n  * mention the fix revision(s).\n  * state whether the bug was a short-lived regression or an old bug in any stable releases.\n  * add any other useful information.\nThis information can help downstream consumers.\n\nIf you need to contact the OSS-Fuzz team with a question, concern, or any other feedback, please file an issue at https://github.com/google/oss-fuzz/issues. Comments on individual Monorail issues are not monitored.\n\nThis bug is subject to a 90 day disclosure deadline. If 90 days elapse\nwithout an upstream patch, then the bug report will automatically\nbecome visible to the public.",
                "descriptionNum": 1
            },
            {
                "projectName": "oss-fuzz",
                "localId": 53536,
                "sequenceNum": 1,
                "commenter": {
                    "userId": "382749006",
                    "displayName": "ClusterFuzz-External"
                },
                "timestamp": 1668794030,
                "content": "This crash occurs very frequently on linux platform and is likely preventing the fuzzer fuzz_pkcs15_encode from making much progress. Fixing this will allow more bugs to be found.\n\nIf this is incorrect, please file a bug on https://github.com/google/oss-fuzz/issues/new",
                "amendments": [
                    {
                        "fieldName": "Labels",
                        "newOrDeltaValue": "Fuzz-Blocker"
                    }
                ]
            },
            {
                "projectName": "oss-fuzz",
                "localId": 53536,
                "sequenceNum": 2,
                "commenter": {
                    "userId": "1950284618",
                    "displayName": "sheriffbot"
                },
                "timestamp": 1668801734,
                "amendments": [
                    {
                        "fieldName": "Labels",
                        "newOrDeltaValue": "Disclosure-2023-02-16"
                    }
                ]
            },
            {
                "projectName": "oss-fuzz",
                "localId": 53536,
                "sequenceNum": 3,
                "commenter": {
                    "userId": "382749006",
                    "displayName": "ClusterFuzz-External"
                },
                "timestamp": 1671554493,
                "content": "ClusterFuzz testcase 5937694220091392 is verified as fixed in https://oss-fuzz.com/revisions?job=afl_asan_opensc&range=202212190607:202212200606\n\nIf this is incorrect, please file a bug on https://github.com/google/oss-fuzz/issues/new",
                "amendments": [
                    {
                        "fieldName": "Status",
                        "newOrDeltaValue": "Verified",
                        "oldValue": "New"
                    },
                    {
                        "fieldName": "Labels",
                        "newOrDeltaValue": "ClusterFuzz-Verified"
                    }
                ]
            },
            {
                "projectName": "oss-fuzz",
                "localId": 53536,
                "sequenceNum": 4,
                "commenter": {
                    "userId": "1950284618",
                    "displayName": "sheriffbot"
                },
                "timestamp": 1671565523,
                "content": "This bug has been fixed. It has been opened to the public.\n\n- Your friendly Sheriffbot",
                "amendments": [
                    {
                        "fieldName": "Labels",
                        "newOrDeltaValue": "-restrict-view-commit"
                    }
                ]
            }
        ]
    },
    "fix_commit": "ce773aaaaedd37a66329e0eea3c45f30cb567fe2",
    "repo_addr": "https://github.com/OpenSC/OpenSC"
}