{
    "fix": "https://github.com/OpenSC/OpenSC/commit/a97e702bb8e66b4f5b6230b9962b7d36869237bc",
    "verify": "0",
    "localId": 55851,
    "project": "opensc",
    "fuzzer": "honggfuzz",
    "sanitizer": "asan",
    "crash_type": "Stack-buffer-overflow WRITE {*}",
    "severity": "High",
    "report": {
        "comments": [
            {
                "projectName": "oss-fuzz",
                "localId": 55851,
                "commenter": {
                    "userId": "382749006",
                    "displayName": "ClusterFuzz-External"
                },
                "timestamp": 1676047815,
                "content": "Detailed Report: https://oss-fuzz.com/testcase?key=4691271135657984\n\nProject: opensc\nFuzzing Engine: honggfuzz\nFuzz Target: fuzz_pkcs15init\nJob Type: honggfuzz_asan_opensc\nPlatform Id: linux\n\nCrash Type: Stack-buffer-overflow WRITE {*}\nCrash Address: 0x7ffff7171760\nCrash State:\n  __wrap_strlcpy\n  do_acl\n  process_command\n  \nSanitizer: address (ASAN)\n\nRecommended Security Severity: High\n\nRegressed: https://oss-fuzz.com/revisions?job=honggfuzz_asan_opensc&range=202302090603:202302100610\n\nReproducer Testcase: https://oss-fuzz.com/download?testcase_id=4691271135657984\n\nIssue filed automatically.\n\nSee https://google.github.io/oss-fuzz/advanced-topics/reproducing for instructions to reproduce this bug locally.\nWhen you fix this bug, please\n  * mention the fix revision(s).\n  * state whether the bug was a short-lived regression or an old bug in any stable releases.\n  * add any other useful information.\nThis information can help downstream consumers.\n\nIf you need to contact the OSS-Fuzz team with a question, concern, or any other feedback, please file an issue at https://github.com/google/oss-fuzz/issues. Comments on individual Monorail issues are not monitored.\n\nThis bug is subject to a 90 day disclosure deadline. If 90 days elapse\nwithout an upstream patch, then the bug report will automatically\nbecome visible to the public.",
                "descriptionNum": 1
            },
            {
                "projectName": "oss-fuzz",
                "localId": 55851,
                "sequenceNum": 1,
                "commenter": {
                    "userId": "1950284618",
                    "displayName": "sheriffbot"
                },
                "timestamp": 1676231384,
                "amendments": [
                    {
                        "fieldName": "Labels",
                        "newOrDeltaValue": "Disclosure-2023-05-11"
                    }
                ]
            },
            {
                "projectName": "oss-fuzz",
                "localId": 55851,
                "sequenceNum": 2,
                "commenter": {
                    "userId": "382749006",
                    "displayName": "ClusterFuzz-External"
                },
                "timestamp": 1678976971,
                "content": "ClusterFuzz testcase 4691271135657984 is verified as fixed in https://oss-fuzz.com/revisions?job=honggfuzz_asan_opensc&range=202303150617:202303160608\n\nIf this is incorrect, please file a bug on https://github.com/google/oss-fuzz/issues/new",
                "amendments": [
                    {
                        "fieldName": "Status",
                        "newOrDeltaValue": "Verified",
                        "oldValue": "New"
                    },
                    {
                        "fieldName": "Labels",
                        "newOrDeltaValue": "ClusterFuzz-Verified"
                    }
                ]
            },
            {
                "projectName": "oss-fuzz",
                "localId": 55851,
                "sequenceNum": 3,
                "commenter": {
                    "userId": "1950284618",
                    "displayName": "sheriffbot"
                },
                "timestamp": 1678992422,
                "content": "This bug has been fixed. It has been opened to the public.\n\n- Your friendly Sheriffbot",
                "amendments": [
                    {
                        "fieldName": "Labels",
                        "newOrDeltaValue": "-restrict-view-commit"
                    }
                ]
            }
        ]
    },
    "fix_commit": "a97e702bb8e66b4f5b6230b9962b7d36869237bc",
    "repo_addr": "https://github.com/OpenSC/OpenSC"
}