{
    "fix": "https://github.com/Blosc/c-blosc2/commit/867158a309800402f3603baf5dea7e8de9267f6e",
    "verify": "0",
    "localId": 29287,
    "project": "c-blosc2",
    "fuzzer": "libfuzzer",
    "sanitizer": "asan",
    "crash_type": "UNKNOWN READ",
    "severity": "Medium",
    "report": {
        "comments": [
            {
                "projectName": "oss-fuzz",
                "localId": 29287,
                "commenter": {
                    "userId": "382749006",
                    "displayName": "ClusterFuzz-External"
                },
                "timestamp": 1609868262,
                "content": "Detailed Report: https://oss-fuzz.com/testcase?key=5936592214687744\n\nProject: c-blosc2\nFuzzing Engine: libFuzzer\nFuzz Target: decompress_frame_fuzzer\nJob Type: libfuzzer_asan_i386_c-blosc2\nPlatform Id: linux\n\nCrash Type: UNKNOWN READ\nCrash Address: 0x4bc31f1f\nCrash State:\n  blosc_getitem\n  get_coffset\n  frame_get_lazychunk\n  \nSanitizer: address (ASAN)\n\nRecommended Security Severity: Medium\n\nRegressed: https://oss-fuzz.com/revisions?job=libfuzzer_asan_i386_c-blosc2&range=202011230622:202011240615\n\nReproducer Testcase: https://oss-fuzz.com/download?testcase_id=5936592214687744\n\nIssue filed automatically.\n\nSee https://google.github.io/oss-fuzz/advanced-topics/reproducing for instructions to reproduce this bug locally.\nWhen you fix this bug, please\n  * mention the fix revision(s).\n  * state whether the bug was a short-lived regression or an old bug in any stable releases.\n  * add any other useful information.\nThis information can help downstream consumers.\n\nIf you need to contact the OSS-Fuzz team with a question, concern, or any other feedback, please file an issue at https://github.com/google/oss-fuzz/issues. Comments on individual Monorail issues are not monitored.\n\nThis bug is subject to a 90 day disclosure deadline. If 90 days elapse\nwithout an upstream patch, then the bug report will automatically\nbecome visible to the public.",
                "descriptionNum": 1
            },
            {
                "projectName": "oss-fuzz",
                "localId": 29287,
                "sequenceNum": 1,
                "commenter": {
                    "userId": "1950284618",
                    "displayName": "sheriffbot"
                },
                "timestamp": 1609877000,
                "amendments": [
                    {
                        "fieldName": "Labels",
                        "newOrDeltaValue": "Disclosure-2021-04-05"
                    }
                ]
            },
            {
                "projectName": "oss-fuzz",
                "localId": 29287,
                "sequenceNum": 2,
                "commenter": {
                    "userId": "382749006",
                    "displayName": "ClusterFuzz-External"
                },
                "timestamp": 1610553121,
                "content": "ClusterFuzz testcase 5936592214687744 is verified as fixed in https://oss-fuzz.com/revisions?job=libfuzzer_asan_i386_c-blosc2&range=202101120618:202101130619\n\nIf this is incorrect, please file a bug on https://github.com/google/oss-fuzz/issues/new",
                "amendments": [
                    {
                        "fieldName": "Status",
                        "newOrDeltaValue": "Verified",
                        "oldValue": "New"
                    },
                    {
                        "fieldName": "Labels",
                        "newOrDeltaValue": "ClusterFuzz-Verified"
                    }
                ]
            },
            {
                "projectName": "oss-fuzz",
                "localId": 29287,
                "sequenceNum": 3,
                "commenter": {
                    "userId": "1950284618",
                    "displayName": "sheriffbot"
                },
                "timestamp": 1613159529,
                "content": "This bug has been fixed for 30 days. It has been opened to the public.\n\n- Your friendly Sheriffbot",
                "amendments": [
                    {
                        "fieldName": "Labels",
                        "newOrDeltaValue": "-restrict-view-commit"
                    }
                ]
            }
        ]
    },
    "fix_commit": "867158a309800402f3603baf5dea7e8de9267f6e",
    "repo_addr": "https://github.com/Blosc/c-blosc2.git"
}