{
    "fix": "https://github.com/Blosc/c-blosc2/commit/7f86c209450b39ab7fc898707984e746c7ef2ebb",
    "verify": "0",
    "localId": 29976,
    "project": "c-blosc2",
    "fuzzer": "libfuzzer",
    "sanitizer": "asan",
    "crash_type": "Heap-buffer-overflow READ 1",
    "severity": "Medium",
    "report": {
        "comments": [
            {
                "projectName": "oss-fuzz",
                "localId": 29976,
                "commenter": {
                    "userId": "382749006",
                    "displayName": "ClusterFuzz-External"
                },
                "timestamp": 1611763328,
                "content": "Detailed Report: https://oss-fuzz.com/testcase?key=5963546544439296\n\nProject: c-blosc2\nFuzzing Engine: libFuzzer\nFuzz Target: decompress_frame_fuzzer\nJob Type: libfuzzer_asan_c-blosc2\nPlatform Id: linux\n\nCrash Type: Heap-buffer-overflow READ 1\nCrash Address: 0x6080000000f9\nCrash State:\n  blosc_getitem\n  get_coffset\n  frame_get_lazychunk\n  \nSanitizer: address (ASAN)\n\nRecommended Security Severity: Medium\n\nRegressed: https://oss-fuzz.com/revisions?job=libfuzzer_asan_c-blosc2&range=202101190627:202101200619\n\nReproducer Testcase: https://oss-fuzz.com/download?testcase_id=5963546544439296\n\nIssue filed automatically.\n\nSee https://google.github.io/oss-fuzz/advanced-topics/reproducing for instructions to reproduce this bug locally.\nWhen you fix this bug, please\n  * mention the fix revision(s).\n  * state whether the bug was a short-lived regression or an old bug in any stable releases.\n  * add any other useful information.\nThis information can help downstream consumers.\n\nIf you need to contact the OSS-Fuzz team with a question, concern, or any other feedback, please file an issue at https://github.com/google/oss-fuzz/issues. Comments on individual Monorail issues are not monitored.\n\nThis bug is subject to a 90 day disclosure deadline. If 90 days elapse\nwithout an upstream patch, then the bug report will automatically\nbecome visible to the public.",
                "descriptionNum": 1
            },
            {
                "projectName": "oss-fuzz",
                "localId": 29976,
                "sequenceNum": 1,
                "commenter": {
                    "userId": "1950284618",
                    "displayName": "sheriffbot"
                },
                "timestamp": 1611777861,
                "amendments": [
                    {
                        "fieldName": "Labels",
                        "newOrDeltaValue": "Disclosure-2021-04-27"
                    }
                ]
            },
            {
                "projectName": "oss-fuzz",
                "localId": 29976,
                "sequenceNum": 2,
                "commenter": {
                    "userId": "382749006",
                    "displayName": "ClusterFuzz-External"
                },
                "timestamp": 1611936221,
                "content": "ClusterFuzz testcase 5963546544439296 is verified as fixed in https://oss-fuzz.com/revisions?job=libfuzzer_asan_c-blosc2&range=202101280628:202101290622\n\nIf this is incorrect, please file a bug on https://github.com/google/oss-fuzz/issues/new",
                "amendments": [
                    {
                        "fieldName": "Status",
                        "newOrDeltaValue": "Verified",
                        "oldValue": "New"
                    },
                    {
                        "fieldName": "Labels",
                        "newOrDeltaValue": "ClusterFuzz-Verified"
                    }
                ]
            },
            {
                "projectName": "oss-fuzz",
                "localId": 29976,
                "sequenceNum": 3,
                "commenter": {
                    "userId": "1950284618",
                    "displayName": "sheriffbot"
                },
                "timestamp": 1614714845,
                "content": "This bug has been fixed for 30 days. It has been opened to the public.\n\n- Your friendly Sheriffbot",
                "amendments": [
                    {
                        "fieldName": "Labels",
                        "newOrDeltaValue": "-restrict-view-commit"
                    }
                ]
            }
        ]
    },
    "fix_commit": "7f86c209450b39ab7fc898707984e746c7ef2ebb",
    "repo_addr": "https://github.com/Blosc/c-blosc2.git"
}