{
    "localId": 31535,
    "project": "c-blosc2",
    "fix": "https://github.com/Blosc/c-blosc2/commit/4f6d42ab4b25e781dad94c5324dab8a4dbb702ad",
    "verify": "0",
    "fuzzer": "libfuzzer",
    "sanitizer": "asan",
    "crash_type": "Heap-buffer-overflow READ 16",
    "severity": "Medium",
    "report": {
        "comments": [
            {
                "localId": 31535,
                "descriptionNum": 1,
                "projectName": "oss-fuzz",
                "commenter": {
                    "displayName": "ClusterFuzz-External",
                    "userId": "382749006"
                },
                "content": "Detailed Report: https://oss-fuzz.com/testcase?key=5866489321226240\n\nProject: c-blosc2\nFuzzing Engine: libFuzzer\nFuzz Target: decompress_frame_fuzzer\nJob Type: libfuzzer_asan_c-blosc2\nPlatform Id: linux\n\nCrash Type: Heap-buffer-overflow READ 16\nCrash Address: 0x61000000020a\nCrash State:\n  blosc_read_header\n  blosc2_cbuffer_sizes\n  frame_get_lazychunk\n  \nSanitizer: address (ASAN)\n\nRecommended Security Severity: Medium\n\nRegressed: https://oss-fuzz.com/revisions?job=libfuzzer_asan_c-blosc2&range=202102270613:202102280611\n\nReproducer Testcase: https://oss-fuzz.com/download?testcase_id=5866489321226240\n\nIssue filed automatically.\n\nSee https://google.github.io/oss-fuzz/advanced-topics/reproducing for instructions to reproduce this bug locally.\nWhen you fix this bug, please\n  * mention the fix revision(s).\n  * state whether the bug was a short-lived regression or an old bug in any stable releases.\n  * add any other useful information.\nThis information can help downstream consumers.\n\nIf you need to contact the OSS-Fuzz team with a question, concern, or any other feedback, please file an issue at https://github.com/google/oss-fuzz/issues. Comments on individual Monorail issues are not monitored.\n\nThis bug is subject to a 90 day disclosure deadline. If 90 days elapse\nwithout an upstream patch, then the bug report will automatically\nbecome visible to the public.",
                "timestamp": 1614512008
            },
            {
                "amendments": [
                    {
                        "fieldName": "Status",
                        "oldValue": "New",
                        "newOrDeltaValue": "Verified"
                    },
                    {
                        "fieldName": "Labels",
                        "newOrDeltaValue": "ClusterFuzz-Verified"
                    }
                ],
                "localId": 31535,
                "projectName": "oss-fuzz",
                "commenter": {
                    "displayName": "ClusterFuzz-External",
                    "userId": "382749006"
                },
                "content": "ClusterFuzz testcase 5866489321226240 is verified as fixed in https://oss-fuzz.com/revisions?job=libfuzzer_asan_c-blosc2&range=202103010603:202103020613\n\nIf this is incorrect, please file a bug on https://github.com/google/oss-fuzz/issues/new",
                "sequenceNum": 1,
                "timestamp": 1614702681
            },
            {
                "amendments": [
                    {
                        "fieldName": "Labels",
                        "newOrDeltaValue": "-restrict-view-commit"
                    }
                ],
                "localId": 31535,
                "projectName": "oss-fuzz",
                "commenter": {
                    "displayName": "sheriffbot",
                    "userId": "1950284618"
                },
                "content": "This bug has been fixed. It has been opened to the public.\n\n- Your friendly Sheriffbot",
                "sequenceNum": 2,
                "timestamp": 1616093830
            }
        ]
    },
    "fix_commit": "4f6d42ab4b25e781dad94c5324dab8a4dbb702ad",
    "repo_addr": "https://github.com/Blosc/c-blosc2.git"
}