{
    "fix": "https://github.com/Blosc/c-blosc2/commit/91789b65699fed69b8e31b22b3c02d435b38a24b",
    "verify": "0",
    "localId": 31612,
    "project": "c-blosc2",
    "fuzzer": "libfuzzer",
    "sanitizer": "asan",
    "crash_type": "UNKNOWN",
    "severity": "Medium",
    "report": {
        "comments": [
            {
                "projectName": "oss-fuzz",
                "localId": 31612,
                "commenter": {
                    "userId": "382749006",
                    "displayName": "ClusterFuzz-External"
                },
                "timestamp": 1614706529,
                "content": "Detailed Report: https://oss-fuzz.com/testcase?key=6429394043273216\n\nProject: c-blosc2\nFuzzing Engine: libFuzzer\nFuzz Target: decompress_frame_fuzzer\nJob Type: libfuzzer_asan_i386_c-blosc2\nPlatform Id: linux\n\nCrash Type: UNKNOWN\nCrash Address: 0x30607494\nCrash State:\n  blosc_d\n  _blosc_getitem\n  blosc2_getitem_ctx\n  \nSanitizer: address (ASAN)\n\nRecommended Security Severity: Medium\n\nRegressed: https://oss-fuzz.com/revisions?job=libfuzzer_asan_i386_c-blosc2&range=202102270613:202102280611\n\nReproducer Testcase: https://oss-fuzz.com/download?testcase_id=6429394043273216\n\nIssue filed automatically.\n\nSee https://google.github.io/oss-fuzz/advanced-topics/reproducing for instructions to reproduce this bug locally.\nWhen you fix this bug, please\n  * mention the fix revision(s).\n  * state whether the bug was a short-lived regression or an old bug in any stable releases.\n  * add any other useful information.\nThis information can help downstream consumers.\n\nIf you need to contact the OSS-Fuzz team with a question, concern, or any other feedback, please file an issue at https://github.com/google/oss-fuzz/issues. Comments on individual Monorail issues are not monitored.\n\nThis bug is subject to a 90 day disclosure deadline. If 90 days elapse\nwithout an upstream patch, then the bug report will automatically\nbecome visible to the public.",
                "descriptionNum": 1
            },
            {
                "projectName": "oss-fuzz",
                "localId": 31612,
                "sequenceNum": 1,
                "commenter": {
                    "userId": "382749006",
                    "displayName": "ClusterFuzz-External"
                },
                "timestamp": 1614708120,
                "content": "This crash occurs very frequently on linux platform and is likely preventing the fuzzer decompress_frame_fuzzer from making much progress. Fixing this will allow more bugs to be found.\n\nIf this is incorrect, please file a bug on https://github.com/google/oss-fuzz/issues/new",
                "amendments": [
                    {
                        "fieldName": "Labels",
                        "newOrDeltaValue": "Fuzz-Blocker"
                    }
                ]
            },
            {
                "projectName": "oss-fuzz",
                "localId": 31612,
                "sequenceNum": 2,
                "commenter": {
                    "userId": "1950284618",
                    "displayName": "sheriffbot"
                },
                "timestamp": 1614715531,
                "amendments": [
                    {
                        "fieldName": "Labels",
                        "newOrDeltaValue": "Disclosure-2021-05-31"
                    }
                ]
            },
            {
                "projectName": "oss-fuzz",
                "localId": 31612,
                "sequenceNum": 3,
                "commenter": {
                    "userId": "382749006",
                    "displayName": "ClusterFuzz-External"
                },
                "timestamp": 1615821154,
                "content": "ClusterFuzz testcase 6429394043273216 is verified as fixed in https://oss-fuzz.com/revisions?job=libfuzzer_asan_i386_c-blosc2&range=202103140622:202103150611\n\nIf this is incorrect, please file a bug on https://github.com/google/oss-fuzz/issues/new",
                "amendments": [
                    {
                        "fieldName": "Status",
                        "newOrDeltaValue": "Verified",
                        "oldValue": "New"
                    },
                    {
                        "fieldName": "Labels",
                        "newOrDeltaValue": "ClusterFuzz-Verified"
                    }
                ]
            },
            {
                "projectName": "oss-fuzz",
                "localId": 31612,
                "sequenceNum": 4,
                "commenter": {
                    "userId": "1950284618",
                    "displayName": "sheriffbot"
                },
                "timestamp": 1616093845,
                "content": "This bug has been fixed. It has been opened to the public.\n\n- Your friendly Sheriffbot",
                "amendments": [
                    {
                        "fieldName": "Labels",
                        "newOrDeltaValue": "-restrict-view-commit"
                    }
                ]
            }
        ]
    },
    "fix_commit": "91789b65699fed69b8e31b22b3c02d435b38a24b",
    "repo_addr": "https://github.com/Blosc/c-blosc2.git"
}