{
    "fix": "https://github.com/Blosc/c-blosc2/commit/6c7e68cbd611d9a19808c29417eb731e1b4eb829",
    "verify": "0",
    "localId": 31637,
    "project": "c-blosc2",
    "fuzzer": "libfuzzer",
    "sanitizer": "asan",
    "crash_type": "UNKNOWN READ",
    "severity": "Medium",
    "report": {
        "comments": [
            {
                "projectName": "oss-fuzz",
                "localId": 31637,
                "commenter": {
                    "userId": "382749006",
                    "displayName": "ClusterFuzz-External"
                },
                "timestamp": 1614745389,
                "content": "Detailed Report: https://oss-fuzz.com/testcase?key=5381757399597056\n\nProject: c-blosc2\nFuzzing Engine: libFuzzer\nFuzz Target: decompress_frame_fuzzer\nJob Type: libfuzzer_asan_i386_c-blosc2\nPlatform Id: linux\n\nCrash Type: UNKNOWN READ\nCrash Address: 0x62001028\nCrash State:\n  bshuf_trans_byte_bitrow_sse2\n  bshuf_trans_byte_bitrow_avx2\n  bshuf_untrans_bit_elem_avx2\n  \nSanitizer: address (ASAN)\n\nRecommended Security Severity: Medium\n\nRegressed: https://oss-fuzz.com/revisions?job=libfuzzer_asan_i386_c-blosc2&range=202102270613:202102280611\n\nReproducer Testcase: https://oss-fuzz.com/download?testcase_id=5381757399597056\n\nIssue filed automatically.\n\nSee https://google.github.io/oss-fuzz/advanced-topics/reproducing for instructions to reproduce this bug locally.\nWhen you fix this bug, please\n  * mention the fix revision(s).\n  * state whether the bug was a short-lived regression or an old bug in any stable releases.\n  * add any other useful information.\nThis information can help downstream consumers.\n\nIf you need to contact the OSS-Fuzz team with a question, concern, or any other feedback, please file an issue at https://github.com/google/oss-fuzz/issues. Comments on individual Monorail issues are not monitored.\n\nThis bug is subject to a 90 day disclosure deadline. If 90 days elapse\nwithout an upstream patch, then the bug report will automatically\nbecome visible to the public.",
                "descriptionNum": 1
            },
            {
                "projectName": "oss-fuzz",
                "localId": 31637,
                "sequenceNum": 1,
                "commenter": {
                    "userId": "1950284618",
                    "displayName": "sheriffbot"
                },
                "timestamp": 1614801970,
                "amendments": [
                    {
                        "fieldName": "Labels",
                        "newOrDeltaValue": "Disclosure-2021-06-01"
                    }
                ]
            },
            {
                "projectName": "oss-fuzz",
                "localId": 31637,
                "sequenceNum": 2,
                "commenter": {
                    "userId": "382749006",
                    "displayName": "ClusterFuzz-External"
                },
                "timestamp": 1615131959,
                "content": "ClusterFuzz testcase 5381757399597056 is verified as fixed in https://oss-fuzz.com/revisions?job=libfuzzer_asan_i386_c-blosc2&range=202103060626:202103070630\n\nIf this is incorrect, please file a bug on https://github.com/google/oss-fuzz/issues/new",
                "amendments": [
                    {
                        "fieldName": "Status",
                        "newOrDeltaValue": "Verified",
                        "oldValue": "New"
                    },
                    {
                        "fieldName": "Labels",
                        "newOrDeltaValue": "ClusterFuzz-Verified"
                    }
                ]
            },
            {
                "projectName": "oss-fuzz",
                "localId": 31637,
                "sequenceNum": 3,
                "commenter": {
                    "userId": "1950284618",
                    "displayName": "sheriffbot"
                },
                "timestamp": 1616093849,
                "content": "This bug has been fixed. It has been opened to the public.\n\n- Your friendly Sheriffbot",
                "amendments": [
                    {
                        "fieldName": "Labels",
                        "newOrDeltaValue": "-restrict-view-commit"
                    }
                ]
            }
        ]
    },
    "fix_commit": "6c7e68cbd611d9a19808c29417eb731e1b4eb829",
    "repo_addr": "https://github.com/Blosc/c-blosc2.git"
}