{
    "fix": "https://github.com/Blosc/c-blosc2/commit/d77d3ebe14d6fb7085fde26c30678a82f6fe562c",
    "verify": "0",
    "localId": 43461,
    "project": "c-blosc2",
    "fuzzer": "libfuzzer",
    "sanitizer": "msan",
    "crash_type": "UNKNOWN WRITE",
    "severity": "High",
    "report": {
        "comments": [
            {
                "projectName": "oss-fuzz",
                "localId": 43461,
                "commenter": {
                    "userId": "382749006",
                    "displayName": "ClusterFuzz-External"
                },
                "timestamp": 1641706667,
                "content": "Detailed Report: https://oss-fuzz.com/testcase?key=6439766667689984\n\nProject: c-blosc2\nFuzzing Engine: libFuzzer\nFuzz Target: decompress_chunk_fuzzer\nJob Type: libfuzzer_msan_c-blosc2\nPlatform Id: linux\n\nCrash Type: UNKNOWN WRITE\nCrash Address: 0x71e000010000\nCrash State:\n  ndlz4_decompress\n  ndlz_decompress\n  blosc_d\n  \nSanitizer: memory (MSAN)\n\nRecommended Security Severity: High\n\nRegressed: https://oss-fuzz.com/revisions?job=libfuzzer_msan_c-blosc2&range=202106130600:202106140626\n\nReproducer Testcase: https://oss-fuzz.com/download?testcase_id=6439766667689984\n\nIssue filed automatically.\n\nSee https://google.github.io/oss-fuzz/advanced-topics/reproducing for instructions to reproduce this bug locally.\nWhen you fix this bug, please\n  * mention the fix revision(s).\n  * state whether the bug was a short-lived regression or an old bug in any stable releases.\n  * add any other useful information.\nThis information can help downstream consumers.\n\nIf you need to contact the OSS-Fuzz team with a question, concern, or any other feedback, please file an issue at https://github.com/google/oss-fuzz/issues. Comments on individual Monorail issues are not monitored.\n\nThis bug is subject to a 90 day disclosure deadline. If 90 days elapse\nwithout an upstream patch, then the bug report will automatically\nbecome visible to the public.",
                "descriptionNum": 1
            },
            {
                "projectName": "oss-fuzz",
                "localId": 43461,
                "sequenceNum": 1,
                "commenter": {
                    "userId": "1950284618",
                    "displayName": "sheriffbot"
                },
                "timestamp": 1641757936,
                "amendments": [
                    {
                        "fieldName": "Labels",
                        "newOrDeltaValue": "Disclosure-2022-04-11"
                    }
                ]
            },
            {
                "projectName": "oss-fuzz",
                "localId": 43461,
                "sequenceNum": 2,
                "commenter": {
                    "userId": "382749006",
                    "displayName": "ClusterFuzz-External"
                },
                "timestamp": 1642083869,
                "content": "This crash occurs very frequently on linux platform and is likely preventing the fuzzer decompress_chunk_fuzzer from making much progress. Fixing this will allow more bugs to be found.\n\nIf this is incorrect, please file a bug on https://github.com/google/oss-fuzz/issues/new",
                "amendments": [
                    {
                        "fieldName": "Labels",
                        "newOrDeltaValue": "Fuzz-Blocker"
                    }
                ]
            },
            {
                "projectName": "oss-fuzz",
                "localId": 43461,
                "sequenceNum": 3,
                "commenter": {
                    "userId": "1950284618",
                    "displayName": "sheriffbot"
                },
                "timestamp": 1649096781,
                "content": "This bug is approaching its deadline for being fixed, and will be automatically derestricted within 7 days. If a fix is planned within 2 weeks after the deadline has passed, a grace extension can be granted.\n\n- Your friendly Sheriffbot",
                "amendments": [
                    {
                        "fieldName": "Labels",
                        "newOrDeltaValue": "Deadline-Approaching"
                    }
                ]
            },
            {
                "projectName": "oss-fuzz",
                "localId": 43461,
                "sequenceNum": 4,
                "commenter": {
                    "userId": "1950284618",
                    "displayName": "sheriffbot"
                },
                "timestamp": 1649702029,
                "content": "This bug has exceeded our disclosure deadline. It has been opened to the public.\n\n- Your friendly Sheriffbot",
                "amendments": [
                    {
                        "fieldName": "Labels",
                        "newOrDeltaValue": "-restrict-view-commit -deadline-approaching Deadline-Exceeded"
                    }
                ]
            },
            {
                "projectName": "oss-fuzz",
                "localId": 43461,
                "sequenceNum": 5,
                "commenter": {
                    "userId": "382749006",
                    "displayName": "ClusterFuzz-External"
                },
                "timestamp": 1675443232,
                "content": "ClusterFuzz testcase 6439766667689984 is verified as fixed in https://oss-fuzz.com/revisions?job=libfuzzer_msan_c-blosc2&range=202204050609:202302030617\n\nIf this is incorrect, please file a bug on https://github.com/google/oss-fuzz/issues/new",
                "amendments": [
                    {
                        "fieldName": "Status",
                        "newOrDeltaValue": "Verified",
                        "oldValue": "New"
                    },
                    {
                        "fieldName": "Labels",
                        "newOrDeltaValue": "ClusterFuzz-Verified"
                    }
                ]
            }
        ]
    },
    "fix_commit": "d77d3ebe14d6fb7085fde26c30678a82f6fe562c",
    "repo_addr": "https://github.com/Blosc/c-blosc2.git"
}