{
    "fix": "https://github.com/DanBloomberg/leptonica/commit/7a74abcd7b574109d8ad29b0dd5583f3963a6939",
    "verify": "0",
    "localId": 19723,
    "project": "leptonica",
    "fuzzer": "libfuzzer",
    "sanitizer": "asan",
    "crash_type": "Heap-use-after-free READ {*}",
    "severity": "Medium",
    "report": {
        "comments": [
            {
                "projectName": "oss-fuzz",
                "localId": 19723,
                "commenter": {
                    "userId": "382749006",
                    "displayName": "ClusterFuzz-External"
                },
                "timestamp": 1577509230,
                "content": "Detailed Report: https://oss-fuzz.com/testcase?key=5690783302942720\n\nProject: leptonica\nFuzzing Engine: libFuzzer\nFuzz Target: pix_rotate_shear_fuzzer\nJob Type: libfuzzer_asan_leptonica\nPlatform Id: linux\n\nCrash Type: Heap-use-after-free READ {*}\nCrash Address: 0x607000000355\nCrash State:\n  pixReadMemBmp\n  pixReadMem\n  pix_rotate_shear_fuzzer.cc\n  \nSanitizer: address (ASAN)\n\nRecommended Security Severity: Medium\n\nRegressed: https://oss-fuzz.com/revisions?job=libfuzzer_asan_leptonica&range=201912240356:201912250355\n\nReproducer Testcase: https://oss-fuzz.com/download?testcase_id=5690783302942720\n\nIssue filed automatically.\n\nSee https://google.github.io/oss-fuzz/advanced-topics/reproducing for instructions to reproduce this bug locally.\nWhen you fix this bug, please\n  * mention the fix revision(s).\n  * state whether the bug was a short-lived regression or an old bug in any stable releases.\n  * add any other useful information.\nThis information can help downstream consumers.\n\nIf you need to contact the OSS-Fuzz team with a question, concern, or any other feedback, please file an issue at https://github.com/google/oss-fuzz/issues. Comments on individual Monorail issues are not monitored.\n\nThis bug is subject to a 90 day disclosure deadline. If 90 days elapse\nwithout an upstream patch, then the bug report will automatically\nbecome visible to the public.",
                "descriptionNum": 1
            },
            {
                "projectName": "oss-fuzz",
                "localId": 19723,
                "sequenceNum": 1,
                "commenter": {
                    "userId": "4164592774",
                    "displayName": "sheriffbot@chromium.org"
                },
                "timestamp": 1577551717,
                "amendments": [
                    {
                        "fieldName": "Labels",
                        "newOrDeltaValue": "Disclosure-2020-03-27"
                    }
                ]
            },
            {
                "projectName": "oss-fuzz",
                "localId": 19723,
                "sequenceNum": 2,
                "commenter": {
                    "userId": "382749006",
                    "displayName": "ClusterFuzz-External"
                },
                "timestamp": 1577632268,
                "content": "ClusterFuzz testcase 5690783302942720 is verified as fixed in https://oss-fuzz.com/revisions?job=libfuzzer_asan_leptonica&range=201912270404:201912290403\n\nIf this is incorrect, please file a bug on https://github.com/google/oss-fuzz/issues/new",
                "amendments": [
                    {
                        "fieldName": "Status",
                        "newOrDeltaValue": "Verified",
                        "oldValue": "New"
                    },
                    {
                        "fieldName": "Labels",
                        "newOrDeltaValue": "ClusterFuzz-Verified"
                    }
                ]
            },
            {
                "projectName": "oss-fuzz",
                "localId": 19723,
                "sequenceNum": 3,
                "commenter": {
                    "userId": "4164592774",
                    "displayName": "sheriffbot@chromium.org"
                },
                "timestamp": 1580235256,
                "content": "This bug has been fixed for 30 days. It has been opened to the public.\n\n- Your friendly Sheriffbot",
                "amendments": [
                    {
                        "fieldName": "Labels",
                        "newOrDeltaValue": "-restrict-view-commit"
                    }
                ]
            }
        ]
    },
    "fix_commit": "7a74abcd7b574109d8ad29b0dd5583f3963a6939",
    "repo_addr": "https://github.com/DanBloomberg/leptonica.git"
}