{
    "fix": "https://github.com/DanBloomberg/leptonica/commit/33e0c892ff0036da5d23dce834f384df786c91bb",
    "verify": "0",
    "localId": 22295,
    "project": "leptonica",
    "fuzzer": "honggfuzz",
    "sanitizer": "asan",
    "crash_type": "Heap-buffer-overflow READ 1",
    "severity": "Medium",
    "report": {
        "comments": [
            {
                "projectName": "oss-fuzz",
                "localId": 22295,
                "commenter": {
                    "userId": "382749006",
                    "displayName": "ClusterFuzz-External"
                },
                "timestamp": 1589697813,
                "content": "Detailed Report: https://oss-fuzz.com/testcase?key=5686984648687616\n\nProject: leptonica\nFuzzing Engine: honggfuzz\nFuzz Target: enhance_fuzzer\nJob Type: honggfuzz_asan_leptonica\nPlatform Id: linux\n\nCrash Type: Heap-buffer-overflow READ 1\nCrash Address: 0x60200000009a\nCrash State:\n  pixGetRGBComponentCmap\n  pixGetRGBComponent\n  pixUnsharpMasking\n  \nSanitizer: address (ASAN)\n\nRecommended Security Severity: Medium\n\nRegressed: https://oss-fuzz.com/revisions?job=honggfuzz_asan_leptonica&range=202004240215:202004290214\n\nReproducer Testcase: https://oss-fuzz.com/download?testcase_id=5686984648687616\n\nIssue filed automatically.\n\nSee https://google.github.io/oss-fuzz/advanced-topics/reproducing for instructions to reproduce this bug locally.\nWhen you fix this bug, please\n  * mention the fix revision(s).\n  * state whether the bug was a short-lived regression or an old bug in any stable releases.\n  * add any other useful information.\nThis information can help downstream consumers.\n\nIf you need to contact the OSS-Fuzz team with a question, concern, or any other feedback, please file an issue at https://github.com/google/oss-fuzz/issues. Comments on individual Monorail issues are not monitored.\n\nThis bug is subject to a 90 day disclosure deadline. If 90 days elapse\nwithout an upstream patch, then the bug report will automatically\nbecome visible to the public.",
                "descriptionNum": 1
            },
            {
                "projectName": "oss-fuzz",
                "localId": 22295,
                "sequenceNum": 1,
                "commenter": {
                    "userId": "1950284618",
                    "displayName": "sheriffbot"
                },
                "timestamp": 1589746240,
                "amendments": [
                    {
                        "fieldName": "Labels",
                        "newOrDeltaValue": "Disclosure-2020-08-17"
                    }
                ]
            },
            {
                "projectName": "oss-fuzz",
                "localId": 22295,
                "sequenceNum": 2,
                "commenter": {
                    "userId": "3708384834",
                    "displayName": "dbloomberg@google.com"
                },
                "timestamp": 1589781368,
                "content": "Believe now fixed.\n\nNow checking that the image pixel values cannot exceed the size of the colormap.\n\nAlso fixed a bug in pixUnsharpMasking() where we weren't using the RGB image after it was made.  This should have been ok, except it exposed the problem indexing into the colormap.",
                "amendments": [
                    {
                        "fieldName": "Status",
                        "newOrDeltaValue": "Fixed",
                        "oldValue": "New"
                    }
                ]
            },
            {
                "projectName": "oss-fuzz",
                "localId": 22295,
                "sequenceNum": 3,
                "commenter": {
                    "userId": "382749006",
                    "displayName": "ClusterFuzz-External"
                },
                "timestamp": 1589823106,
                "content": "ClusterFuzz testcase 5686984648687616 is verified as fixed in https://oss-fuzz.com/revisions?job=honggfuzz_asan_leptonica&range=202005170216:202005180650\n\nIf this is incorrect, please file a bug on https://github.com/google/oss-fuzz/issues/new",
                "amendments": [
                    {
                        "fieldName": "Status",
                        "newOrDeltaValue": "Verified",
                        "oldValue": "Fixed"
                    },
                    {
                        "fieldName": "Labels",
                        "newOrDeltaValue": "ClusterFuzz-Verified"
                    }
                ]
            },
            {
                "projectName": "oss-fuzz",
                "localId": 22295,
                "sequenceNum": 4,
                "commenter": {
                    "userId": "1950284618",
                    "displayName": "sheriffbot"
                },
                "timestamp": 1592683304,
                "content": "This bug has been fixed for 30 days. It has been opened to the public.\n\n- Your friendly Sheriffbot",
                "amendments": [
                    {
                        "fieldName": "Labels",
                        "newOrDeltaValue": "-restrict-view-commit"
                    }
                ]
            }
        ]
    },
    "fix_commit": "33e0c892ff0036da5d23dce834f384df786c91bb",
    "repo_addr": "https://github.com/DanBloomberg/leptonica.git"
}