{
    "fix": "https://github.com/DanBloomberg/leptonica/commit/f61f9234eac0cc6729ab15c7f395874c6a65abff",
    "verify": "0",
    "localId": 26967,
    "project": "leptonica",
    "fuzzer": "libfuzzer",
    "sanitizer": "asan",
    "crash_type": "Heap-use-after-free READ 4",
    "severity": "High",
    "report": {
        "comments": [
            {
                "projectName": "oss-fuzz",
                "localId": 26967,
                "commenter": {
                    "userId": "382749006",
                    "displayName": "ClusterFuzz-External"
                },
                "timestamp": 1604491612,
                "content": "Detailed Report: https://oss-fuzz.com/testcase?key=4941737753313280\n\nProject: leptonica\nFuzzing Engine: libFuzzer\nFuzz Target: adaptmap_fuzzer\nJob Type: libfuzzer_asan_leptonica\nPlatform Id: linux\n\nCrash Type: Heap-use-after-free READ 4\nCrash Address: 0x6060000002d4\nCrash State:\n  pixChangeRefcount\n  pixFree\n  pixDestroy\n  \nSanitizer: address (ASAN)\n\nRecommended Security Severity: High\n\nRegressed: https://oss-fuzz.com/revisions?job=libfuzzer_asan_leptonica&range=202011030608:202011040618\n\nReproducer Testcase: https://oss-fuzz.com/download?testcase_id=4941737753313280\n\nIssue filed automatically.\n\nSee https://google.github.io/oss-fuzz/advanced-topics/reproducing for instructions to reproduce this bug locally.\nWhen you fix this bug, please\n  * mention the fix revision(s).\n  * state whether the bug was a short-lived regression or an old bug in any stable releases.\n  * add any other useful information.\nThis information can help downstream consumers.\n\nIf you need to contact the OSS-Fuzz team with a question, concern, or any other feedback, please file an issue at https://github.com/google/oss-fuzz/issues. Comments on individual Monorail issues are not monitored.\n\nThis bug is subject to a 90 day disclosure deadline. If 90 days elapse\nwithout an upstream patch, then the bug report will automatically\nbecome visible to the public.",
                "descriptionNum": 1
            },
            {
                "projectName": "oss-fuzz",
                "localId": 26967,
                "sequenceNum": 1,
                "commenter": {
                    "userId": "1950284618",
                    "displayName": "sheriffbot"
                },
                "timestamp": 1604520412,
                "amendments": [
                    {
                        "fieldName": "Labels",
                        "newOrDeltaValue": "Disclosure-2021-02-02"
                    }
                ]
            },
            {
                "projectName": "oss-fuzz",
                "localId": 26967,
                "sequenceNum": 2,
                "commenter": {
                    "userId": "3708384834",
                    "displayName": "dbloomberg@google.com"
                },
                "timestamp": 1604528364,
                "content": "@AdamKorcz fixed this",
                "amendments": [
                    {
                        "fieldName": "Status",
                        "newOrDeltaValue": "Fixed",
                        "oldValue": "New"
                    }
                ]
            },
            {
                "projectName": "oss-fuzz",
                "localId": 26967,
                "sequenceNum": 3,
                "commenter": {
                    "userId": "382749006",
                    "displayName": "ClusterFuzz-External"
                },
                "timestamp": 1604590367,
                "content": "ClusterFuzz testcase 4941737753313280 is verified as fixed in https://oss-fuzz.com/revisions?job=libfuzzer_asan_leptonica&range=202011040618:202011050629\n\nIf this is incorrect, please file a bug on https://github.com/google/oss-fuzz/issues/new",
                "amendments": [
                    {
                        "fieldName": "Status",
                        "newOrDeltaValue": "Verified",
                        "oldValue": "Fixed"
                    },
                    {
                        "fieldName": "Labels",
                        "newOrDeltaValue": "ClusterFuzz-Verified"
                    }
                ]
            },
            {
                "projectName": "oss-fuzz",
                "localId": 26967,
                "sequenceNum": 4,
                "commenter": {
                    "userId": "1950284618",
                    "displayName": "sheriffbot"
                },
                "timestamp": 1607198043,
                "content": "This bug has been fixed for 30 days. It has been opened to the public.\n\n- Your friendly Sheriffbot",
                "amendments": [
                    {
                        "fieldName": "Labels",
                        "newOrDeltaValue": "-restrict-view-commit"
                    }
                ]
            }
        ]
    },
    "fix_commit": "f61f9234eac0cc6729ab15c7f395874c6a65abff",
    "repo_addr": "https://github.com/DanBloomberg/leptonica.git"
}