{
    "fix": "https://github.com/DanBloomberg/leptonica/commit/4cb5129c2a9eea3e836bbcd2439ad6077f994dd0",
    "verify": "0",
    "localId": 27592,
    "project": "leptonica",
    "fuzzer": "libfuzzer",
    "sanitizer": "msan",
    "crash_type": "Use-of-uninitialized-value",
    "severity": "Medium",
    "report": {
        "comments": [
            {
                "projectName": "oss-fuzz",
                "localId": 27592,
                "commenter": {
                    "userId": "382749006",
                    "displayName": "ClusterFuzz-External"
                },
                "timestamp": 1605688853,
                "content": "Detailed Report: https://oss-fuzz.com/testcase?key=5152507776729088\n\nProject: leptonica\nFuzzing Engine: libFuzzer\nFuzz Target: pix_rotate_shear_fuzzer\nJob Type: libfuzzer_msan_leptonica\nPlatform Id: linux\n\nCrash Type: Use-of-uninitialized-value\nCrash Address: \nCrash State:\n  ycck_cmyk_convert\n  sep_upsample\n  process_data_simple_main\n  \nSanitizer: memory (MSAN)\n\nRecommended Security Severity: Medium\n\nCrash Revision: https://oss-fuzz.com/revisions?job=libfuzzer_msan_leptonica&revision=202011170610\n\nReproducer Testcase: https://oss-fuzz.com/download?testcase_id=5152507776729088\n\nIssue filed automatically.\n\nSee https://google.github.io/oss-fuzz/advanced-topics/reproducing for instructions to reproduce this bug locally.\nWhen you fix this bug, please\n  * mention the fix revision(s).\n  * state whether the bug was a short-lived regression or an old bug in any stable releases.\n  * add any other useful information.\nThis information can help downstream consumers.\n\nIf you need to contact the OSS-Fuzz team with a question, concern, or any other feedback, please file an issue at https://github.com/google/oss-fuzz/issues. Comments on individual Monorail issues are not monitored.\n\nThis bug is subject to a 90 day disclosure deadline. If 90 days elapse\nwithout an upstream patch, then the bug report will automatically\nbecome visible to the public.",
                "descriptionNum": 1
            },
            {
                "projectName": "oss-fuzz",
                "localId": 27592,
                "sequenceNum": 1,
                "commenter": {
                    "userId": "1950284618",
                    "displayName": "sheriffbot"
                },
                "timestamp": 1605730311,
                "amendments": [
                    {
                        "fieldName": "Labels",
                        "newOrDeltaValue": "Disclosure-2021-02-16"
                    }
                ]
            },
            {
                "projectName": "oss-fuzz",
                "localId": 27592,
                "sequenceNum": 2,
                "commenter": {
                    "userId": "3708384834",
                    "displayName": "dbloomberg@google.com"
                },
                "timestamp": 1605763746,
                "content": "This is an internal jpeg error, which we have seen a few times.\nI'm fairly sure it can't be corrected in leptonica, so we'll avoid\ngoing into that code with the fuzzer.",
                "amendments": [
                    {
                        "fieldName": "Status",
                        "newOrDeltaValue": "Fixed",
                        "oldValue": "New"
                    }
                ]
            },
            {
                "projectName": "oss-fuzz",
                "localId": 27592,
                "sequenceNum": 3,
                "commenter": {
                    "userId": "382749006",
                    "displayName": "ClusterFuzz-External"
                },
                "timestamp": 1605800652,
                "content": "ClusterFuzz testcase 5152507776729088 is verified as fixed in https://oss-fuzz.com/revisions?job=libfuzzer_msan_leptonica&range=202011180605:202011190612\n\nIf this is incorrect, please file a bug on https://github.com/google/oss-fuzz/issues/new",
                "amendments": [
                    {
                        "fieldName": "Status",
                        "newOrDeltaValue": "Verified",
                        "oldValue": "Fixed"
                    },
                    {
                        "fieldName": "Labels",
                        "newOrDeltaValue": "ClusterFuzz-Verified"
                    }
                ]
            },
            {
                "projectName": "oss-fuzz",
                "localId": 27592,
                "sequenceNum": 4,
                "commenter": {
                    "userId": "1950284618",
                    "displayName": "sheriffbot"
                },
                "timestamp": 1608407499,
                "content": "This bug has been fixed for 30 days. It has been opened to the public.\n\n- Your friendly Sheriffbot",
                "amendments": [
                    {
                        "fieldName": "Labels",
                        "newOrDeltaValue": "-restrict-view-commit"
                    }
                ]
            }
        ]
    },
    "fix_commit": "4cb5129c2a9eea3e836bbcd2439ad6077f994dd0",
    "repo_addr": "https://github.com/DanBloomberg/leptonica.git"
}