{
    "fix": "https://github.com/OSGeo/proj.4/commit/1b1d3bd77237ac574e3d5c8f4c3cc50bdadac76a",
    "verify": "0",
    "localId": 3630,
    "project": "proj.4",
    "fuzzer": "libfuzzer",
    "sanitizer": "asan",
    "crash_type": "Heap-use-after-free WRITE 8",
    "severity": "High",
    "report": {
        "comments": [
            {
                "projectName": "oss-fuzz",
                "localId": 3630,
                "commenter": {
                    "userId": "382749006",
                    "displayName": "ClusterFuzz-External"
                },
                "timestamp": 1507883106,
                "content": "Detailed report: https://oss-fuzz.com/testcase?key=6325763662938112\n\nProject: proj4\nFuzzer: libFuzzer_proj4_standard_fuzzer\nFuzz target binary: standard_fuzzer\nJob Type: libfuzzer_asan_proj4\nPlatform Id: linux\n\nCrash Type: Heap-use-after-free WRITE 8\nCrash Address: 0x6170000001c0\nCrash State:\n  pj_projection_specific_setup_lsat\n  pj_init_ctx\n  pj_init_plus_ctx\n  \nSanitizer: address (ASAN)\n\nRecommended Security Severity: High\n\nRegressed: https://oss-fuzz.com/revisions?job=libfuzzer_asan_proj4&range=201710060516:201710070516\n\nReproducer Testcase: https://oss-fuzz.com/download?testcase_id=6325763662938112\n\nIssue filed automatically.\n\nSee https://github.com/google/oss-fuzz/blob/master/docs/reproducing.md for more information.\n\nThis bug is subject to a 90 day disclosure deadline. If 90 days elapse\nwithout an upstream patch, then the bug report will automatically\nbecome visible to the public.\n\nWhen you fix this bug, please\n  * mention the fix revision(s).\n  * state whether the bug was a short-lived regression or an old bug in any stable releases.\n  * add any other useful information.\nThis information can help downstream consumers.\n\nIf you have questions for the OSS-Fuzz team, please file an issue at https://github.com/google/oss-fuzz/issues.",
                "descriptionNum": 1
            },
            {
                "projectName": "oss-fuzz",
                "localId": 3630,
                "sequenceNum": 1,
                "commenter": {
                    "userId": "382749006",
                    "displayName": "ClusterFuzz-External"
                },
                "timestamp": 1507885873,
                "content": "Testcase 6325763662938112 is a top crash on ClusterFuzz for linux platform. Please prioritize fixing this crash.\n\nIf this is incorrect, please file a bug on https://github.com/google/oss-fuzz/issues/new",
                "amendments": [
                    {
                        "fieldName": "Labels",
                        "newOrDeltaValue": "ClusterFuzz-Top-Crash"
                    }
                ]
            },
            {
                "projectName": "oss-fuzz",
                "localId": 3630,
                "sequenceNum": 2,
                "commenter": {
                    "userId": "1180288279",
                    "displayName": "knuds...@gmail.com"
                },
                "timestamp": 1507888164,
                "content": "Resolved in https://github.com/OSGeo/proj.4/pull/604"
            },
            {
                "projectName": "oss-fuzz",
                "localId": 3630,
                "sequenceNum": 3,
                "commenter": {
                    "userId": "382749006",
                    "displayName": "ClusterFuzz-External"
                },
                "timestamp": 1507964594,
                "content": "ClusterFuzz has detected this issue as fixed in range 201710130540:201710140002.\n\nDetailed report: https://oss-fuzz.com/testcase?key=6325763662938112\n\nProject: proj4\nFuzzer: libFuzzer_proj4_standard_fuzzer\nFuzz target binary: standard_fuzzer\nJob Type: libfuzzer_asan_proj4\nPlatform Id: linux\n\nCrash Type: Heap-use-after-free WRITE 8\nCrash Address: 0x6170000001c0\nCrash State:\n  pj_projection_specific_setup_lsat\n  pj_init_ctx\n  pj_init_plus_ctx\n  \nSanitizer: address (ASAN)\n\nRecommended Security Severity: High\n\nRegressed: https://oss-fuzz.com/revisions?job=libfuzzer_asan_proj4&range=201710060516:201710070516\nFixed: https://oss-fuzz.com/revisions?job=libfuzzer_asan_proj4&range=201710130540:201710140002\n\nReproducer Testcase: https://oss-fuzz.com/download?testcase_id=6325763662938112\n\nSee https://github.com/google/oss-fuzz/blob/master/docs/reproducing.md for more information.\n\nIf you suspect that the result above is incorrect, try re-doing that job on the test case report page."
            },
            {
                "projectName": "oss-fuzz",
                "localId": 3630,
                "sequenceNum": 4,
                "commenter": {
                    "userId": "382749006",
                    "displayName": "ClusterFuzz-External"
                },
                "timestamp": 1507966658,
                "content": "ClusterFuzz testcase 6325763662938112 is verified as fixed, so closing issue as verified.\n\nIf this is incorrect, please file a bug on https://github.com/google/oss-fuzz/issues/new",
                "amendments": [
                    {
                        "fieldName": "Status",
                        "newOrDeltaValue": "Verified",
                        "oldValue": "New"
                    },
                    {
                        "fieldName": "Labels",
                        "newOrDeltaValue": "ClusterFuzz-Verified"
                    }
                ]
            },
            {
                "projectName": "oss-fuzz",
                "localId": 3630,
                "sequenceNum": 5,
                "commenter": {
                    "userId": "4164592774",
                    "displayName": "sheriffbot@chromium.org"
                },
                "timestamp": 1510581956,
                "content": "This bug has been fixed for 30 days. It has been opened to the public.\n\n- Your friendly Sheriffbot",
                "amendments": [
                    {
                        "fieldName": "Labels",
                        "newOrDeltaValue": "-restrict-view-commit"
                    }
                ]
            },
            {
                "projectName": "oss-fuzz",
                "localId": 3630,
                "sequenceNum": 6,
                "commenter": {
                    "userId": "2965673606",
                    "displayName": "metzman@chromium.org"
                },
                "timestamp": 1551718554,
                "amendments": [
                    {
                        "fieldName": "Labels",
                        "newOrDeltaValue": "Security_Severity-High"
                    }
                ]
            }
        ]
    },
    "fix_commit": "1b1d3bd77237ac574e3d5c8f4c3cc50bdadac76a",
    "repo_addr": "https://github.com/OSGeo/proj.4"
}