{
    "fix": "https://github.com/randy408/libspng/commit/932e9c836ea388dbd0d7a214af78a70373079c9d",
    "verify": "0",
    "localId": 23936,
    "project": "libspng",
    "fuzzer": "libfuzzer",
    "sanitizer": "msan",
    "crash_type": "Use-of-uninitialized-value",
    "severity": "Medium",
    "report": {
        "comments": [
            {
                "projectName": "oss-fuzz",
                "localId": 23936,
                "commenter": {
                    "userId": "382749006",
                    "displayName": "ClusterFuzz-External"
                },
                "timestamp": 1594030432,
                "content": "Detailed Report: https://oss-fuzz.com/testcase?key=4859937025687552\n\nProject: libspng\nFuzzing Engine: libFuzzer\nFuzz Target: spng_read_fuzzer\nJob Type: libfuzzer_msan_libspng\nPlatform Id: linux\n\nCrash Type: Use-of-uninitialized-value\nCrash Address: \nCrash State:\n  spng_read_fuzzer.c\n  spng_read_fuzzer.c\n  \nSanitizer: memory (MSAN)\n\nRecommended Security Severity: Medium\n\nRegressed: https://oss-fuzz.com/revisions?job=libfuzzer_msan_libspng&range=202007050145:202007060144\n\nReproducer Testcase: https://oss-fuzz.com/download?testcase_id=4859937025687552\n\nIssue filed automatically.\n\nSee https://google.github.io/oss-fuzz/advanced-topics/reproducing for instructions to reproduce this bug locally.\nWhen you fix this bug, please\n  * mention the fix revision(s).\n  * state whether the bug was a short-lived regression or an old bug in any stable releases.\n  * add any other useful information.\nThis information can help downstream consumers.\n\nIf you need to contact the OSS-Fuzz team with a question, concern, or any other feedback, please file an issue at https://github.com/google/oss-fuzz/issues. Comments on individual Monorail issues are not monitored.\n\nThis bug is subject to a 90 day disclosure deadline. If 90 days elapse\nwithout an upstream patch, then the bug report will automatically\nbecome visible to the public.",
                "descriptionNum": 1
            },
            {
                "projectName": "oss-fuzz",
                "localId": 23936,
                "sequenceNum": 1,
                "commenter": {
                    "userId": "1950284618",
                    "displayName": "sheriffbot"
                },
                "timestamp": 1594066356,
                "amendments": [
                    {
                        "fieldName": "Labels",
                        "newOrDeltaValue": "Disclosure-2020-10-05"
                    }
                ]
            },
            {
                "projectName": "oss-fuzz",
                "localId": 23936,
                "sequenceNum": 2,
                "commenter": {
                    "userId": "382749006",
                    "displayName": "ClusterFuzz-External"
                },
                "timestamp": 1594137432,
                "content": "ClusterFuzz testcase 4859937025687552 is verified as fixed in https://oss-fuzz.com/revisions?job=libfuzzer_msan_libspng&range=202007060144:202007070145\n\nIf this is incorrect, please file a bug on https://github.com/google/oss-fuzz/issues/new",
                "amendments": [
                    {
                        "fieldName": "Status",
                        "newOrDeltaValue": "Verified",
                        "oldValue": "New"
                    },
                    {
                        "fieldName": "Labels",
                        "newOrDeltaValue": "ClusterFuzz-Verified"
                    }
                ]
            },
            {
                "projectName": "oss-fuzz",
                "localId": 23936,
                "sequenceNum": 3,
                "commenter": {
                    "userId": "914560328",
                    "displayName": "randy...@gmail.com"
                },
                "timestamp": 1594137588,
                "content": "This was a bug in the fuzz target, not the library itself."
            },
            {
                "projectName": "oss-fuzz",
                "localId": 23936,
                "sequenceNum": 4,
                "commenter": {
                    "userId": "1950284618",
                    "displayName": "sheriffbot"
                },
                "timestamp": 1596744600,
                "content": "This bug has been fixed for 30 days. It has been opened to the public.\n\n- Your friendly Sheriffbot",
                "amendments": [
                    {
                        "fieldName": "Labels",
                        "newOrDeltaValue": "-restrict-view-commit"
                    }
                ]
            }
        ]
    },
    "fix_commit": "932e9c836ea388dbd0d7a214af78a70373079c9d",
    "repo_addr": "https://github.com/randy408/libspng.git"
}