{
    "fix": "https://android.googlesource.com/platform/external/libmpeg2/+/2caf20ff25c090341965cc88b7f31f129e806a3a%5E%21/",
    "verify": "0",
    "localId": 16813,
    "project": "libmpeg2",
    "fuzzer": "libfuzzer",
    "sanitizer": "asan",
    "crash_type": "UNKNOWN WRITE",
    "severity": "High",
    "report": {
        "comments": [
            {
                "projectName": "oss-fuzz",
                "localId": 16813,
                "commenter": {
                    "userId": "382749006",
                    "displayName": "ClusterFuzz-External"
                },
                "timestamp": 1566929686,
                "content": "Detailed Report: https://oss-fuzz.com/testcase?key=5658943661015040\n\nProject: libmpeg2\nFuzzing Engine: libFuzzer\nFuzz Target: mpeg2_dec_fuzzer\nJob Type: libfuzzer_asan_i386_libmpeg2\nPlatform Id: linux\n\nCrash Type: UNKNOWN WRITE\nCrash Address: 0x00088200\nCrash State:\n  ideint_process\n  impeg2d_deinterlace\n  impeg2d_dec_pic_data_thread\n  \nSanitizer: address (ASAN)\n\nRecommended Security Severity: High\n\nCrash Revision: https://oss-fuzz.com/revisions?job=libfuzzer_asan_i386_libmpeg2&revision=201908270316\n\nReproducer Testcase: https://oss-fuzz.com/download?testcase_id=5658943661015040\n\nIssue filed automatically.\n\nSee https://google.github.io/oss-fuzz/advanced-topics/reproducing for instructions to reproduce this bug locally.\n\nThis bug is subject to a 90 day disclosure deadline. If 90 days elapse\nwithout an upstream patch, then the bug report will automatically\nbecome visible to the public.",
                "descriptionNum": 1
            },
            {
                "projectName": "oss-fuzz",
                "localId": 16813,
                "sequenceNum": 1,
                "commenter": {
                    "userId": "3669951510",
                    "displayName": "haris...@ittiam.com"
                },
                "timestamp": 1567551420,
                "content": "Fixed as part of b/136697219 in internal/master.\nAwaiting security team review to push to aosp/master"
            },
            {
                "projectName": "oss-fuzz",
                "localId": 16813,
                "sequenceNum": 2,
                "commenter": {
                    "userId": "382749006",
                    "displayName": "ClusterFuzz-External"
                },
                "timestamp": 1567553314,
                "amendments": [
                    {
                        "fieldName": "Cc",
                        "newOrDeltaValue": "hamzeh@google.com bcreasey@google.com"
                    }
                ]
            },
            {
                "projectName": "oss-fuzz",
                "localId": 16813,
                "sequenceNum": 3,
                "commenter": {
                    "userId": "382749006",
                    "displayName": "ClusterFuzz-External"
                },
                "timestamp": 1567780585,
                "content": "ClusterFuzz testcase 5658943661015040 is verified as fixed in https://oss-fuzz.com/revisions?job=libfuzzer_asan_i386_libmpeg2&range=201909050320:201909060418\n\nIf this is incorrect, please file a bug on https://github.com/google/oss-fuzz/issues/new",
                "amendments": [
                    {
                        "fieldName": "Status",
                        "newOrDeltaValue": "Verified",
                        "oldValue": "New"
                    },
                    {
                        "fieldName": "Labels",
                        "newOrDeltaValue": "ClusterFuzz-Verified"
                    }
                ]
            },
            {
                "projectName": "oss-fuzz",
                "localId": 16813,
                "sequenceNum": 4,
                "commenter": {
                    "userId": "4164592774",
                    "displayName": "sheriffbot@chromium.org"
                },
                "timestamp": 1570376356,
                "content": "This bug has been fixed for 30 days. It has been opened to the public.\n\n- Your friendly Sheriffbot",
                "amendments": [
                    {
                        "fieldName": "Labels",
                        "newOrDeltaValue": "-restrict-view-commit"
                    }
                ]
            }
        ]
    },
    "fix_commit": "2caf20ff25c090341965cc88b7f31f129e806a3a",
    "repo_addr": "https://android.googlesource.com/platform/external/libmpeg2"
}