{
    "fix": "https://android.googlesource.com/platform/external/libmpeg2/+/2500c75023bf9bd5104ee7e6bf4156bb06ba347a%5E%21/",
    "verify": "0",
    "localId": 23199,
    "project": "libmpeg2",
    "fuzzer": "libfuzzer",
    "sanitizer": "asan",
    "crash_type": "Memcpy-param-overlap",
    "severity": "Medium",
    "report": {
        "comments": [
            {
                "projectName": "oss-fuzz",
                "localId": 23199,
                "commenter": {
                    "userId": "382749006",
                    "displayName": "ClusterFuzz-External"
                },
                "timestamp": 1591627974,
                "content": "Detailed Report: https://oss-fuzz.com/testcase?key=5732984619008000\n\nProject: libmpeg2\nFuzzing Engine: libFuzzer\nFuzz Target: mpeg2_dec_fuzzer\nJob Type: libfuzzer_asan_libmpeg2\nPlatform Id: linux\n\nCrash Type: Memcpy-param-overlap\nCrash Address: [0x7f71ff52ec80,0x7f71ff52f9d2) and [0x7f71ff52f000, 0x7f71ff52fd52)\nCrash State:\n  impeg2_fmt_conv_yuv420p_to_yuv420sp_uv\n  impeg2d_format_convert\n  impeg2d_deinterlace\n  \nSanitizer: address (ASAN)\n\nRecommended Security Severity: Medium\n\nCrash Revision: https://oss-fuzz.com/revisions?job=libfuzzer_asan_libmpeg2&revision=201909060418\n\nReproducer Testcase: https://oss-fuzz.com/download?testcase_id=5732984619008000\n\nIssue filed automatically.\n\nSee https://google.github.io/oss-fuzz/advanced-topics/reproducing for instructions to reproduce this bug locally.\nWhen you fix this bug, please\n  * mention the fix revision(s).\n  * state whether the bug was a short-lived regression or an old bug in any stable releases.\n  * add any other useful information.\nThis information can help downstream consumers.\n\nIf you need to contact the OSS-Fuzz team with a question, concern, or any other feedback, please file an issue at https://github.com/google/oss-fuzz/issues. Comments on individual Monorail issues are not monitored.\n\nThis bug is subject to a 90 day disclosure deadline. If 90 days elapse\nwithout an upstream patch, then the bug report will automatically\nbecome visible to the public.",
                "descriptionNum": 1
            },
            {
                "projectName": "oss-fuzz",
                "localId": 23199,
                "sequenceNum": 1,
                "commenter": {
                    "userId": "382749006",
                    "displayName": "ClusterFuzz-External"
                },
                "timestamp": 1591628989,
                "content": "This crash occurs very frequently on linux platform and is likely preventing the fuzzer mpeg2_dec_fuzzer from making much progress. Fixing this will allow more bugs to be found.\n\nIf this is incorrect, please file a bug on https://github.com/google/oss-fuzz/issues/new",
                "amendments": [
                    {
                        "fieldName": "Labels",
                        "newOrDeltaValue": "Fuzz-Blocker"
                    }
                ]
            },
            {
                "projectName": "oss-fuzz",
                "localId": 23199,
                "sequenceNum": 2,
                "commenter": {
                    "userId": "1950284618",
                    "displayName": "sheriffbot"
                },
                "timestamp": 1591733984,
                "amendments": [
                    {
                        "fieldName": "Labels",
                        "newOrDeltaValue": "Disclosure-2020-09-07"
                    }
                ]
            },
            {
                "projectName": "oss-fuzz",
                "localId": 23199,
                "sequenceNum": 3,
                "commenter": {
                    "userId": "1950284618",
                    "displayName": "sheriffbot"
                },
                "timestamp": 1598990116,
                "content": "This bug is approaching its deadline for being fixed, and will be automatically derestricted within 7 days. If a fix is planned within 2 weeks after the deadline has passed, a grace extension can be granted.\n\n- Your friendly Sheriffbot",
                "amendments": [
                    {
                        "fieldName": "Labels",
                        "newOrDeltaValue": "Deadline-Approaching"
                    }
                ]
            },
            {
                "projectName": "oss-fuzz",
                "localId": 23199,
                "sequenceNum": 4,
                "commenter": {
                    "userId": "1950284618",
                    "displayName": "sheriffbot"
                },
                "timestamp": 1599508716,
                "content": "This bug has exceeded our disclosure deadline. It has been opened to the public.\n\n- Your friendly Sheriffbot",
                "amendments": [
                    {
                        "fieldName": "Labels",
                        "newOrDeltaValue": "-restrict-view-commit -deadline-approaching Deadline-Exceeded"
                    }
                ]
            },
            {
                "projectName": "oss-fuzz",
                "localId": 23199,
                "sequenceNum": 5,
                "commenter": {
                    "userId": "382749006",
                    "displayName": "ClusterFuzz-External"
                },
                "timestamp": 1599836215,
                "content": "ClusterFuzz testcase 5732984619008000 is verified as fixed in https://oss-fuzz.com/revisions?job=libfuzzer_asan_libmpeg2&range=202009100616:202009110619\n\nIf this is incorrect, please file a bug on https://github.com/google/oss-fuzz/issues/new",
                "amendments": [
                    {
                        "fieldName": "Status",
                        "newOrDeltaValue": "Verified",
                        "oldValue": "New"
                    },
                    {
                        "fieldName": "Labels",
                        "newOrDeltaValue": "ClusterFuzz-Verified"
                    }
                ]
            }
        ]
    },
    "fix_commit": "2500c75023bf9bd5104ee7e6bf4156bb06ba347a",
    "repo_addr": "https://android.googlesource.com/platform/external/libmpeg2"
}