{
    "fix": "https://github.com/HDFGroup/hdf5/commit/7aed6abd527e88243a450c7809cde6003de1cb6f",
    "verify": "0",
    "localId": 58701,
    "project": "hdf5",
    "fuzzer": "libfuzzer",
    "sanitizer": "ubsan",
    "crash_type": "UNKNOWN READ",
    "severity": "Medium",
    "report": {
        "comments": [
            {
                "projectName": "oss-fuzz",
                "localId": 58701,
                "commenter": {
                    "userId": "382749006",
                    "displayName": "ClusterFuzz-External"
                },
                "timestamp": 1683458371,
                "content": "Detailed Report: https://oss-fuzz.com/testcase?key=6006845194764288\n\nProject: hdf5\nFuzzing Engine: libFuzzer\nFuzz Target: h5_extended_fuzzer\nJob Type: libfuzzer_ubsan_hdf5\nPlatform Id: linux\n\nCrash Type: UNKNOWN READ\nCrash Address: 0x353535323352\nCrash State:\n  H5FL__blk_gc_list\n  H5FL_garbage_coll\n  H5FL_term_package\n  \nSanitizer: undefined (UBSAN)\n\nRecommended Security Severity: Medium\n\nRegressed: https://oss-fuzz.com/revisions?job=libfuzzer_ubsan_hdf5&range=202302150602:202302160604\n\nReproducer Testcase: https://oss-fuzz.com/download?testcase_id=6006845194764288\n\nIssue filed automatically.\n\nSee https://google.github.io/oss-fuzz/advanced-topics/reproducing for instructions to reproduce this bug locally.\nWhen you fix this bug, please\n  * mention the fix revision(s).\n  * state whether the bug was a short-lived regression or an old bug in any stable releases.\n  * add any other useful information.\nThis information can help downstream consumers.\n\nIf you need to contact the OSS-Fuzz team with a question, concern, or any other feedback, please file an issue at https://github.com/google/oss-fuzz/issues. Comments on individual Monorail issues are not monitored.\n\nThis bug is subject to a 90 day disclosure deadline. If 90 days elapse\nwithout an upstream patch, then the bug report will automatically\nbecome visible to the public.",
                "descriptionNum": 1
            },
            {
                "projectName": "oss-fuzz",
                "localId": 58701,
                "sequenceNum": 1,
                "commenter": {
                    "userId": "1950284618",
                    "displayName": "sheriffbot"
                },
                "timestamp": 1683485823,
                "amendments": [
                    {
                        "fieldName": "Labels",
                        "newOrDeltaValue": "Disclosure-2023-08-07"
                    }
                ]
            },
            {
                "projectName": "oss-fuzz",
                "localId": 58701,
                "sequenceNum": 2,
                "commenter": {
                    "userId": "1950284618",
                    "displayName": "sheriffbot"
                },
                "timestamp": 1690829319,
                "content": "This bug is approaching its deadline for being fixed, and will be automatically derestricted within 7 days. If a fix is planned within 2 weeks after the deadline has passed, a grace extension can be granted.\n\n- Your friendly Sheriffbot",
                "amendments": [
                    {
                        "fieldName": "Labels",
                        "newOrDeltaValue": "Deadline-Approaching"
                    }
                ]
            },
            {
                "projectName": "oss-fuzz",
                "localId": 58701,
                "sequenceNum": 3,
                "commenter": {
                    "userId": "1950284618",
                    "displayName": "sheriffbot"
                },
                "timestamp": 1691434103,
                "content": "This bug has exceeded our disclosure deadline. It has been opened to the public.\n\n- Your friendly Sheriffbot",
                "amendments": [
                    {
                        "fieldName": "Labels",
                        "newOrDeltaValue": "-restrict-view-commit -deadline-approaching Deadline-Exceeded"
                    }
                ]
            },
            {
                "projectName": "oss-fuzz",
                "localId": 58701,
                "sequenceNum": 4,
                "commenter": {
                    "userId": "382749006",
                    "displayName": "ClusterFuzz-External"
                },
                "timestamp": 1708510822,
                "content": "ClusterFuzz testcase 6006845194764288 is verified as fixed in https://oss-fuzz.com/revisions?job=libfuzzer_ubsan_hdf5&range=202402200630:202402210609\n\nIf this is incorrect, please file a bug on https://github.com/google/oss-fuzz/issues/new",
                "amendments": [
                    {
                        "fieldName": "Status",
                        "newOrDeltaValue": "Verified",
                        "oldValue": "New"
                    },
                    {
                        "fieldName": "Labels",
                        "newOrDeltaValue": "ClusterFuzz-Verified"
                    }
                ]
            }
        ]
    },
    "fix_commit": "7aed6abd527e88243a450c7809cde6003de1cb6f",
    "repo_addr": "https://github.com/HDFGroup/hdf5"
}