{
    "fix": "https://git.osgeo.org/gitea/geos/geos/commit/299a0b2a009618578d866b3621fe75cfc17d235c",
    "verify": "0",
    "localId": 33487,
    "project": "geos",
    "fuzzer": "libfuzzer",
    "sanitizer": "ubsan",
    "crash_type": "Bad-cast",
    "severity": "High",
    "report": {
        "comments": [
            {
                "projectName": "oss-fuzz",
                "localId": 33487,
                "commenter": {
                    "userId": "382749006",
                    "displayName": "ClusterFuzz-External"
                },
                "timestamp": 1618933072,
                "content": "Detailed Report: https://oss-fuzz.com/testcase?key=5519035564425216\n\nProject: geos\nFuzzing Engine: libFuzzer\nFuzz Target: fuzz_geo2\nJob Type: libfuzzer_ubsan_geos\nPlatform Id: linux\n\nCrash Type: Bad-cast\nCrash Address: 0x00000292a720\nCrash State:\n  Bad-cast to const geos::geom::Point from geos::geom::GeometryCollection\n  geos::operation::overlayng::OverlayMixedPoints::extractCoordinates\n  geos::operation::overlayng::OverlayMixedPoints::getResult\n  \nSanitizer: undefined (UBSAN)\n\nRecommended Security Severity: High\n\nCrash Revision: https://oss-fuzz.com/revisions?job=libfuzzer_ubsan_geos&revision=202104200620\n\nReproducer Testcase: https://oss-fuzz.com/download?testcase_id=5519035564425216\n\nIssue filed automatically.\n\nSee https://google.github.io/oss-fuzz/advanced-topics/reproducing for instructions to reproduce this bug locally.\nWhen you fix this bug, please\n  * mention the fix revision(s).\n  * state whether the bug was a short-lived regression or an old bug in any stable releases.\n  * add any other useful information.\nThis information can help downstream consumers.\n\nIf you need to contact the OSS-Fuzz team with a question, concern, or any other feedback, please file an issue at https://github.com/google/oss-fuzz/issues. Comments on individual Monorail issues are not monitored.\n\nThis bug is subject to a 90 day disclosure deadline. If 90 days elapse\nwithout an upstream patch, then the bug report will automatically\nbecome visible to the public.",
                "descriptionNum": 1
            },
            {
                "projectName": "oss-fuzz",
                "localId": 33487,
                "sequenceNum": 1,
                "commenter": {
                    "userId": "1950284618",
                    "displayName": "sheriffbot"
                },
                "timestamp": 1619031821,
                "amendments": [
                    {
                        "fieldName": "Labels",
                        "newOrDeltaValue": "Disclosure-2021-07-19"
                    }
                ]
            },
            {
                "projectName": "oss-fuzz",
                "localId": 33487,
                "sequenceNum": 2,
                "commenter": {
                    "userId": "1950284618",
                    "displayName": "sheriffbot"
                },
                "timestamp": 1626979116,
                "content": "This bug has exceeded our disclosure deadline. It has been opened to the public.\n\n- Your friendly Sheriffbot",
                "amendments": [
                    {
                        "fieldName": "Labels",
                        "newOrDeltaValue": "-restrict-view-commit Deadline-Exceeded"
                    }
                ]
            },
            {
                "projectName": "oss-fuzz",
                "localId": 33487,
                "sequenceNum": 3,
                "commenter": {
                    "userId": "382749006",
                    "displayName": "ClusterFuzz-External"
                },
                "timestamp": 1664277049,
                "content": "This crash occurs very frequently on linux platform and is likely preventing the fuzzer fuzz_geo2 from making much progress. Fixing this will allow more bugs to be found.\n\nIf this is incorrect, please file a bug on https://github.com/google/oss-fuzz/issues/new",
                "amendments": [
                    {
                        "fieldName": "Labels",
                        "newOrDeltaValue": "Fuzz-Blocker"
                    }
                ]
            },
            {
                "projectName": "oss-fuzz",
                "localId": 33487,
                "sequenceNum": 4,
                "commenter": {
                    "userId": "382749006",
                    "displayName": "ClusterFuzz-External"
                },
                "timestamp": 1666795193,
                "content": "ClusterFuzz testcase 5519035564425216 is verified as fixed in https://oss-fuzz.com/revisions?job=libfuzzer_ubsan_geos&range=202210250606:202210260603\n\nIf this is incorrect, please file a bug on https://github.com/google/oss-fuzz/issues/new",
                "amendments": [
                    {
                        "fieldName": "Status",
                        "newOrDeltaValue": "Verified",
                        "oldValue": "New"
                    },
                    {
                        "fieldName": "Labels",
                        "newOrDeltaValue": "ClusterFuzz-Verified"
                    }
                ]
            }
        ]
    },
    "fix_commit": "299a0b2a009618578d866b3621fe75cfc17d235c",
    "repo_addr": "https://git.osgeo.org/gitea/geos/geos.git"
}