{
    "fix": "https://github.com/ittiam-systems/libxaac/commit/3479c64b9044c4dfdcb914ad1296216b235696ec",
    "verify": "0",
    "localId": 61816,
    "project": "libxaac",
    "fuzzer": "afl",
    "sanitizer": "asan",
    "crash_type": "Global-buffer-overflow READ 2",
    "report": {
        "comments": [
            {
                "projectName": "oss-fuzz",
                "localId": 61816,
                "commenter": {
                    "userId": "382749006",
                    "displayName": "ClusterFuzz-External"
                },
                "timestamp": 1693147457,
                "content": "Detailed Report: https://oss-fuzz.com/testcase?key=6197755700445184\n\nProject: libxaac\nFuzzing Engine: afl\nFuzz Target: xaac_dec_fuzzer\nJob Type: afl_asan_libxaac\nPlatform Id: linux\n\nCrash Type: Global-buffer-overflow READ 2\nCrash Address: 0x000000b91b94\nCrash State:\n  ixheaacd_res_ctns_apply\n  ixheaacd_parse_extension_frame\n  ixheaacd_parse_frame\n  \nSanitizer: address (ASAN)\n\nCrash Revision: https://oss-fuzz.com/revisions?job=afl_asan_libxaac&revision=202308260610\n\nReproducer Testcase: https://oss-fuzz.com/download?testcase_id=6197755700445184\n\nIssue filed automatically.\n\nSee https://google.github.io/oss-fuzz/advanced-topics/reproducing for instructions to reproduce this bug locally.\nWhen you fix this bug, please\n  * mention the fix revision(s).\n  * state whether the bug was a short-lived regression or an old bug in any stable releases.\n  * add any other useful information.\nThis information can help downstream consumers.\n\nIf you need to contact the OSS-Fuzz team with a question, concern, or any other feedback, please file an issue at https://github.com/google/oss-fuzz/issues. Comments on individual Monorail issues are not monitored.\n\nThis bug is subject to a 90 day disclosure deadline. If 90 days elapse\nwithout an upstream patch, then the bug report will automatically\nbecome visible to the public.",
                "descriptionNum": 1
            },
            {
                "projectName": "oss-fuzz",
                "localId": 61816,
                "sequenceNum": 1,
                "commenter": {
                    "userId": "1950284618",
                    "displayName": "sheriffbot"
                },
                "timestamp": 1693162089,
                "amendments": [
                    {
                        "fieldName": "Labels",
                        "newOrDeltaValue": "Disclosure-2023-11-27"
                    }
                ]
            },
            {
                "projectName": "oss-fuzz",
                "localId": 61816,
                "sequenceNum": 2,
                "commenter": {
                    "userId": "382749006",
                    "displayName": "ClusterFuzz-External"
                },
                "timestamp": 1693643464,
                "content": "ClusterFuzz testcase 6197755700445184 is verified as fixed in https://oss-fuzz.com/revisions?job=afl_asan_libxaac&range=202309010608:202309020611\n\nIf this is incorrect, please file a bug on https://github.com/google/oss-fuzz/issues/new",
                "amendments": [
                    {
                        "fieldName": "Status",
                        "newOrDeltaValue": "Verified",
                        "oldValue": "New"
                    },
                    {
                        "fieldName": "Labels",
                        "newOrDeltaValue": "ClusterFuzz-Verified"
                    }
                ]
            },
            {
                "projectName": "oss-fuzz",
                "localId": 61816,
                "sequenceNum": 3,
                "commenter": {
                    "userId": "1950284618",
                    "displayName": "sheriffbot"
                },
                "timestamp": 1693680295,
                "content": "This bug has been fixed. It has been opened to the public.\n\n- Your friendly Sheriffbot",
                "amendments": [
                    {
                        "fieldName": "Labels",
                        "newOrDeltaValue": "-restrict-view-commit"
                    }
                ]
            }
        ]
    },
    "fix_commit": "3479c64b9044c4dfdcb914ad1296216b235696ec",
    "repo_addr": "https://github.com/ittiam-systems/libxaac.git"
}