{
    "fix": "https://github.com/ittiam-systems/libxaac/commit/62c8372f6b2506bf96f962f09497f88491d0d96e",
    "verify": "0",
    "localId": 61998,
    "project": "libxaac",
    "fuzzer": "libfuzzer",
    "sanitizer": "asan",
    "crash_type": "Global-buffer-overflow READ 4",
    "report": {
        "comments": [
            {
                "projectName": "oss-fuzz",
                "localId": 61998,
                "commenter": {
                    "userId": "382749006",
                    "displayName": "ClusterFuzz-External"
                },
                "timestamp": 1693818162,
                "content": "Detailed Report: https://oss-fuzz.com/testcase?key=4522498354708480\n\nProject: libxaac\nFuzzing Engine: libFuzzer\nFuzz Target: xaac_enc_fuzzer\nJob Type: libfuzzer_asan_libxaac\nPlatform Id: linux\n\nCrash Type: Global-buffer-overflow READ 4\nCrash Address: 0x00000097dda4\nCrash State:\n  iusace_estimate_scfs_chan\n  iusace_quantize_spec\n  iusace_fd_encode\n  \nSanitizer: address (ASAN)\n\nCrash Revision: https://oss-fuzz.com/revisions?job=libfuzzer_asan_libxaac&revision=202309020611\n\nReproducer Testcase: https://oss-fuzz.com/download?testcase_id=4522498354708480\n\nIssue filed automatically.\n\nSee https://google.github.io/oss-fuzz/advanced-topics/reproducing for instructions to reproduce this bug locally.\nWhen you fix this bug, please\n  * mention the fix revision(s).\n  * state whether the bug was a short-lived regression or an old bug in any stable releases.\n  * add any other useful information.\nThis information can help downstream consumers.\n\nIf you need to contact the OSS-Fuzz team with a question, concern, or any other feedback, please file an issue at https://github.com/google/oss-fuzz/issues. Comments on individual Monorail issues are not monitored.\n\nThis bug is subject to a 90 day disclosure deadline. If 90 days elapse\nwithout an upstream patch, then the bug report will automatically\nbecome visible to the public.",
                "descriptionNum": 1
            },
            {
                "projectName": "oss-fuzz",
                "localId": 61998,
                "sequenceNum": 1,
                "commenter": {
                    "userId": "1950284618",
                    "displayName": "sheriffbot"
                },
                "timestamp": 1693853566,
                "amendments": [
                    {
                        "fieldName": "Labels",
                        "newOrDeltaValue": "Disclosure-2023-12-04"
                    }
                ]
            },
            {
                "projectName": "oss-fuzz",
                "localId": 61998,
                "sequenceNum": 2,
                "commenter": {
                    "userId": "382749006",
                    "displayName": "ClusterFuzz-External"
                },
                "timestamp": 1694331667,
                "content": "ClusterFuzz testcase 4522498354708480 is verified as fixed in https://oss-fuzz.com/revisions?job=libfuzzer_asan_libxaac&range=202309090628:202309100627\n\nIf this is incorrect, please file a bug on https://github.com/google/oss-fuzz/issues/new",
                "amendments": [
                    {
                        "fieldName": "Status",
                        "newOrDeltaValue": "Verified",
                        "oldValue": "New"
                    },
                    {
                        "fieldName": "Labels",
                        "newOrDeltaValue": "ClusterFuzz-Verified"
                    }
                ]
            },
            {
                "projectName": "oss-fuzz",
                "localId": 61998,
                "sequenceNum": 3,
                "commenter": {
                    "userId": "1950284618",
                    "displayName": "sheriffbot"
                },
                "timestamp": 1694371740,
                "content": "This bug has been fixed. It has been opened to the public.\n\n- Your friendly Sheriffbot",
                "amendments": [
                    {
                        "fieldName": "Labels",
                        "newOrDeltaValue": "-restrict-view-commit"
                    }
                ]
            }
        ]
    },
    "fix_commit": "62c8372f6b2506bf96f962f09497f88491d0d96e",
    "repo_addr": "https://github.com/ittiam-systems/libxaac.git"
}