{
    "fix": "https://github.com/ittiam-systems/libxaac/commit/60b65345813bfd0c07f9646e4924ec18e15aa8a9",
    "verify": "0",
    "localId": 63564,
    "project": "libxaac",
    "fuzzer": "libfuzzer",
    "sanitizer": "ubsan",
    "crash_type": "Index-out-of-bounds",
    "severity": "Medium",
    "report": {
        "comments": [
            {
                "projectName": "oss-fuzz",
                "localId": 63564,
                "commenter": {
                    "userId": "382749006",
                    "displayName": "ClusterFuzz-External"
                },
                "timestamp": 1698200753,
                "content": "Detailed Report: https://oss-fuzz.com/testcase?key=5150477182173184\n\nProject: libxaac\nFuzzing Engine: libFuzzer\nFuzz Target: xaac_dec_fuzzer\nJob Type: libfuzzer_ubsan_libxaac\nPlatform Id: linux\n\nCrash Type: Index-out-of-bounds\nCrash Address: \nCrash State:\n  ixheaacd_smooth_m1m2\n  ixheaacd_heaac_mps_apply\n  ixheaacd_dec_execute\n  \nSanitizer: undefined (UBSAN)\n\nRecommended Security Severity: Medium\n\nRegressed: https://oss-fuzz.com/revisions?job=libfuzzer_ubsan_libxaac&range=202309150627:202309160602\n\nReproducer Testcase: https://oss-fuzz.com/download?testcase_id=5150477182173184\n\nIssue filed automatically.\n\nSee https://google.github.io/oss-fuzz/advanced-topics/reproducing for instructions to reproduce this bug locally.\nWhen you fix this bug, please\n  * mention the fix revision(s).\n  * state whether the bug was a short-lived regression or an old bug in any stable releases.\n  * add any other useful information.\nThis information can help downstream consumers.\n\nIf you need to contact the OSS-Fuzz team with a question, concern, or any other feedback, please file an issue at https://github.com/google/oss-fuzz/issues. Comments on individual Monorail issues are not monitored.\n\nThis bug is subject to a 90 day disclosure deadline. If 90 days elapse\nwithout an upstream patch, then the bug report will automatically\nbecome visible to the public.",
                "descriptionNum": 1
            },
            {
                "projectName": "oss-fuzz",
                "localId": 63564,
                "sequenceNum": 1,
                "commenter": {
                    "userId": "1950284618",
                    "displayName": "sheriffbot"
                },
                "timestamp": 1698260600,
                "amendments": [
                    {
                        "fieldName": "Labels",
                        "newOrDeltaValue": "Disclosure-2024-01-23"
                    }
                ]
            },
            {
                "projectName": "oss-fuzz",
                "localId": 63564,
                "sequenceNum": 2,
                "commenter": {
                    "userId": "382749006",
                    "displayName": "ClusterFuzz-External"
                },
                "timestamp": 1698326867,
                "content": "ClusterFuzz testcase 5150477182173184 is verified as fixed in https://oss-fuzz.com/revisions?job=libfuzzer_ubsan_libxaac&range=202310250618:202310260622\n\nIf this is incorrect, please file a bug on https://github.com/google/oss-fuzz/issues/new",
                "amendments": [
                    {
                        "fieldName": "Status",
                        "newOrDeltaValue": "Verified",
                        "oldValue": "New"
                    },
                    {
                        "fieldName": "Labels",
                        "newOrDeltaValue": "ClusterFuzz-Verified"
                    }
                ]
            },
            {
                "projectName": "oss-fuzz",
                "localId": 63564,
                "sequenceNum": 3,
                "commenter": {
                    "userId": "1950284618",
                    "displayName": "sheriffbot"
                },
                "timestamp": 1698433009,
                "content": "This bug has been fixed. It has been opened to the public.\n\n- Your friendly Sheriffbot",
                "amendments": [
                    {
                        "fieldName": "Labels",
                        "newOrDeltaValue": "-restrict-view-commit"
                    }
                ]
            }
        ]
    },
    "fix_commit": "60b65345813bfd0c07f9646e4924ec18e15aa8a9",
    "repo_addr": "https://github.com/ittiam-systems/libxaac.git"
}