{
    "fix": "https://github.com/curl/curl/commit/0b664ba968437715819bfe4c7ada5679d16ebbc3",
    "verify": "0",
    "localId": 4161,
    "project": "curl",
    "fuzzer": "libfuzzer",
    "sanitizer": "asan",
    "crash_type": "Heap-buffer-overflow READ 1",
    "severity": "Medium",
    "report": {
        "comments": [
            {
                "projectName": "oss-fuzz",
                "localId": 4161,
                "commenter": {
                    "userId": "382749006",
                    "displayName": "ClusterFuzz-External"
                },
                "timestamp": 1510292653,
                "content": "Detailed report: https://oss-fuzz.com/testcase?key=4902707686014976\n\nProject: curl\nFuzzer: libFuzzer_curl_fuzzer_ftp\nFuzz target binary: curl_fuzzer_ftp\nJob Type: libfuzzer_asan_curl\nPlatform Id: linux\n\nCrash Type: Heap-buffer-overflow READ 1\nCrash Address: 0x603000028cd5\nCrash State:\n  setcharset\n  loop\n  loop\n  \nSanitizer: address (ASAN)\n\nRecommended Security Severity: Medium\n\nRegressed: https://oss-fuzz.com/revisions?job=libfuzzer_asan_curl&range=201710290615:201710300415\n\nReproducer Testcase: https://oss-fuzz.com/download?testcase_id=4902707686014976\n\nIssue filed automatically.\n\nSee https://github.com/google/oss-fuzz/blob/master/docs/reproducing.md for more information.\n\nThis bug is subject to a 90 day disclosure deadline. If 90 days elapse\nwithout an upstream patch, then the bug report will automatically\nbecome visible to the public.\n\nWhen you fix this bug, please\n  * mention the fix revision(s).\n  * state whether the bug was a short-lived regression or an old bug in any stable releases.\n  * add any other useful information.\nThis information can help downstream consumers.\n\nIf you have questions for the OSS-Fuzz team, please file an issue at https://github.com/google/oss-fuzz/issues.",
                "descriptionNum": 1
            },
            {
                "projectName": "oss-fuzz",
                "localId": 4161,
                "sequenceNum": 1,
                "commenter": {
                    "userId": "4019430773",
                    "displayName": "cmeis...@gmail.com"
                },
                "timestamp": 1510296186,
                "content": "emrakul@emrakul:/raid/Git/curl-fuzzer (master)$ python read\r\ncorpus.py --input ../clusterfuzz-testcase-minimized-4902707\r\n86014976\r\nTLVHeader(type='CURLOPT_URL' (1), length=37, data='ftp://12\r\n.0.0.1:8991/test-list/*[][\\x00*')\r\nTLVHeader(type='Server banner (sent on connection)' (2), le\r\ngth=11, data='220 Hello!\\n')\r\nTLVHeader(type='Server response 1' (17), length=9, data='20\r\n Sure\\n')\r\nTLVHeader(type='Server response 2' (18), length=9, data='20\r\n Sure\\n')\r\nTLVHeader(type='Server response 3' (19), length=9, data='20\r\n Sure\\n')\r\nTLVHeader(type='Server response 4' (20), length=9, data='40\r\n Sure\\n')\r\nTLVHeader(type='Server response 5' (21), length=50, data='2\r\n7 En\\x84ering Passive Mode (213,229,112,130,213,4)\\n')\r\nTLVHeader(type='Server response 6' (22), length=9, data='20\r\n Sure\\n')\r\nTLVHeader(type='Server response 7' (23), length=34, data='1\r\n0 Success\\r\\n236 Everything sent\\r\\n')\r\nTLVHeader(type='Socket 2: Server banner (sent on connection\r\n' (31), length=522, data=\"dr-xr-xr-x   5 0 usr\\r\\n\\x00!\\x00\r\nx00\\x00\\x04\\x00\\x00\\x00\\x01\\x00\\x00\\x00Jul 16  1996 RE 8 98\r\n      98           512 Oct 22 13:06 .\\r\\ndrwxv-xr-x   8 98\r\n ;   98         5 1 2 Oct 22 13:06 HTTP/1.0r-xr-x   2 9Cont\r\nnt-\\x0cength:   ;  512 May  2  1996 .NeXT\\r\\n-r--r--r--   1\r\n0       4 download.html\\r\\ndr-xr-xr-x  $2 0Transfer-Encodin\r\n:   512 Nov 30  199ength:   ;  512 May  2  1996 .NeXT\\r\\n-r\r\n-r--r--   1 0       4 download.html\\r\\ndr-xr-xr-x  $2 0Tran\r\nfer-Encoding:   512 Nov 30  1995 etc\\r\\ndrwxrwx\\n\\rx   2 98\r\n      1 \\x01\\x00\\x00\\x00\\x00\\x00\\x00'   512 Oct 30 14:33 pu\r\n\\x0c\\ndr-xr-xr-x   5 0 usr\\r\\n\")\r\nTLVHeader(type='CURLOPT_WILDCARDMATCH' (33), length=4, data\r\n'\\x00\\x00\\x00\\x01')\r\n2017-11-10 06:39:46,574 INFO  Returning 0\r\n\r\nThat glob syntax looks dodgy! Can't step through it till I get to a PC though"
            },
            {
                "projectName": "oss-fuzz",
                "localId": 4161,
                "sequenceNum": 2,
                "commenter": {
                    "userId": "382749006",
                    "displayName": "ClusterFuzz-External"
                },
                "timestamp": 1510299506,
                "amendments": [
                    {
                        "fieldName": "Labels",
                        "newOrDeltaValue": "OS-Linux"
                    }
                ]
            },
            {
                "projectName": "oss-fuzz",
                "localId": 4161,
                "sequenceNum": 3,
                "commenter": {
                    "userId": "1725520100",
                    "displayName": "danie...@gmail.com"
                },
                "timestamp": 1510323069,
                "content": "This issue is considered a security problem and will be handled according to the curl project's security process. The fix will be pushed to git around 48 hours before the next release, which is planned to happen on November 29 2017."
            },
            {
                "projectName": "oss-fuzz",
                "localId": 4161,
                "sequenceNum": 4,
                "commenter": {
                    "userId": "382749006",
                    "displayName": "ClusterFuzz-External"
                },
                "timestamp": 1511856183,
                "content": "ClusterFuzz has detected this issue as fixed in range 201711270515:201711280515.\n\nDetailed report: https://oss-fuzz.com/testcase?key=4902707686014976\n\nProject: curl\nFuzzer: libFuzzer_curl_fuzzer_ftp\nFuzz target binary: curl_fuzzer_ftp\nJob Type: libfuzzer_asan_curl\nPlatform Id: linux\n\nCrash Type: Heap-buffer-overflow READ 1\nCrash Address: 0x603000028cd5\nCrash State:\n  setcharset\n  loop\n  loop\n  \nSanitizer: address (ASAN)\n\nRecommended Security Severity: Medium\n\nRegressed: https://oss-fuzz.com/revisions?job=libfuzzer_asan_curl&range=201710290615:201710300415\nFixed: https://oss-fuzz.com/revisions?job=libfuzzer_asan_curl&range=201711270515:201711280515\n\nReproducer Testcase: https://oss-fuzz.com/download?testcase_id=4902707686014976\n\nSee https://github.com/google/oss-fuzz/blob/master/docs/reproducing.md for more information.\n\nIf you suspect that the result above is incorrect, try re-doing that job on the test case report page."
            },
            {
                "projectName": "oss-fuzz",
                "localId": 4161,
                "sequenceNum": 5,
                "commenter": {
                    "userId": "382749006",
                    "displayName": "ClusterFuzz-External"
                },
                "timestamp": 1511856677,
                "content": "ClusterFuzz testcase 4902707686014976 is verified as fixed, so closing issue as verified.\n\nIf this is incorrect, please file a bug on https://github.com/google/oss-fuzz/issues/new",
                "amendments": [
                    {
                        "fieldName": "Status",
                        "newOrDeltaValue": "Verified",
                        "oldValue": "New"
                    },
                    {
                        "fieldName": "Labels",
                        "newOrDeltaValue": "ClusterFuzz-Verified"
                    }
                ]
            },
            {
                "projectName": "oss-fuzz",
                "localId": 4161,
                "sequenceNum": 6,
                "commenter": {
                    "userId": "4164592774",
                    "displayName": "sheriffbot@chromium.org"
                },
                "timestamp": 1514469906,
                "content": "This bug has been fixed for 30 days. It has been opened to the public.\n\n- Your friendly Sheriffbot",
                "amendments": [
                    {
                        "fieldName": "Labels",
                        "newOrDeltaValue": "-restrict-view-commit"
                    }
                ]
            }
        ]
    },
    "fix_commit": "0b664ba968437715819bfe4c7ada5679d16ebbc3",
    "repo_addr": "https://github.com/curl/curl.git"
}