{
    "fix": "https://github.com/curl/curl/commit/b399b04902c43f479b51b142505700edcfc34271",
    "verify": "0",
    "localId": 4785,
    "project": "curl",
    "fuzzer": "afl",
    "sanitizer": "asan",
    "crash_type": "Heap-buffer-overflow WRITE {*}",
    "severity": "High",
    "report": {
        "comments": [
            {
                "projectName": "oss-fuzz",
                "localId": 4785,
                "commenter": {
                    "userId": "382749006",
                    "displayName": "ClusterFuzz-External"
                },
                "timestamp": 1514222975,
                "content": "Detailed report: https://oss-fuzz.com/testcase?key=5817192030404608\n\nProject: curl\nFuzzer: afl_curl_fuzzer_imap\nFuzz target binary: curl_fuzzer_imap\nJob Type: afl_asan_curl\nPlatform Id: linux\n\nCrash Type: Heap-buffer-overflow WRITE {*}\nCrash Address: 0x62a0000054a0\nCrash State:\n  fuzz_read_callback\n  Curl_fillreadbuffer\n  readwrite_upload\n  \nSanitizer: address (ASAN)\n\nRecommended Security Severity: High\n\nRegressed: https://oss-fuzz.com/revisions?job=afl_asan_curl&range=201710290615:201710300415\n\nReproducer Testcase: https://oss-fuzz.com/download?testcase_id=5817192030404608\n\nIssue filed automatically.\n\nSee https://github.com/google/oss-fuzz/blob/master/docs/reproducing.md for more information.\n\nThis bug is subject to a 90 day disclosure deadline. If 90 days elapse\nwithout an upstream patch, then the bug report will automatically\nbecome visible to the public.\n\nWhen you fix this bug, please\n  * mention the fix revision(s).\n  * state whether the bug was a short-lived regression or an old bug in any stable releases.\n  * add any other useful information.\nThis information can help downstream consumers.\n\nIf you have questions for the OSS-Fuzz team, please file an issue at https://github.com/google/oss-fuzz/issues.",
                "descriptionNum": 1
            },
            {
                "projectName": "oss-fuzz",
                "localId": 4785,
                "sequenceNum": 1,
                "commenter": {
                    "userId": "382749006",
                    "displayName": "ClusterFuzz-External"
                },
                "timestamp": 1514223016,
                "amendments": [
                    {
                        "fieldName": "Labels",
                        "newOrDeltaValue": "OS-Linux"
                    }
                ]
            },
            {
                "projectName": "oss-fuzz",
                "localId": 4785,
                "sequenceNum": 2,
                "commenter": {
                    "userId": "4019430773",
                    "displayName": "cmeis...@gmail.com"
                },
                "timestamp": 1514229148,
                "content": "Merry Christmas, oss-fuzz!\r\n\r\nTest file is:\r\n\r\nTLVHeader(type='CURLOPT_URL' (1), length=32, data='imap://./7.0.09\\x00                ')\r\nTLVHeader(type='Server banner (sent on connection)' (2), length=29, data='* OK      \\nA001 \\n+      \\n    ')\r\nTLVHeader(type='CURLOPT_UPLOAD / CURLOPT_INFILESIZE_LARGE' (8), length=31075, data='<lots of data>'\r\n\r\nLooks like we can't just write 30KB of data directly to the buffer?"
            },
            {
                "projectName": "oss-fuzz",
                "localId": 4785,
                "sequenceNum": 3,
                "commenter": {
                    "userId": "4019430773",
                    "displayName": "cmeis...@gmail.com"
                },
                "timestamp": 1514229346,
                "content": "Ah, looks like the fuzzer might be ignoring the interface a bit. Will verify and fix up where necessary."
            },
            {
                "projectName": "oss-fuzz",
                "localId": 4785,
                "sequenceNum": 4,
                "commenter": {
                    "userId": "4019430773",
                    "displayName": "cmeis...@gmail.com"
                },
                "timestamp": 1514232178,
                "content": "Fixed in https://github.com/curl/curl-fuzzer/commit/d3ec7ca7ff845c2f12a75b0586e49ba28fc90aa8\r\n\r\nForgot to say \"Discovered by OSS-Fuzz\", sorry!"
            },
            {
                "projectName": "oss-fuzz",
                "localId": 4785,
                "sequenceNum": 5,
                "commenter": {
                    "userId": "382749006",
                    "displayName": "ClusterFuzz-External"
                },
                "timestamp": 1514275363,
                "content": "ClusterFuzz has detected this issue as fixed in range 201712250514:201712260516.\n\nDetailed report: https://oss-fuzz.com/testcase?key=5817192030404608\n\nProject: curl\nFuzzer: afl_curl_fuzzer_imap\nFuzz target binary: curl_fuzzer_imap\nJob Type: afl_asan_curl\nPlatform Id: linux\n\nCrash Type: Heap-buffer-overflow WRITE {*}\nCrash Address: 0x62a0000054a0\nCrash State:\n  fuzz_read_callback\n  Curl_fillreadbuffer\n  readwrite_upload\n  \nSanitizer: address (ASAN)\n\nRecommended Security Severity: High\n\nRegressed: https://oss-fuzz.com/revisions?job=afl_asan_curl&range=201710290615:201710300415\nFixed: https://oss-fuzz.com/revisions?job=afl_asan_curl&range=201712250514:201712260516\n\nReproducer Testcase: https://oss-fuzz.com/download?testcase_id=5817192030404608\n\nSee https://github.com/google/oss-fuzz/blob/master/docs/reproducing.md for more information.\n\nIf you suspect that the result above is incorrect, try re-doing that job on the test case report page."
            },
            {
                "projectName": "oss-fuzz",
                "localId": 4785,
                "sequenceNum": 6,
                "commenter": {
                    "userId": "382749006",
                    "displayName": "ClusterFuzz-External"
                },
                "timestamp": 1514275509,
                "content": "ClusterFuzz testcase 5817192030404608 is verified as fixed, so closing issue as verified.\n\nIf this is incorrect, please file a bug on https://github.com/google/oss-fuzz/issues/new",
                "amendments": [
                    {
                        "fieldName": "Status",
                        "newOrDeltaValue": "Verified",
                        "oldValue": "New"
                    },
                    {
                        "fieldName": "Labels",
                        "newOrDeltaValue": "ClusterFuzz-Verified"
                    }
                ]
            },
            {
                "projectName": "oss-fuzz",
                "localId": 4785,
                "sequenceNum": 7,
                "commenter": {
                    "userId": "4164592774",
                    "displayName": "sheriffbot@chromium.org"
                },
                "timestamp": 1518134389,
                "content": "This bug has been fixed for 30 days. It has been opened to the public.\n\n- Your friendly Sheriffbot",
                "amendments": [
                    {
                        "fieldName": "Labels",
                        "newOrDeltaValue": "-restrict-view-commit"
                    }
                ]
            },
            {
                "projectName": "oss-fuzz",
                "localId": 4785,
                "sequenceNum": 8,
                "commenter": {
                    "userId": "2965673606",
                    "displayName": "metzman@chromium.org"
                },
                "timestamp": 1551718564,
                "amendments": [
                    {
                        "fieldName": "Labels",
                        "newOrDeltaValue": "Security_Severity-High"
                    }
                ]
            }
        ]
    },
    "fix_commit": "b399b04902c43f479b51b142505700edcfc34271",
    "repo_addr": "https://github.com/curl/curl.git"
}