{
    "fix": "https://github.com/bminor/binutils-gdb/commit/5103274ffc537711574f9611cb64c51fa9a65546",
    "verify": "0",
    "localId": 18687,
    "project": "binutils-gdb",
    "fuzzer": "afl",
    "sanitizer": "asan",
    "crash_type": "Global-buffer-overflow READ 8",
    "report": {
        "comments": [
            {
                "localId": 18687,
                "descriptionNum": 1,
                "projectName": "oss-fuzz",
                "commenter": {
                    "displayName": "ClusterFuzz-External",
                    "userId": "382749006"
                },
                "content": "Detailed Report: https://oss-fuzz.com/testcase?key=5663479772217344\n\nProject: binutils\nFuzzing Engine: afl\nFuzz Target: fuzz_disassemble\nJob Type: afl_asan_binutils\nPlatform Id: linux\n\nCrash Type: Global-buffer-overflow READ 8\nCrash Address: 0x000001dbdff8\nCrash State:\n  disassemble\n  print_insn_v850\n  fuzz_disassemble.c\n  \nSanitizer: address (ASAN)\n\nCrash Revision: https://oss-fuzz.com/revisions?job=afl_asan_binutils&revision=201910270139\n\nReproducer Testcase: https://oss-fuzz.com/download?testcase_id=5663479772217344\n\nIssue filed automatically.\n\nSee https://google.github.io/oss-fuzz/advanced-topics/reproducing for instructions to reproduce this bug locally.\nWhen you fix this bug, please\n  * mention the fix revision(s).\n  * state whether the bug was a short-lived regression or an old bug in any stable releases.\n  * add any other useful information.\nThis information can help downstream consumers.\n\nIf you need to contact the OSS-Fuzz team with a question, concern, or any other feedback, please file an issue at https://github.com/google/oss-fuzz/issues. Comments on individual Monorail issues are not monitored.\n\nThis bug is subject to a 90 day disclosure deadline. If 90 days elapse\nwithout an upstream patch, then the bug report will automatically\nbecome visible to the public.",
                "timestamp": 1572709401
            },
            {
                "amendments": [
                    {
                        "fieldName": "Labels",
                        "newOrDeltaValue": "Disclosure-2020-01-31"
                    }
                ],
                "localId": 18687,
                "projectName": "oss-fuzz",
                "commenter": {
                    "displayName": "sheriffbot@chromium.org",
                    "userId": "4164592774"
                },
                "sequenceNum": 1,
                "timestamp": 1572709648
            },
            {
                "amendments": [
                    {
                        "fieldName": "Status",
                        "oldValue": "New",
                        "newOrDeltaValue": "Verified"
                    },
                    {
                        "fieldName": "Labels",
                        "newOrDeltaValue": "ClusterFuzz-Verified"
                    }
                ],
                "localId": 18687,
                "projectName": "oss-fuzz",
                "commenter": {
                    "displayName": "ClusterFuzz-External",
                    "userId": "382749006"
                },
                "content": "ClusterFuzz testcase 5663479772217344 is verified as fixed in https://oss-fuzz.com/revisions?job=afl_asan_binutils&range=201911040241:201911050242\n\nIf this is incorrect, please file a bug on https://github.com/google/oss-fuzz/issues/new",
                "sequenceNum": 2,
                "timestamp": 1572969088
            },
            {
                "amendments": [
                    {
                        "fieldName": "Labels",
                        "newOrDeltaValue": "-restrict-view-commit"
                    }
                ],
                "localId": 18687,
                "projectName": "oss-fuzz",
                "commenter": {
                    "displayName": "sheriffbot@chromium.org",
                    "userId": "4164592774"
                },
                "content": "This bug has been fixed for 30 days. It has been opened to the public.\n\n- Your friendly Sheriffbot",
                "sequenceNum": 3,
                "timestamp": 1575564120
            }
        ]
    },
    "fix_commit": "5103274ffc537711574f9611cb64c51fa9a65546",
    "repo_addr": "git://sourceware.org/git/binutils-gdb.git"
}