{
    "fix": "https://github.com/bminor/binutils-gdb/commit/831105b6d96ae7ab9b485fb868f86e23d34ab36f",
    "verify": "0",
    "localId": 40720,
    "project": "binutils-gdb",
    "fuzzer": "afl",
    "sanitizer": "asan",
    "crash_type": "Dynamic-stack-buffer-overflow READ 4",
    "report": {
        "comments": [
            {
                "projectName": "oss-fuzz",
                "localId": 40720,
                "commenter": {
                    "userId": "382749006",
                    "displayName": "ClusterFuzz-External"
                },
                "timestamp": 1636099744,
                "content": "Detailed Report: https://oss-fuzz.com/testcase?key=6365786025885696\n\nProject: binutils\nFuzzing Engine: afl\nFuzz Target: fuzz_disassemble\nJob Type: afl_asan_binutils\nPlatform Id: linux\n\nCrash Type: Dynamic-stack-buffer-overflow READ 4\nCrash Address: 0x7ffcec49d060\nCrash State:\n  extract_fields\n  aarch64_ext_limm\n  aarch64_extract_operand\n  \nSanitizer: address (ASAN)\n\nRegressed: https://oss-fuzz.com/revisions?job=afl_asan_binutils&range=202111010603:202111020603\n\nReproducer Testcase: https://oss-fuzz.com/download?testcase_id=6365786025885696\n\nIssue filed automatically.\n\nSee https://google.github.io/oss-fuzz/advanced-topics/reproducing for instructions to reproduce this bug locally.\nWhen you fix this bug, please\n  * mention the fix revision(s).\n  * state whether the bug was a short-lived regression or an old bug in any stable releases.\n  * add any other useful information.\nThis information can help downstream consumers.\n\nIf you need to contact the OSS-Fuzz team with a question, concern, or any other feedback, please file an issue at https://github.com/google/oss-fuzz/issues. Comments on individual Monorail issues are not monitored.\n\nThis bug is subject to a 90 day disclosure deadline. If 90 days elapse\nwithout an upstream patch, then the bug report will automatically\nbecome visible to the public.",
                "descriptionNum": 1
            },
            {
                "projectName": "oss-fuzz",
                "localId": 40720,
                "sequenceNum": 1,
                "commenter": {
                    "userId": "1950284618",
                    "displayName": "sheriffbot"
                },
                "timestamp": 1636138383,
                "amendments": [
                    {
                        "fieldName": "Labels",
                        "newOrDeltaValue": "Disclosure-2022-02-03"
                    }
                ]
            },
            {
                "projectName": "oss-fuzz",
                "localId": 40720,
                "sequenceNum": 2,
                "commenter": {
                    "userId": "382749006",
                    "displayName": "ClusterFuzz-External"
                },
                "timestamp": 1636214478,
                "content": "ClusterFuzz testcase 6365786025885696 is verified as fixed in https://oss-fuzz.com/revisions?job=afl_asan_binutils&range=202111050605:202111060604\n\nIf this is incorrect, please file a bug on https://github.com/google/oss-fuzz/issues/new",
                "amendments": [
                    {
                        "fieldName": "Status",
                        "newOrDeltaValue": "Verified",
                        "oldValue": "New"
                    },
                    {
                        "fieldName": "Labels",
                        "newOrDeltaValue": "ClusterFuzz-Verified"
                    }
                ]
            },
            {
                "projectName": "oss-fuzz",
                "localId": 40720,
                "sequenceNum": 3,
                "commenter": {
                    "userId": "382749006",
                    "displayName": "ClusterFuzz-External"
                },
                "timestamp": 1636214479,
                "content": "ClusterFuzz testcase 6365786025885696 is verified as fixed in https://oss-fuzz.com/revisions?job=afl_asan_binutils&range=202111050605:202111060604\n\nIf this is incorrect, please file a bug on https://github.com/google/oss-fuzz/issues/new"
            },
            {
                "projectName": "oss-fuzz",
                "localId": 40720,
                "sequenceNum": 4,
                "commenter": {
                    "userId": "1950284618",
                    "displayName": "sheriffbot"
                },
                "timestamp": 1636314425,
                "content": "This bug has been fixed. It has been opened to the public.\n\n- Your friendly Sheriffbot",
                "amendments": [
                    {
                        "fieldName": "Labels",
                        "newOrDeltaValue": "-restrict-view-commit"
                    }
                ]
            }
        ]
    },
    "fix_commit": "831105b6d96ae7ab9b485fb868f86e23d34ab36f",
    "repo_addr": "git://sourceware.org/git/binutils-gdb.git"
}