{
    "fix": "https://github.com/bminor/binutils-gdb/commit/2bda15d73cb1d6c4e3db402682d4c11a94d96b7b",
    "verify": "0",
    "localId": 50305,
    "project": "binutils-gdb",
    "fuzzer": "honggfuzz",
    "sanitizer": "asan",
    "crash_type": "Heap-buffer-overflow READ 1",
    "severity": "Medium",
    "report": {
        "comments": [
            {
                "projectName": "oss-fuzz",
                "localId": 50305,
                "commenter": {
                    "userId": "382749006",
                    "displayName": "ClusterFuzz-External"
                },
                "timestamp": 1660691990,
                "content": "Detailed Report: https://oss-fuzz.com/testcase?key=4850665339355136\n\nProject: binutils\nFuzzing Engine: honggfuzz\nFuzz Target: fuzz_dwarf\nJob Type: honggfuzz_asan_binutils\nPlatform Id: linux\n\nCrash Type: Heap-buffer-overflow READ 1\nCrash Address: 0x62d000044438\nCrash State:\n  bfd_getb32\n  mmo_scan\n  mmo_object_p\n  \nSanitizer: address (ASAN)\n\nRecommended Security Severity: Medium\n\nRegressed: https://oss-fuzz.com/revisions?job=honggfuzz_asan_binutils&range=202111110606:202111130604\n\nReproducer Testcase: https://oss-fuzz.com/download?testcase_id=4850665339355136\n\nIssue filed automatically.\n\nSee https://google.github.io/oss-fuzz/advanced-topics/reproducing for instructions to reproduce this bug locally.\nWhen you fix this bug, please\n  * mention the fix revision(s).\n  * state whether the bug was a short-lived regression or an old bug in any stable releases.\n  * add any other useful information.\nThis information can help downstream consumers.\n\nIf you need to contact the OSS-Fuzz team with a question, concern, or any other feedback, please file an issue at https://github.com/google/oss-fuzz/issues. Comments on individual Monorail issues are not monitored.\n\nThis bug is subject to a 90 day disclosure deadline. If 90 days elapse\nwithout an upstream patch, then the bug report will automatically\nbecome visible to the public.",
                "descriptionNum": 1
            },
            {
                "projectName": "oss-fuzz",
                "localId": 50305,
                "sequenceNum": 1,
                "commenter": {
                    "userId": "1950284618",
                    "displayName": "sheriffbot"
                },
                "timestamp": 1660762153,
                "amendments": [
                    {
                        "fieldName": "Labels",
                        "newOrDeltaValue": "Disclosure-2022-11-14"
                    }
                ]
            },
            {
                "projectName": "oss-fuzz",
                "localId": 50305,
                "sequenceNum": 2,
                "commenter": {
                    "userId": "382749006",
                    "displayName": "ClusterFuzz-External"
                },
                "timestamp": 1660834177,
                "content": "ClusterFuzz testcase 4850665339355136 is verified as fixed in https://oss-fuzz.com/revisions?job=honggfuzz_asan_binutils&range=202208170611:202208180608\n\nIf this is incorrect, please file a bug on https://github.com/google/oss-fuzz/issues/new",
                "amendments": [
                    {
                        "fieldName": "Status",
                        "newOrDeltaValue": "Verified",
                        "oldValue": "New"
                    },
                    {
                        "fieldName": "Labels",
                        "newOrDeltaValue": "ClusterFuzz-Verified"
                    }
                ]
            },
            {
                "projectName": "oss-fuzz",
                "localId": 50305,
                "sequenceNum": 3,
                "commenter": {
                    "userId": "1950284618",
                    "displayName": "sheriffbot"
                },
                "timestamp": 1660847995,
                "content": "This bug has been fixed. It has been opened to the public.\n\n- Your friendly Sheriffbot",
                "amendments": [
                    {
                        "fieldName": "Labels",
                        "newOrDeltaValue": "-restrict-view-commit"
                    }
                ]
            }
        ]
    },
    "fix_commit": "2bda15d73cb1d6c4e3db402682d4c11a94d96b7b",
    "repo_addr": "git://sourceware.org/git/binutils-gdb.git"
}