{
    "fix": "https://github.com/bminor/binutils-gdb/commit/4d664d5711b297ca6666f529e83bb624f587df77",
    "verify": "0",
    "localId": 52228,
    "project": "binutils-gdb",
    "fuzzer": "honggfuzz",
    "sanitizer": "asan",
    "crash_type": "Segv on unknown address",
    "report": {
        "comments": [
            {
                "projectName": "oss-fuzz",
                "localId": 52228,
                "commenter": {
                    "userId": "382749006",
                    "displayName": "ClusterFuzz-External"
                },
                "timestamp": 1665217461,
                "content": "Detailed Report: https://oss-fuzz.com/testcase?key=5433319697547264\n\nProject: binutils\nFuzzing Engine: honggfuzz\nFuzz Target: fuzz_objdump_safe\nJob Type: honggfuzz_asan_binutils\nPlatform Id: linux\n\nCrash Type: Segv on unknown address\nCrash Address: \nCrash State:\n  reloc_at\n  read_debug_line_header\n  display_debug_lines_raw\n  \nSanitizer: address (ASAN)\n\nRegressed: https://oss-fuzz.com/revisions?job=honggfuzz_asan_binutils&range=202110270607:202110290601\n\nReproducer Testcase: https://oss-fuzz.com/download?testcase_id=5433319697547264\n\nIssue filed automatically.\n\nSee https://google.github.io/oss-fuzz/advanced-topics/reproducing for instructions to reproduce this bug locally.\nWhen you fix this bug, please\n  * mention the fix revision(s).\n  * state whether the bug was a short-lived regression or an old bug in any stable releases.\n  * add any other useful information.\nThis information can help downstream consumers.\n\nIf you need to contact the OSS-Fuzz team with a question, concern, or any other feedback, please file an issue at https://github.com/google/oss-fuzz/issues. Comments on individual Monorail issues are not monitored.\n\nThis bug is subject to a 90 day disclosure deadline. If 90 days elapse\nwithout an upstream patch, then the bug report will automatically\nbecome visible to the public.",
                "descriptionNum": 1
            },
            {
                "projectName": "oss-fuzz",
                "localId": 52228,
                "sequenceNum": 1,
                "commenter": {
                    "userId": "1950284618",
                    "displayName": "sheriffbot"
                },
                "timestamp": 1665255018,
                "amendments": [
                    {
                        "fieldName": "Labels",
                        "newOrDeltaValue": "Disclosure-2023-01-06"
                    }
                ]
            },
            {
                "projectName": "oss-fuzz",
                "localId": 52228,
                "sequenceNum": 2,
                "commenter": {
                    "userId": "382749006",
                    "displayName": "ClusterFuzz-External"
                },
                "timestamp": 1666887096,
                "content": "ClusterFuzz testcase 5433319697547264 is verified as fixed in https://oss-fuzz.com/revisions?job=honggfuzz_asan_binutils&range=202210260605:202210270609\n\nIf this is incorrect, please file a bug on https://github.com/google/oss-fuzz/issues/new",
                "amendments": [
                    {
                        "fieldName": "Status",
                        "newOrDeltaValue": "Verified",
                        "oldValue": "New"
                    },
                    {
                        "fieldName": "Labels",
                        "newOrDeltaValue": "ClusterFuzz-Verified"
                    }
                ]
            },
            {
                "projectName": "oss-fuzz",
                "localId": 52228,
                "sequenceNum": 3,
                "commenter": {
                    "userId": "1950284618",
                    "displayName": "sheriffbot"
                },
                "timestamp": 1666896336,
                "content": "This bug has been fixed. It has been opened to the public.\n\n- Your friendly Sheriffbot",
                "amendments": [
                    {
                        "fieldName": "Labels",
                        "newOrDeltaValue": "-restrict-view-commit"
                    }
                ]
            }
        ]
    },
    "fix_commit": "4d664d5711b297ca6666f529e83bb624f587df77",
    "repo_addr": "git://sourceware.org/git/binutils-gdb.git"
}