{
    "fix": "https://github.com/llvm/llvm-project/commit/5a2265647ed3f449e9e8e970e27f5e964db851af",
    "verify": "0",
    "localId": 20046,
    "project": "llvm-project",
    "fuzzer": "libfuzzer",
    "sanitizer": "asan",
    "crash_type": "Heap-use-after-free READ 8",
    "severity": "High",
    "report": {
        "comments": [
            {
                "projectName": "oss-fuzz",
                "localId": 20046,
                "commenter": {
                    "userId": "382749006",
                    "displayName": "ClusterFuzz-External"
                },
                "timestamp": 1578875705,
                "content": "Detailed Report: https://oss-fuzz.com/testcase?key=5716633024987136\n\nProject: llvm\nFuzzing Engine: libFuzzer\nFuzz Target: llvm-isel-fuzzer--wasm32-O2\nJob Type: libfuzzer_asan_llvm\nPlatform Id: linux\n\nCrash Type: Heap-use-after-free READ 8\nCrash Address: 0x6060000074e8\nCrash State:\n  llvm::BasicBlock::getTerminator\n  computeKnownBitsFromOperator\n  computeKnownBits\n  \nSanitizer: address (ASAN)\n\nRecommended Security Severity: High\n\nRegressed: https://oss-fuzz.com/revisions?job=libfuzzer_asan_llvm&range=201912130427:201912200437\n\nReproducer Testcase: https://oss-fuzz.com/download?testcase_id=5716633024987136\n\nIssue filed automatically.\n\nSee https://google.github.io/oss-fuzz/advanced-topics/reproducing for instructions to reproduce this bug locally.\nWhen you fix this bug, please\n  * mention the fix revision(s).\n  * state whether the bug was a short-lived regression or an old bug in any stable releases.\n  * add any other useful information.\nThis information can help downstream consumers.\n\nIf you need to contact the OSS-Fuzz team with a question, concern, or any other feedback, please file an issue at https://github.com/google/oss-fuzz/issues. Comments on individual Monorail issues are not monitored.",
                "descriptionNum": 1
            },
            {
                "projectName": "oss-fuzz",
                "localId": 20046,
                "sequenceNum": 1,
                "commenter": {
                    "userId": "1950284618",
                    "displayName": "sheriffbot"
                },
                "timestamp": 1586198628,
                "content": "This bug is approaching its deadline for being fixed, and will be automatically derestricted within 7 days. If a fix is planned within 2 weeks after the deadline has passed, a grace extension can be granted.\n\n- Your friendly Sheriffbot",
                "amendments": [
                    {
                        "fieldName": "Labels",
                        "newOrDeltaValue": "Deadline-Approaching"
                    }
                ]
            },
            {
                "projectName": "oss-fuzz",
                "localId": 20046,
                "sequenceNum": 2,
                "commenter": {
                    "userId": "382749006",
                    "displayName": "ClusterFuzz-External"
                },
                "timestamp": 1589044291,
                "content": "ClusterFuzz testcase 5716633024987136 is verified as fixed in https://oss-fuzz.com/revisions?job=libfuzzer_asan_llvm&range=202005080243:202005090245\n\nIf this is incorrect, please file a bug on https://github.com/google/oss-fuzz/issues/new",
                "amendments": [
                    {
                        "fieldName": "Status",
                        "newOrDeltaValue": "Verified",
                        "oldValue": "New"
                    },
                    {
                        "fieldName": "Labels",
                        "newOrDeltaValue": "ClusterFuzz-Verified"
                    }
                ]
            }
        ]
    },
    "fix_commit": "5a2265647ed3f449e9e8e970e27f5e964db851af",
    "repo_addr": "https://github.com/llvm/llvm-project.git"
}