{
    "fix": "https://github.com/pjsip/pjproject/commit/bc4812d31a67d5e2f973fbfaf950d6118226cf36",
    "verify": "0",
    "localId": 54451,
    "project": "pjsip",
    "fuzzer": "libfuzzer",
    "sanitizer": "asan",
    "crash_type": "Heap-buffer-overflow READ 1",
    "severity": "Medium",
    "report": {
        "comments": [
            {
                "projectName": "oss-fuzz",
                "localId": 54451,
                "commenter": {
                    "userId": "382749006",
                    "displayName": "ClusterFuzz-External"
                },
                "timestamp": 1671573741,
                "content": "Detailed Report: https://oss-fuzz.com/testcase?key=5114388095041536\n\nProject: pjsip\nFuzzing Engine: libFuzzer\nFuzz Target: fuzz-stun\nJob Type: libfuzzer_asan_pjsip\nPlatform Id: linux\n\nCrash Type: Heap-buffer-overflow READ 1\nCrash Address: 0x60300000014a\nCrash State:\n  decode_errcode_attr\n  pj_stun_msg_decode\n  fuzz-stun.c\n  \nSanitizer: address (ASAN)\n\nRecommended Security Severity: Medium\n\nCrash Revision: https://oss-fuzz.com/revisions?job=libfuzzer_asan_pjsip&revision=202212200601\n\nReproducer Testcase: https://oss-fuzz.com/download?testcase_id=5114388095041536\n\nIssue filed automatically.\n\nSee https://google.github.io/oss-fuzz/advanced-topics/reproducing for instructions to reproduce this bug locally.\nWhen you fix this bug, please\n  * mention the fix revision(s).\n  * state whether the bug was a short-lived regression or an old bug in any stable releases.\n  * add any other useful information.\nThis information can help downstream consumers.\n\nIf you need to contact the OSS-Fuzz team with a question, concern, or any other feedback, please file an issue at https://github.com/google/oss-fuzz/issues. Comments on individual Monorail issues are not monitored.\n\nThis bug is subject to a 90 day disclosure deadline. If 90 days elapse\nwithout an upstream patch, then the bug report will automatically\nbecome visible to the public.",
                "descriptionNum": 1
            },
            {
                "projectName": "oss-fuzz",
                "localId": 54451,
                "sequenceNum": 1,
                "commenter": {
                    "userId": "382749006",
                    "displayName": "ClusterFuzz-External"
                },
                "timestamp": 1671576155,
                "content": "This crash occurs very frequently on linux platform and is likely preventing the fuzzer fuzz-stun from making much progress. Fixing this will allow more bugs to be found.\n\nIf this is incorrect, please file a bug on https://github.com/google/oss-fuzz/issues/new",
                "amendments": [
                    {
                        "fieldName": "Labels",
                        "newOrDeltaValue": "Fuzz-Blocker"
                    }
                ]
            },
            {
                "projectName": "oss-fuzz",
                "localId": 54451,
                "sequenceNum": 2,
                "commenter": {
                    "userId": "1950284618",
                    "displayName": "sheriffbot"
                },
                "timestamp": 1671739156,
                "amendments": [
                    {
                        "fieldName": "Labels",
                        "newOrDeltaValue": "Disclosure-2023-03-20"
                    }
                ]
            },
            {
                "projectName": "oss-fuzz",
                "localId": 54451,
                "sequenceNum": 3,
                "commenter": {
                    "userId": "382749006",
                    "displayName": "ClusterFuzz-External"
                },
                "timestamp": 1671898477,
                "content": "ClusterFuzz testcase 5114388095041536 is verified as fixed in https://oss-fuzz.com/revisions?job=libfuzzer_asan_pjsip&range=202212230608:202212240614\n\nIf this is incorrect, please file a bug on https://github.com/google/oss-fuzz/issues/new",
                "amendments": [
                    {
                        "fieldName": "Status",
                        "newOrDeltaValue": "Verified",
                        "oldValue": "New"
                    },
                    {
                        "fieldName": "Labels",
                        "newOrDeltaValue": "ClusterFuzz-Verified"
                    }
                ]
            },
            {
                "projectName": "oss-fuzz",
                "localId": 54451,
                "sequenceNum": 4,
                "commenter": {
                    "userId": "1950284618",
                    "displayName": "sheriffbot"
                },
                "timestamp": 1671997432,
                "content": "This bug has been fixed. It has been opened to the public.\n\n- Your friendly Sheriffbot",
                "amendments": [
                    {
                        "fieldName": "Labels",
                        "newOrDeltaValue": "-restrict-view-commit"
                    }
                ]
            },
            {
                "projectName": "oss-fuzz",
                "localId": 54451,
                "sequenceNum": 5,
                "commenter": {
                    "userId": "771042426",
                    "displayName": "nan...@teluu.com"
                },
                "timestamp": 1672112207,
                "content": "More info about the bug and the fix revision can be found here: https://github.com/pjsip/pjproject/security/advisories/GHSA-cxwq-5g9x-x7fr"
            }
        ]
    },
    "fix_commit": "bc4812d31a67d5e2f973fbfaf950d6118226cf36",
    "repo_addr": "https://github.com/pjsip/pjproject"
}