{
    "fix": "http://hg.nginx.org/njs728c3741f556a30213a302faf68bf683f4ba3c08",
    "verify": "0",
    "localId": 37691,
    "project": "njs",
    "fuzzer": "libfuzzer",
    "sanitizer": "asan",
    "crash_type": "UNKNOWN READ",
    "severity": "Medium",
    "report": {
        "comments": [
            {
                "projectName": "oss-fuzz",
                "localId": 37691,
                "commenter": {
                    "userId": "382749006",
                    "displayName": "ClusterFuzz-External"
                },
                "timestamp": 1630047211,
                "content": "Detailed Report: https://oss-fuzz.com/testcase?key=5646684554788864\n\nProject: njs\nFuzzing Engine: libFuzzer\nFuzz Target: njs_process_script_fuzzer\nJob Type: libfuzzer_asan_njs\nPlatform Id: linux\n\nCrash Type: UNKNOWN READ\nCrash Address: 0x61e000000c80\nCrash State:\n  njs_object_prop_alloc\n  njs_regexp_exec_result\n  njs_regexp_builtin_exec\n  \nSanitizer: address (ASAN)\n\nRecommended Security Severity: Medium\n\nCrash Revision: https://oss-fuzz.com/revisions?job=libfuzzer_asan_njs&revision=202007140348\n\nReproducer Testcase: https://oss-fuzz.com/download?testcase_id=5646684554788864\n\nIssue filed automatically.\n\nSee https://google.github.io/oss-fuzz/advanced-topics/reproducing for instructions to reproduce this bug locally.\nWhen you fix this bug, please\n  * mention the fix revision(s).\n  * state whether the bug was a short-lived regression or an old bug in any stable releases.\n  * add any other useful information.\nThis information can help downstream consumers.\n\nIf you need to contact the OSS-Fuzz team with a question, concern, or any other feedback, please file an issue at https://github.com/google/oss-fuzz/issues. Comments on individual Monorail issues are not monitored.\n\nThis bug is subject to a 90 day disclosure deadline. If 90 days elapse\nwithout an upstream patch, then the bug report will automatically\nbecome visible to the public.",
                "descriptionNum": 1
            },
            {
                "projectName": "oss-fuzz",
                "localId": 37691,
                "sequenceNum": 1,
                "commenter": {
                    "userId": "1950284618",
                    "displayName": "sheriffbot"
                },
                "timestamp": 1630090435,
                "amendments": [
                    {
                        "fieldName": "Labels",
                        "newOrDeltaValue": "Disclosure-2021-11-25"
                    }
                ]
            },
            {
                "projectName": "oss-fuzz",
                "localId": 37691,
                "sequenceNum": 2,
                "commenter": {
                    "userId": "382749006",
                    "displayName": "ClusterFuzz-External"
                },
                "timestamp": 1637079741,
                "content": "ClusterFuzz testcase 5646684554788864 is verified as fixed in https://oss-fuzz.com/revisions?job=libfuzzer_asan_njs&range=202111150612:202111160601\n\nIf this is incorrect, please file a bug on https://github.com/google/oss-fuzz/issues/new",
                "amendments": [
                    {
                        "fieldName": "Status",
                        "newOrDeltaValue": "Verified",
                        "oldValue": "New"
                    },
                    {
                        "fieldName": "Labels",
                        "newOrDeltaValue": "ClusterFuzz-Verified"
                    }
                ]
            },
            {
                "projectName": "oss-fuzz",
                "localId": 37691,
                "sequenceNum": 3,
                "commenter": {
                    "userId": "1950284618",
                    "displayName": "sheriffbot"
                },
                "timestamp": 1637091595,
                "content": "This bug has been fixed. It has been opened to the public.\n\n- Your friendly Sheriffbot",
                "amendments": [
                    {
                        "fieldName": "Labels",
                        "newOrDeltaValue": "-restrict-view-commit"
                    }
                ]
            }
        ]
    },
    "fix_commit": "728c3741f556a30213a302faf68bf683f4ba3c08",
    "repo_addr": "http://hg.nginx.org/njs"
}