{
    "fix": "https://github.com/fluent/fluent-bit/commit/4391214fa1168f8f7b12a1eca115d76fa07466c3",
    "verify": "0",
    "localId": 22132,
    "project": "fluent-bit",
    "fuzzer": "libfuzzer",
    "sanitizer": "asan",
    "crash_type": "Heap-buffer-overflow READ 1",
    "severity": "Medium",
    "report": {
        "comments": [
            {
                "projectName": "oss-fuzz",
                "localId": 22132,
                "commenter": {
                    "userId": "382749006",
                    "displayName": "ClusterFuzz-External"
                },
                "timestamp": 1589044553,
                "content": "Detailed Report: https://oss-fuzz.com/testcase?key=5716486477053952\n\nProject: fluent-bit\nFuzzing Engine: libFuzzer\nFuzz Target: parse_logfmt_fuzzer\nJob Type: libfuzzer_asan_fluent-bit\nPlatform Id: linux\n\nCrash Type: Heap-buffer-overflow READ 1\nCrash Address: 0x6020000000b4\nCrash State:\n  flb_unescape_string_utf8\n  logfmt_parser\n  flb_parser_logfmt_do\n  \nSanitizer: address (ASAN)\n\nRecommended Security Severity: Medium\n\nRegressed: https://oss-fuzz.com/revisions?job=libfuzzer_asan_fluent-bit&range=202004300155:202005010153\n\nReproducer Testcase: https://oss-fuzz.com/download?testcase_id=5716486477053952\n\nIssue filed automatically.\n\nSee https://google.github.io/oss-fuzz/advanced-topics/reproducing for instructions to reproduce this bug locally.\nWhen you fix this bug, please\n  * mention the fix revision(s).\n  * state whether the bug was a short-lived regression or an old bug in any stable releases.\n  * add any other useful information.\nThis information can help downstream consumers.\n\nIf you need to contact the OSS-Fuzz team with a question, concern, or any other feedback, please file an issue at https://github.com/google/oss-fuzz/issues. Comments on individual Monorail issues are not monitored.\n\nThis bug is subject to a 90 day disclosure deadline. If 90 days elapse\nwithout an upstream patch, then the bug report will automatically\nbecome visible to the public.",
                "descriptionNum": 1
            },
            {
                "projectName": "oss-fuzz",
                "localId": 22132,
                "sequenceNum": 1,
                "commenter": {
                    "userId": "1950284618",
                    "displayName": "sheriffbot"
                },
                "timestamp": 1589055255,
                "amendments": [
                    {
                        "fieldName": "Labels",
                        "newOrDeltaValue": "Disclosure-2020-08-07"
                    }
                ]
            },
            {
                "projectName": "oss-fuzz",
                "localId": 22132,
                "sequenceNum": 2,
                "commenter": {
                    "userId": "382749006",
                    "displayName": "ClusterFuzz-External"
                },
                "timestamp": 1589294279,
                "content": "ClusterFuzz testcase 5716486477053952 is verified as fixed in https://oss-fuzz.com/revisions?job=libfuzzer_asan_fluent-bit&range=202005080152:202005120154\n\nIf this is incorrect, please file a bug on https://github.com/google/oss-fuzz/issues/new",
                "amendments": [
                    {
                        "fieldName": "Status",
                        "newOrDeltaValue": "Verified",
                        "oldValue": "New"
                    },
                    {
                        "fieldName": "Labels",
                        "newOrDeltaValue": "ClusterFuzz-Verified"
                    }
                ]
            },
            {
                "projectName": "oss-fuzz",
                "localId": 22132,
                "sequenceNum": 3,
                "commenter": {
                    "userId": "1950284618",
                    "displayName": "sheriffbot"
                },
                "timestamp": 1591992125,
                "content": "This bug has been fixed for 30 days. It has been opened to the public.\n\n- Your friendly Sheriffbot",
                "amendments": [
                    {
                        "fieldName": "Labels",
                        "newOrDeltaValue": "-restrict-view-commit"
                    }
                ]
            }
        ]
    },
    "fix_commit": [
        "36cfed705f97b7e125607702a765f4df0438de59",
        "1ca8cd9233fb3f681d8d34ab993cdd9a747b3744",
        "0d17a81b9474b0906d77b4f253e09a13ae16111d",
        "f93c898f4473fb15f3fdee31e75d722caa381726",
        "9881081fed7b9025467c9b147ea63276915e7c73",
        "1a11dc7ff9d574d3bb43ccf5b43f57ee4e13bb47",
        "c355d3cf248dfb8eb3c6eee24f3fd892cb9e2892",
        "917e9c4230fb4bcf915ed0bdc9cc9891ea13c28b",
        "bf888a4b13c3cbab9c18dd737e4952d519b8e0a6",
        "3156448633ebe5446ed0267c54e906b7b68270bd",
        "484d4feee7adffeeee153f757003557dd262d2fc",
        "89eea3426ed72d58973b5b06e26ae0b575ff11a6",
        "04ed3d8104ca8a2f491453777ae6e38e5377817e",
        "ee28becdcbe9c5c89367a843d54c167a7bd799ec",
        "29b649aba4cbf4398f31dd12629922e004412ff9",
        "96fb2bedd5611c99fa9254968722426c45b4022a",
        "52fc7431d395de06d871575c8eb761df9dbfd12b",
        "79127722c6df1fdd3b43e1455f31522ffda67810",
        "553fb0b749e7dabfde9d64aa8f86171b3dcc3519",
        "1ac0956ac03e0556e8813d198c72b13eff375789",
        "9cb69903d4de07cdd0305d1d70a1e7519f347f5d",
        "17732877a1a4920aa4d6d7843c6d3298d8957747",
        "112fce35a39dd5f42b1cfe1e579b51bc83b0dd70",
        "f48a8636d68c0486ca69f4d479e3721d4f10aa26",
        "9feb6c11e82847557b2b2610e1ea216a498b76b5",
        "9f2062d38d3c2ede4b5023347423900ef45d9134",
        "a97a446c6aaf5091c9c2087ce916423872356c2e",
        "5985506b1392a74f25713b0d88e155abe5711ea7",
        "d6f7e237f679a3a545573b6984ea519bde6889c6",
        "418cf03390093f4f50507c4388ef9e4d897724d4",
        "c9269c42486ae83456eaf0365b91f85263407b15",
        "1c1709c11e1b677ade2dae6041983a648e8cada4",
        "158525b1305faccf7787c89281dba8495e6b0654",
        "0ba3b8b3039257364ad32cafd2a35232f8771b32",
        "184e027ac691f9cad7731210f7a53184fd376675",
        "29442b9edb4576ef474ca09eb7eade5ecc71f338",
        "c81069636b90c4f24ed54a30bb8a15fba17a1094",
        "5ff22cad574bac91bc6b5bd32c4fda7b48f14411",
        "c20f76ac0a8d7534dbce62fe85d7f27bc9e21b83",
        "809235e796da67fe852a349618a1b2498f42ffcd",
        "95d9514a1225722b6d6015aa896c00b4e107e367",
        "04cccd759dc77944bbf5e33669f0085e10b9117c",
        "1602ee05f00387984ae01908102302f83aa1bc50",
        "4391214fa1168f8f7b12a1eca115d76fa07466c3"
    ],
    "repo_addr": "https://github.com/fluent/fluent-bit/"
}