{
    "fix": "https://github.com/fluent/fluent-bit/commit/72b62d2270edda9a0281ff8a6c3903d99e1892c9",
    "verify": "0",
    "localId": 26304,
    "project": "fluent-bit",
    "fuzzer": "libfuzzer",
    "sanitizer": "asan",
    "crash_type": "Heap-buffer-overflow WRITE 1",
    "severity": "High",
    "report": {
        "comments": [
            {
                "projectName": "oss-fuzz",
                "localId": 26304,
                "commenter": {
                    "userId": "382749006",
                    "displayName": "ClusterFuzz-External"
                },
                "timestamp": 1602573481,
                "content": "Detailed Report: https://oss-fuzz.com/testcase?key=5714223612821504\n\nProject: fluent-bit\nFuzzing Engine: libFuzzer\nFuzz Target: flb-it-fuzz-msgpack_parse_fuzzer_OSSFUZZ\nJob Type: libfuzzer_asan_fluent-bit\nPlatform Id: linux\n\nCrash Type: Heap-buffer-overflow WRITE 1\nCrash Address: 0x618000000791\nCrash State:\n  encoded_to_buf\n  flb_utils_write_str\n  msgpack2json\n  \nSanitizer: address (ASAN)\n\nRecommended Security Severity: High\n\nRegressed: https://oss-fuzz.com/revisions?job=libfuzzer_asan_fluent-bit&range=202009170628:202010080607\n\nReproducer Testcase: https://oss-fuzz.com/download?testcase_id=5714223612821504\n\nIssue filed automatically.\n\nSee https://google.github.io/oss-fuzz/advanced-topics/reproducing for instructions to reproduce this bug locally.\nWhen you fix this bug, please\n  * mention the fix revision(s).\n  * state whether the bug was a short-lived regression or an old bug in any stable releases.\n  * add any other useful information.\nThis information can help downstream consumers.\n\nIf you need to contact the OSS-Fuzz team with a question, concern, or any other feedback, please file an issue at https://github.com/google/oss-fuzz/issues. Comments on individual Monorail issues are not monitored.\n\nThis bug is subject to a 90 day disclosure deadline. If 90 days elapse\nwithout an upstream patch, then the bug report will automatically\nbecome visible to the public.",
                "descriptionNum": 1
            },
            {
                "projectName": "oss-fuzz",
                "localId": 26304,
                "sequenceNum": 1,
                "commenter": {
                    "userId": "1950284618",
                    "displayName": "sheriffbot"
                },
                "timestamp": 1602706548,
                "amendments": [
                    {
                        "fieldName": "Labels",
                        "newOrDeltaValue": "Disclosure-2021-01-11"
                    }
                ]
            },
            {
                "projectName": "oss-fuzz",
                "localId": 26304,
                "sequenceNum": 2,
                "commenter": {
                    "userId": "382749006",
                    "displayName": "ClusterFuzz-External"
                },
                "timestamp": 1604679211,
                "content": "ClusterFuzz testcase 5714223612821504 is verified as fixed in https://oss-fuzz.com/revisions?job=libfuzzer_asan_fluent-bit&range=202011050624:202011060613\n\nIf this is incorrect, please file a bug on https://github.com/google/oss-fuzz/issues/new",
                "amendments": [
                    {
                        "fieldName": "Status",
                        "newOrDeltaValue": "Verified",
                        "oldValue": "New"
                    },
                    {
                        "fieldName": "Labels",
                        "newOrDeltaValue": "ClusterFuzz-Verified"
                    }
                ]
            },
            {
                "projectName": "oss-fuzz",
                "localId": 26304,
                "sequenceNum": 3,
                "commenter": {
                    "userId": "1950284618",
                    "displayName": "sheriffbot"
                },
                "timestamp": 1607284353,
                "content": "This bug has been fixed for 30 days. It has been opened to the public.\n\n- Your friendly Sheriffbot",
                "amendments": [
                    {
                        "fieldName": "Labels",
                        "newOrDeltaValue": "-restrict-view-commit"
                    }
                ]
            }
        ]
    },
    "fix_commit": [
        "f12a969fb91f25f737ff42560b6d74925e22fc58",
        "3fd34108169b5b277f6f748a7616059f7517db7e",
        "b5c326cc19d77cafeb439474771482699115add3",
        "94bdace9f2d9dd473c01f75b7201758911664c10",
        "876592a725a2d984377548c05316571c72f581d3",
        "313699579c1d6fb62c801f143fd0f41a2ae0bd09",
        "39168020d76629b103c3d424b3a7426ee1d3b57d",
        "1c0f1fc903985e447f635b0283c944626a6d76e3",
        "a2c43e3682ccda68606dcf69a89a63adb57f4e47",
        "b6b82bea603752695136f9dfbcfedd371ed31246",
        "e23afaf1e7ff281c4c4ab7a09656b3c95004de93",
        "2f0ea62e7ad49fd39d356e03706f2a3bda18a89d",
        "80879afd8fbac5629b5abd4c5919d4a9538f958b",
        "200a199fbfbfa8dcd52e0ac19b3a518737da750a",
        "9ef04be94ca1ce1275ba9e7adb9eeccbe9156580",
        "e06fb6a86979e138882c538aef3fd48060d4d294",
        "c27896fdb0459d3a25ab299437d5c3fb068fb4ab",
        "44190c2a1c4b939dc9ecb2908148d38c82a40831",
        "1efbe4a75192ccf7703d9012ac67bfce97700ed6",
        "cd9037a170feb1ffb184dfbd582d26168d42a3d7",
        "e500dcf91858ccb5c09e5f2d3eb4299d3662b836",
        "4cace3d63f8b65f786079c2584b37ea0d1f6319b",
        "370a68585b5eb7763183c2f1e6a6d937b5e1d077",
        "e5289e606c4b55b0fac29046c8343958248189e7",
        "979a9bb728b490659e7e6076c17f3e4cb2c5bd59",
        "c2e33ae40af02fabe59b51637501a5be73583a15",
        "7a588237fdb744e5825fb119753dcad2e8878866",
        "7f0c3bb1bd8645ca556125b5afae8db77f973085",
        "f6a8de0a8ca7caf4d857d20e35420e4f0ade96f9",
        "24165c6f88274d8910f770a8bc686ca43272d0a0",
        "40bdd32ecc346c5784fbe702c1bfaa7632b40090",
        "72b62d2270edda9a0281ff8a6c3903d99e1892c9"
    ],
    "repo_addr": "https://github.com/fluent/fluent-bit/"
}