{
    "fix": "https://github.com/fluent/fluent-bit/commit/d67f28b5b28253ff1d0732c79762bda2a12e207b",
    "verify": "0",
    "localId": 27025,
    "project": "fluent-bit",
    "fuzzer": "libfuzzer",
    "sanitizer": "asan",
    "crash_type": "Heap-double-free",
    "severity": "High",
    "report": {
        "comments": [
            {
                "localId": 27025,
                "descriptionNum": 1,
                "projectName": "oss-fuzz",
                "commenter": {
                    "displayName": "ClusterFuzz-External",
                    "userId": "382749006"
                },
                "content": "Detailed Report: https://oss-fuzz.com/testcase?key=6208118264168448\n\nProject: fluent-bit\nFuzzing Engine: libFuzzer\nFuzz Target: flb-it-fuzz-config_map_fuzzer_OSSFUZZ\nJob Type: libfuzzer_asan_fluent-bit\nPlatform Id: linux\n\nCrash Type: Heap-double-free\nCrash Address: 0x603000000160\nCrash State:\n  flb_free\n  flb_sds_destroy\n  flb_kv_item_destroy\n  \nSanitizer: address (ASAN)\n\nRecommended Security Severity: High\n\nRegressed: https://oss-fuzz.com/revisions?job=libfuzzer_asan_fluent-bit&range=202011050624:202011060613\n\nReproducer Testcase: https://oss-fuzz.com/download?testcase_id=6208118264168448\n\nIssue filed automatically.\n\nSee https://google.github.io/oss-fuzz/advanced-topics/reproducing for instructions to reproduce this bug locally.\nWhen you fix this bug, please\n  * mention the fix revision(s).\n  * state whether the bug was a short-lived regression or an old bug in any stable releases.\n  * add any other useful information.\nThis information can help downstream consumers.\n\nIf you need to contact the OSS-Fuzz team with a question, concern, or any other feedback, please file an issue at https://github.com/google/oss-fuzz/issues. Comments on individual Monorail issues are not monitored.\n\nThis bug is subject to a 90 day disclosure deadline. If 90 days elapse\nwithout an upstream patch, then the bug report will automatically\nbecome visible to the public.",
                "timestamp": 1604656345
            },
            {
                "amendments": [
                    {
                        "fieldName": "Labels",
                        "newOrDeltaValue": "Disclosure-2021-02-04"
                    }
                ],
                "localId": 27025,
                "projectName": "oss-fuzz",
                "commenter": {
                    "displayName": "sheriffbot",
                    "userId": "1950284618"
                },
                "sequenceNum": 1,
                "timestamp": 1604693116
            },
            {
                "amendments": [
                    {
                        "fieldName": "Labels",
                        "newOrDeltaValue": "Fuzz-Blocker"
                    }
                ],
                "localId": 27025,
                "projectName": "oss-fuzz",
                "commenter": {
                    "displayName": "ClusterFuzz-External",
                    "userId": "382749006"
                },
                "content": "This crash occurs very frequently on linux platform and is likely preventing the fuzzer flb-it-fuzz-config_map_fuzzer_OSSFUZZ from making much progress. Fixing this will allow more bugs to be found.\n\nIf this is incorrect, please file a bug on https://github.com/google/oss-fuzz/issues/new",
                "sequenceNum": 2,
                "timestamp": 1605135750
            },
            {
                "amendments": [
                    {
                        "fieldName": "Status",
                        "oldValue": "New",
                        "newOrDeltaValue": "Verified"
                    },
                    {
                        "fieldName": "Labels",
                        "newOrDeltaValue": "ClusterFuzz-Verified"
                    }
                ],
                "localId": 27025,
                "projectName": "oss-fuzz",
                "commenter": {
                    "displayName": "ClusterFuzz-External",
                    "userId": "382749006"
                },
                "content": "ClusterFuzz testcase 6208118264168448 is verified as fixed in https://oss-fuzz.com/revisions?job=libfuzzer_asan_fluent-bit&range=202011130618:202011140617\n\nIf this is incorrect, please file a bug on https://github.com/google/oss-fuzz/issues/new",
                "sequenceNum": 3,
                "timestamp": 1605367520
            },
            {
                "amendments": [
                    {
                        "fieldName": "Labels",
                        "newOrDeltaValue": "-restrict-view-commit"
                    }
                ],
                "localId": 27025,
                "projectName": "oss-fuzz",
                "commenter": {
                    "displayName": "sheriffbot",
                    "userId": "1950284618"
                },
                "content": "This bug has been fixed for 30 days. It has been opened to the public.\n\n- Your friendly Sheriffbot",
                "sequenceNum": 4,
                "timestamp": 1607975598
            }
        ]
    },
    "fix_commit": "d67f28b5b28253ff1d0732c79762bda2a12e207b",
    "repo_addr": "https://github.com/fluent/fluent-bit/"
}