{
    "fix": "https://github.com/fluent/fluent-bit/commit/16f4084f36c78d1c121a78aafb7dc1db5fe699e9",
    "verify": "0",
    "localId": 28256,
    "project": "fluent-bit",
    "fuzzer": "libfuzzer",
    "sanitizer": "asan",
    "crash_type": "Heap-buffer-overflow WRITE 1",
    "severity": "High",
    "report": {
        "comments": [
            {
                "projectName": "oss-fuzz",
                "localId": 28256,
                "commenter": {
                    "userId": "382749006",
                    "displayName": "ClusterFuzz-External"
                },
                "timestamp": 1607015367,
                "content": "Detailed Report: https://oss-fuzz.com/testcase?key=5706233050955776\n\nProject: fluent-bit\nFuzzing Engine: libFuzzer\nFuzz Target: flb-it-fuzz-http_fuzzer_OSSFUZZ\nJob Type: libfuzzer_asan_fluent-bit\nPlatform Id: linux\n\nCrash Type: Heap-buffer-overflow WRITE 1\nCrash Address: 0x61d000001282\nCrash State:\n  flb_http_do\n  http_fuzzer.c\n  \nSanitizer: address (ASAN)\n\nRecommended Security Severity: High\n\nRegressed: https://oss-fuzz.com/revisions?job=libfuzzer_asan_fluent-bit&range=202011270600:202012030624\n\nReproducer Testcase: https://oss-fuzz.com/download?testcase_id=5706233050955776\n\nIssue filed automatically.\n\nSee https://google.github.io/oss-fuzz/advanced-topics/reproducing for instructions to reproduce this bug locally.\nWhen you fix this bug, please\n  * mention the fix revision(s).\n  * state whether the bug was a short-lived regression or an old bug in any stable releases.\n  * add any other useful information.\nThis information can help downstream consumers.\n\nIf you need to contact the OSS-Fuzz team with a question, concern, or any other feedback, please file an issue at https://github.com/google/oss-fuzz/issues. Comments on individual Monorail issues are not monitored.\n\nThis bug is subject to a 90 day disclosure deadline. If 90 days elapse\nwithout an upstream patch, then the bug report will automatically\nbecome visible to the public.",
                "descriptionNum": 1
            },
            {
                "projectName": "oss-fuzz",
                "localId": 28256,
                "sequenceNum": 1,
                "commenter": {
                    "userId": "1950284618",
                    "displayName": "sheriffbot"
                },
                "timestamp": 1607026072,
                "amendments": [
                    {
                        "fieldName": "Labels",
                        "newOrDeltaValue": "Disclosure-2021-03-03"
                    }
                ]
            },
            {
                "projectName": "oss-fuzz",
                "localId": 28256,
                "sequenceNum": 2,
                "commenter": {
                    "userId": "1950284618",
                    "displayName": "sheriffbot"
                },
                "timestamp": 1614195706,
                "content": "This bug is approaching its deadline for being fixed, and will be automatically derestricted within 7 days. If a fix is planned within 2 weeks after the deadline has passed, a grace extension can be granted.\n\n- Your friendly Sheriffbot",
                "amendments": [
                    {
                        "fieldName": "Labels",
                        "newOrDeltaValue": "Deadline-Approaching"
                    }
                ]
            },
            {
                "projectName": "oss-fuzz",
                "localId": 28256,
                "sequenceNum": 3,
                "commenter": {
                    "userId": "382749006",
                    "displayName": "ClusterFuzz-External"
                },
                "timestamp": 1614270931,
                "content": "ClusterFuzz testcase 5706233050955776 is verified as fixed in https://oss-fuzz.com/revisions?job=libfuzzer_asan_fluent-bit&range=202102240613:202102250600\n\nIf this is incorrect, please file a bug on https://github.com/google/oss-fuzz/issues/new",
                "amendments": [
                    {
                        "fieldName": "Status",
                        "newOrDeltaValue": "Verified",
                        "oldValue": "New"
                    },
                    {
                        "fieldName": "Labels",
                        "newOrDeltaValue": "ClusterFuzz-Verified"
                    }
                ]
            },
            {
                "projectName": "oss-fuzz",
                "localId": 28256,
                "sequenceNum": 4,
                "commenter": {
                    "userId": "1950284618",
                    "displayName": "sheriffbot"
                },
                "timestamp": 1614801657,
                "content": "This bug has exceeded our disclosure deadline. It has been opened to the public.\n\n- Your friendly Sheriffbot",
                "amendments": [
                    {
                        "fieldName": "Labels",
                        "newOrDeltaValue": "-restrict-view-commit -deadline-approaching"
                    }
                ]
            }
        ]
    },
    "fix_commit": "16f4084f36c78d1c121a78aafb7dc1db5fe699e9",
    "repo_addr": "https://github.com/fluent/fluent-bit/"
}