{
    "fix": "https://github.com/fluent/fluent-bit/commit/0111149ce44b28cb6b5af710009bd3a2c14d8eb9",
    "verify": "0",
    "localId": 34116,
    "project": "fluent-bit",
    "fuzzer": "honggfuzz",
    "sanitizer": "asan",
    "crash_type": "Heap-double-free",
    "severity": "High",
    "report": {
        "comments": [
            {
                "projectName": "oss-fuzz",
                "localId": 34116,
                "commenter": {
                    "userId": "382749006",
                    "displayName": "ClusterFuzz-External"
                },
                "timestamp": 1620578281,
                "content": "Detailed Report: https://oss-fuzz.com/testcase?key=5874775835672576\n\nProject: fluent-bit\nFuzzing Engine: honggfuzz\nFuzz Target: flb-it-fuzz-parser_fuzzer_OSSFUZZ\nJob Type: honggfuzz_asan_fluent-bit\nPlatform Id: linux\n\nCrash Type: Heap-double-free\nCrash Address: 0x625000002900\nCrash State:\n  flb_free\n  flb_parser_json_do\n  flb_parser_do\n  \nSanitizer: address (ASAN)\n\nRecommended Security Severity: High\n\nRegressed: https://oss-fuzz.com/revisions?job=honggfuzz_asan_fluent-bit&range=202105060607:202105070621\n\nReproducer Testcase: https://oss-fuzz.com/download?testcase_id=5874775835672576\n\nIssue filed automatically.\n\nSee https://google.github.io/oss-fuzz/advanced-topics/reproducing for instructions to reproduce this bug locally.\nWhen you fix this bug, please\n  * mention the fix revision(s).\n  * state whether the bug was a short-lived regression or an old bug in any stable releases.\n  * add any other useful information.\nThis information can help downstream consumers.\n\nIf you need to contact the OSS-Fuzz team with a question, concern, or any other feedback, please file an issue at https://github.com/google/oss-fuzz/issues. Comments on individual Monorail issues are not monitored.\n\nThis bug is subject to a 90 day disclosure deadline. If 90 days elapse\nwithout an upstream patch, then the bug report will automatically\nbecome visible to the public.",
                "descriptionNum": 1
            },
            {
                "projectName": "oss-fuzz",
                "localId": 34116,
                "sequenceNum": 1,
                "commenter": {
                    "userId": "1950284618",
                    "displayName": "sheriffbot"
                },
                "timestamp": 1620587185,
                "amendments": [
                    {
                        "fieldName": "Labels",
                        "newOrDeltaValue": "Disclosure-2021-08-09"
                    }
                ]
            },
            {
                "projectName": "oss-fuzz",
                "localId": 34116,
                "sequenceNum": 2,
                "commenter": {
                    "userId": "382749006",
                    "displayName": "ClusterFuzz-External"
                },
                "timestamp": 1620848605,
                "content": "This crash occurs very frequently on linux platform and is likely preventing the fuzzer flb-it-fuzz-parser_fuzzer_OSSFUZZ from making much progress. Fixing this will allow more bugs to be found.\n\nIf this is incorrect, please file a bug on https://github.com/google/oss-fuzz/issues/new",
                "amendments": [
                    {
                        "fieldName": "Labels",
                        "newOrDeltaValue": "Fuzz-Blocker"
                    }
                ]
            },
            {
                "projectName": "oss-fuzz",
                "localId": 34116,
                "sequenceNum": 3,
                "commenter": {
                    "userId": "382749006",
                    "displayName": "ClusterFuzz-External"
                },
                "timestamp": 1620848605,
                "content": "This crash occurs very frequently on linux platform and is likely preventing the fuzzer flb-it-fuzz-parser_fuzzer_OSSFUZZ from making much progress. Fixing this will allow more bugs to be found.\n\nIf this is incorrect, please file a bug on https://github.com/google/oss-fuzz/issues/new",
                "amendments": [
                    {
                        "fieldName": "Labels",
                        "newOrDeltaValue": "Fuzz-Blocker"
                    }
                ]
            },
            {
                "projectName": "oss-fuzz",
                "localId": 34116,
                "sequenceNum": 4,
                "commenter": {
                    "userId": "382749006",
                    "displayName": "ClusterFuzz-External"
                },
                "timestamp": 1621005159,
                "content": "ClusterFuzz testcase 5874775835672576 is verified as fixed in https://oss-fuzz.com/revisions?job=honggfuzz_asan_fluent-bit&range=202105130617:202105140610\n\nIf this is incorrect, please file a bug on https://github.com/google/oss-fuzz/issues/new",
                "amendments": [
                    {
                        "fieldName": "Status",
                        "newOrDeltaValue": "Verified",
                        "oldValue": "New"
                    },
                    {
                        "fieldName": "Labels",
                        "newOrDeltaValue": "ClusterFuzz-Verified"
                    }
                ]
            },
            {
                "projectName": "oss-fuzz",
                "localId": 34116,
                "sequenceNum": 5,
                "commenter": {
                    "userId": "1950284618",
                    "displayName": "sheriffbot"
                },
                "timestamp": 1621104964,
                "content": "This bug has been fixed. It has been opened to the public.\n\n- Your friendly Sheriffbot",
                "amendments": [
                    {
                        "fieldName": "Labels",
                        "newOrDeltaValue": "-restrict-view-commit"
                    }
                ]
            }
        ]
    },
    "fix_commit": "0111149ce44b28cb6b5af710009bd3a2c14d8eb9",
    "repo_addr": "https://github.com/fluent/fluent-bit/"
}