{
    "fix": "https://github.com/seladb/PcapPlusPlus/commit/d2dadc4e18dfd924490c529a058eb5276a2ab6c5",
    "verify": "0",
    "localId": 22427,
    "project": "PcapPlusPlus",
    "fuzzer": "libfuzzer",
    "sanitizer": "asan",
    "crash_type": "Heap-buffer-overflow READ 4",
    "severity": "Medium",
    "report": {
        "comments": [
            {
                "projectName": "oss-fuzz",
                "localId": 22427,
                "commenter": {
                    "userId": "382749006",
                    "displayName": "ClusterFuzz-External"
                },
                "timestamp": 1590224163,
                "content": "Detailed Report: https://oss-fuzz.com/testcase?key=5696802681782272\n\nProject: pcapplusplus\nFuzzing Engine: libFuzzer\nFuzz Target: FuzzTarget\nJob Type: libfuzzer_asan_pcapplusplus\nPlatform Id: linux\n\nCrash Type: Heap-buffer-overflow READ 4\nCrash Address: 0x6020000000dc\nCrash State:\n  pcpp::IPv4Layer::getSrcIpAddress\n  FuzzTarget.cpp\n  \nSanitizer: address (ASAN)\n\nRecommended Security Severity: Medium\n\nCrash Revision: https://oss-fuzz.com/revisions?job=libfuzzer_asan_pcapplusplus&revision=202005230313\n\nReproducer Testcase: https://oss-fuzz.com/download?testcase_id=5696802681782272\n\nIssue filed automatically.\n\nSee https://google.github.io/oss-fuzz/advanced-topics/reproducing for instructions to reproduce this bug locally.\nWhen you fix this bug, please\n  * mention the fix revision(s).\n  * state whether the bug was a short-lived regression or an old bug in any stable releases.\n  * add any other useful information.\nThis information can help downstream consumers.\n\nIf you need to contact the OSS-Fuzz team with a question, concern, or any other feedback, please file an issue at https://github.com/google/oss-fuzz/issues. Comments on individual Monorail issues are not monitored.\n\nThis bug is subject to a 90 day disclosure deadline. If 90 days elapse\nwithout an upstream patch, then the bug report will automatically\nbecome visible to the public.",
                "descriptionNum": 1
            },
            {
                "projectName": "oss-fuzz",
                "localId": 22427,
                "sequenceNum": 1,
                "commenter": {
                    "userId": "1950284618",
                    "displayName": "sheriffbot"
                },
                "timestamp": 1590351157,
                "amendments": [
                    {
                        "fieldName": "Labels",
                        "newOrDeltaValue": "Disclosure-2020-08-21"
                    }
                ]
            },
            {
                "projectName": "oss-fuzz",
                "localId": 22427,
                "sequenceNum": 2,
                "commenter": {
                    "userId": "382749006",
                    "displayName": "ClusterFuzz-External"
                },
                "timestamp": 1590417098,
                "content": "ClusterFuzz testcase 5696802681782272 is verified as fixed in https://oss-fuzz.com/revisions?job=libfuzzer_asan_pcapplusplus&range=202005240314:202005250310\n\nIf this is incorrect, please file a bug on https://github.com/google/oss-fuzz/issues/new",
                "amendments": [
                    {
                        "fieldName": "Status",
                        "newOrDeltaValue": "Verified",
                        "oldValue": "New"
                    },
                    {
                        "fieldName": "Labels",
                        "newOrDeltaValue": "ClusterFuzz-Verified"
                    }
                ]
            },
            {
                "projectName": "oss-fuzz",
                "localId": 22427,
                "sequenceNum": 3,
                "commenter": {
                    "userId": "1950284618",
                    "displayName": "sheriffbot"
                },
                "timestamp": 1593028923,
                "content": "This bug has been fixed for 30 days. It has been opened to the public.\n\n- Your friendly Sheriffbot",
                "amendments": [
                    {
                        "fieldName": "Labels",
                        "newOrDeltaValue": "-restrict-view-commit"
                    }
                ]
            }
        ]
    },
    "fix_commit": "d2dadc4e18dfd924490c529a058eb5276a2ab6c5",
    "repo_addr": "https://github.com/seladb/PcapPlusPlus"
}