{
    "fix": "https://github.com/seladb/PcapPlusPlus/commit/38c3fa6b27e4328b5ad9cbf7265d225d8579a15a",
    "verify": "0",
    "localId": 25340,
    "project": "PcapPlusPlus",
    "fuzzer": "libfuzzer",
    "sanitizer": "ubsan",
    "crash_type": "Bad-cast",
    "severity": "High",
    "report": {
        "comments": [
            {
                "projectName": "oss-fuzz",
                "localId": 25340,
                "commenter": {
                    "userId": "382749006",
                    "displayName": "ClusterFuzz-External"
                },
                "timestamp": 1598906982,
                "content": "Detailed Report: https://oss-fuzz.com/testcase?key=5759761977704448\n\nProject: pcapplusplus\nFuzzing Engine: libFuzzer\nFuzz Target: FuzzTarget\nJob Type: libfuzzer_ubsan_pcapplusplus\nPlatform Id: linux\n\nCrash Type: Bad-cast\nCrash Address: 0x000000ef0891\nCrash State:\n  Bad-cast to pcpp::Layer from invalid vptr\n  pcpp::IDnsResource::getRawData\n  pcpp::DnsResource::getDataLength\n  \nSanitizer: undefined (UBSAN)\n\nRecommended Security Severity: High\n\nRegressed: https://oss-fuzz.com/revisions?job=libfuzzer_ubsan_pcapplusplus&range=202008280601:202008290615\n\nReproducer Testcase: https://oss-fuzz.com/download?testcase_id=5759761977704448\n\nIssue filed automatically.\n\nSee https://google.github.io/oss-fuzz/advanced-topics/reproducing for instructions to reproduce this bug locally.\nWhen you fix this bug, please\n  * mention the fix revision(s).\n  * state whether the bug was a short-lived regression or an old bug in any stable releases.\n  * add any other useful information.\nThis information can help downstream consumers.\n\nIf you need to contact the OSS-Fuzz team with a question, concern, or any other feedback, please file an issue at https://github.com/google/oss-fuzz/issues. Comments on individual Monorail issues are not monitored.\n\nThis bug is subject to a 90 day disclosure deadline. If 90 days elapse\nwithout an upstream patch, then the bug report will automatically\nbecome visible to the public.",
                "descriptionNum": 1
            },
            {
                "projectName": "oss-fuzz",
                "localId": 25340,
                "sequenceNum": 1,
                "commenter": {
                    "userId": "1950284618",
                    "displayName": "sheriffbot"
                },
                "timestamp": 1598991456,
                "amendments": [
                    {
                        "fieldName": "Labels",
                        "newOrDeltaValue": "Disclosure-2020-11-30"
                    }
                ]
            },
            {
                "projectName": "oss-fuzz",
                "localId": 25340,
                "sequenceNum": 2,
                "commenter": {
                    "userId": "382749006",
                    "displayName": "ClusterFuzz-External"
                },
                "timestamp": 1599663650,
                "content": "ClusterFuzz testcase 5759761977704448 is verified as fixed in https://oss-fuzz.com/revisions?job=libfuzzer_ubsan_pcapplusplus&range=202009080606:202009090616\n\nIf this is incorrect, please file a bug on https://github.com/google/oss-fuzz/issues/new",
                "amendments": [
                    {
                        "fieldName": "Status",
                        "newOrDeltaValue": "Verified",
                        "oldValue": "New"
                    },
                    {
                        "fieldName": "Labels",
                        "newOrDeltaValue": "ClusterFuzz-Verified"
                    }
                ]
            },
            {
                "projectName": "oss-fuzz",
                "localId": 25340,
                "sequenceNum": 3,
                "commenter": {
                    "userId": "1950284618",
                    "displayName": "sheriffbot"
                },
                "timestamp": 1602273959,
                "content": "This bug has been fixed for 30 days. It has been opened to the public.\n\n- Your friendly Sheriffbot",
                "amendments": [
                    {
                        "fieldName": "Labels",
                        "newOrDeltaValue": "-restrict-view-commit"
                    }
                ]
            }
        ]
    },
    "fix_commit": "38c3fa6b27e4328b5ad9cbf7265d225d8579a15a",
    "repo_addr": "https://github.com/seladb/PcapPlusPlus"
}