{
    "fix": "https://github.com/seladb/PcapPlusPlus/commit/2295654a792beed3d2b2e81d346271089fa1cd02",
    "verify": "0",
    "localId": 43847,
    "project": "PcapPlusPlus",
    "fuzzer": "libfuzzer",
    "sanitizer": "asan",
    "crash_type": "Stack-buffer-overflow WRITE 1",
    "severity": "High",
    "report": {
        "comments": [
            {
                "projectName": "oss-fuzz",
                "localId": 43847,
                "commenter": {
                    "userId": "382749006",
                    "displayName": "ClusterFuzz-External"
                },
                "timestamp": 1642631439,
                "content": "Detailed Report: https://oss-fuzz.com/testcase?key=5814090897948672\n\nProject: pcapplusplus\nFuzzing Engine: libFuzzer\nFuzz Target: FuzzTarget\nJob Type: libfuzzer_asan_pcapplusplus\nPlatform Id: linux\n\nCrash Type: Stack-buffer-overflow WRITE 1\nCrash Address: 0x7ffdd4792340\nCrash State:\n  pcpp::IDnsResource::decodeName\n  pcpp::IDnsResource::IDnsResource\n  pcpp::DnsLayer::parseResources\n  \nSanitizer: address (ASAN)\n\nRecommended Security Severity: High\n\nCrash Revision: https://oss-fuzz.com/revisions?job=libfuzzer_asan_pcapplusplus&revision=202201190609\n\nReproducer Testcase: https://oss-fuzz.com/download?testcase_id=5814090897948672\n\nIssue filed automatically.\n\nSee https://google.github.io/oss-fuzz/advanced-topics/reproducing for instructions to reproduce this bug locally.\nWhen you fix this bug, please\n  * mention the fix revision(s).\n  * state whether the bug was a short-lived regression or an old bug in any stable releases.\n  * add any other useful information.\nThis information can help downstream consumers.\n\nIf you need to contact the OSS-Fuzz team with a question, concern, or any other feedback, please file an issue at https://github.com/google/oss-fuzz/issues. Comments on individual Monorail issues are not monitored.\n\nThis bug is subject to a 90 day disclosure deadline. If 90 days elapse\nwithout an upstream patch, then the bug report will automatically\nbecome visible to the public.",
                "descriptionNum": 1
            },
            {
                "projectName": "oss-fuzz",
                "localId": 43847,
                "sequenceNum": 1,
                "commenter": {
                    "userId": "1950284618",
                    "displayName": "sheriffbot"
                },
                "timestamp": 1642708447,
                "amendments": [
                    {
                        "fieldName": "Labels",
                        "newOrDeltaValue": "Disclosure-2022-04-19"
                    }
                ]
            },
            {
                "projectName": "oss-fuzz",
                "localId": 43847,
                "sequenceNum": 2,
                "commenter": {
                    "userId": "1950284618",
                    "displayName": "sheriffbot"
                },
                "timestamp": 1649788008,
                "content": "This bug is approaching its deadline for being fixed, and will be automatically derestricted within 7 days. If a fix is planned within 2 weeks after the deadline has passed, a grace extension can be granted.\n\n- Your friendly Sheriffbot",
                "amendments": [
                    {
                        "fieldName": "Labels",
                        "newOrDeltaValue": "Deadline-Approaching"
                    }
                ]
            },
            {
                "projectName": "oss-fuzz",
                "localId": 43847,
                "sequenceNum": 3,
                "commenter": {
                    "userId": "1950284618",
                    "displayName": "sheriffbot"
                },
                "timestamp": 1650393469,
                "content": "This bug has exceeded our disclosure deadline. It has been opened to the public.\n\n- Your friendly Sheriffbot",
                "amendments": [
                    {
                        "fieldName": "Labels",
                        "newOrDeltaValue": "-restrict-view-commit -deadline-approaching Deadline-Exceeded"
                    }
                ]
            },
            {
                "projectName": "oss-fuzz",
                "localId": 43847,
                "sequenceNum": 4,
                "commenter": {
                    "userId": "382749006",
                    "displayName": "ClusterFuzz-External"
                },
                "timestamp": 1658419645,
                "content": "ClusterFuzz testcase 5814090897948672 is verified as fixed in https://oss-fuzz.com/revisions?job=libfuzzer_asan_pcapplusplus&range=202207200608:202207210602\n\nIf this is incorrect, please file a bug on https://github.com/google/oss-fuzz/issues/new",
                "amendments": [
                    {
                        "fieldName": "Status",
                        "newOrDeltaValue": "Verified",
                        "oldValue": "New"
                    },
                    {
                        "fieldName": "Labels",
                        "newOrDeltaValue": "ClusterFuzz-Verified"
                    }
                ]
            }
        ]
    },
    "fix_commit": "2295654a792beed3d2b2e81d346271089fa1cd02",
    "repo_addr": "https://github.com/seladb/PcapPlusPlus"
}