{
    "fix": "https://github.com/seladb/PcapPlusPlus/commit/59bb2d12ec7e0b90b6fc4746da0a44f4dc64825b",
    "verify": "0",
    "localId": 59809,
    "project": "PcapPlusPlus",
    "fuzzer": "libfuzzer",
    "sanitizer": "ubsan",
    "crash_type": "UNKNOWN READ",
    "severity": "Medium",
    "report": {
        "comments": [
            {
                "projectName": "oss-fuzz",
                "localId": 59809,
                "commenter": {
                    "userId": "382749006",
                    "displayName": "ClusterFuzz-External"
                },
                "timestamp": 1686687068,
                "content": "Detailed Report: https://oss-fuzz.com/testcase?key=5983761192583168\n\nProject: pcapplusplus\nFuzzing Engine: libFuzzer\nFuzz Target: FuzzTarget\nJob Type: libfuzzer_ubsan_pcapplusplus\nPlatform Id: linux\n\nCrash Type: UNKNOWN READ\nCrash Address: 0x0000022c4000\nCrash State:\n  pcpp::cross_platform_memmem\n  pcpp::SipRequestFirstLine::parseVersion\n  pcpp::SipRequestFirstLine::SipRequestFirstLine\n  \nSanitizer: undefined (UBSAN)\n\nRecommended Security Severity: Medium\n\nRegressed: https://oss-fuzz.com/revisions?job=libfuzzer_ubsan_pcapplusplus&range=202301260618:202306060614\n\nReproducer Testcase: https://oss-fuzz.com/download?testcase_id=5983761192583168\n\nIssue filed automatically.\n\nSee https://google.github.io/oss-fuzz/advanced-topics/reproducing for instructions to reproduce this bug locally.\nWhen you fix this bug, please\n  * mention the fix revision(s).\n  * state whether the bug was a short-lived regression or an old bug in any stable releases.\n  * add any other useful information.\nThis information can help downstream consumers.\n\nIf you need to contact the OSS-Fuzz team with a question, concern, or any other feedback, please file an issue at https://github.com/google/oss-fuzz/issues. Comments on individual Monorail issues are not monitored.\n\nThis bug is subject to a 90 day disclosure deadline. If 90 days elapse\nwithout an upstream patch, then the bug report will automatically\nbecome visible to the public.",
                "descriptionNum": 1
            },
            {
                "projectName": "oss-fuzz",
                "localId": 59809,
                "sequenceNum": 1,
                "commenter": {
                    "userId": "1950284618",
                    "displayName": "sheriffbot"
                },
                "timestamp": 1686768919,
                "amendments": [
                    {
                        "fieldName": "Labels",
                        "newOrDeltaValue": "Disclosure-2023-09-11"
                    }
                ]
            },
            {
                "projectName": "oss-fuzz",
                "localId": 59809,
                "sequenceNum": 2,
                "commenter": {
                    "userId": "382749006",
                    "displayName": "ClusterFuzz-External"
                },
                "timestamp": 1691078066,
                "content": "ClusterFuzz testcase 5983761192583168 is verified as fixed in https://oss-fuzz.com/revisions?job=libfuzzer_ubsan_pcapplusplus&range=202308020621:202308030611\n\nIf this is incorrect, please file a bug on https://github.com/google/oss-fuzz/issues/new",
                "amendments": [
                    {
                        "fieldName": "Status",
                        "newOrDeltaValue": "Verified",
                        "oldValue": "New"
                    },
                    {
                        "fieldName": "Labels",
                        "newOrDeltaValue": "ClusterFuzz-Verified"
                    }
                ]
            },
            {
                "projectName": "oss-fuzz",
                "localId": 59809,
                "sequenceNum": 3,
                "commenter": {
                    "userId": "1950284618",
                    "displayName": "sheriffbot"
                },
                "timestamp": 1691088903,
                "content": "This bug has been fixed. It has been opened to the public.\n\n- Your friendly Sheriffbot",
                "amendments": [
                    {
                        "fieldName": "Labels",
                        "newOrDeltaValue": "-restrict-view-commit"
                    }
                ]
            }
        ]
    },
    "fix_commit": "59bb2d12ec7e0b90b6fc4746da0a44f4dc64825b",
    "repo_addr": "https://github.com/seladb/PcapPlusPlus"
}