{
    "fix": "https://github.com/seladb/PcapPlusPlus/commit/6986e81f6fa441a56c4effe2bf2f177ca892255e",
    "verify": "0",
    "localId": 61180,
    "project": "PcapPlusPlus",
    "fuzzer": "libfuzzer",
    "sanitizer": "asan",
    "crash_type": "UNKNOWN READ",
    "severity": "Medium",
    "report": {
        "comments": [
            {
                "projectName": "oss-fuzz",
                "localId": 61180,
                "commenter": {
                    "userId": "382749006",
                    "displayName": "ClusterFuzz-External"
                },
                "timestamp": 1691237435,
                "content": "Detailed Report: https://oss-fuzz.com/testcase?key=4818679978917888\n\nProject: pcapplusplus\nFuzzing Engine: libFuzzer\nFuzz Target: FuzzTarget\nJob Type: libfuzzer_asan_pcapplusplus\nPlatform Id: linux\n\nCrash Type: UNKNOWN READ\nCrash Address: 0x608000010000\nCrash State:\n  pcpp::SipRequestFirstLine::SipRequestFirstLine\n  pcpp::SipRequestLayer::SipRequestLayer\n  pcpp::UdpLayer::parseNextLayer\n  \nSanitizer: address (ASAN)\n\nRecommended Security Severity: Medium\n\nRegressed: https://oss-fuzz.com/revisions?job=libfuzzer_asan_pcapplusplus&range=202301260618:202306060614\n\nReproducer Testcase: https://oss-fuzz.com/download?testcase_id=4818679978917888\n\nIssue filed automatically.\n\nSee https://google.github.io/oss-fuzz/advanced-topics/reproducing for instructions to reproduce this bug locally.\nWhen you fix this bug, please\n  * mention the fix revision(s).\n  * state whether the bug was a short-lived regression or an old bug in any stable releases.\n  * add any other useful information.\nThis information can help downstream consumers.\n\nIf you need to contact the OSS-Fuzz team with a question, concern, or any other feedback, please file an issue at https://github.com/google/oss-fuzz/issues. Comments on individual Monorail issues are not monitored.\n\nThis bug is subject to a 90 day disclosure deadline. If 90 days elapse\nwithout an upstream patch, then the bug report will automatically\nbecome visible to the public.",
                "descriptionNum": 1
            },
            {
                "projectName": "oss-fuzz",
                "localId": 61180,
                "sequenceNum": 1,
                "commenter": {
                    "userId": "1950284618",
                    "displayName": "sheriffbot"
                },
                "timestamp": 1691262001,
                "amendments": [
                    {
                        "fieldName": "Labels",
                        "newOrDeltaValue": "Disclosure-2023-11-03"
                    }
                ]
            },
            {
                "projectName": "oss-fuzz",
                "localId": 61180,
                "sequenceNum": 2,
                "commenter": {
                    "userId": "382749006",
                    "displayName": "ClusterFuzz-External"
                },
                "timestamp": 1692984261,
                "content": "ClusterFuzz testcase 4818679978917888 is verified as fixed in https://oss-fuzz.com/revisions?job=libfuzzer_asan_pcapplusplus&range=202308240621:202308250604\n\nIf this is incorrect, please file a bug on https://github.com/google/oss-fuzz/issues/new",
                "amendments": [
                    {
                        "fieldName": "Status",
                        "newOrDeltaValue": "Verified",
                        "oldValue": "New"
                    },
                    {
                        "fieldName": "Labels",
                        "newOrDeltaValue": "ClusterFuzz-Verified"
                    }
                ]
            },
            {
                "projectName": "oss-fuzz",
                "localId": 61180,
                "sequenceNum": 3,
                "commenter": {
                    "userId": "1950284618",
                    "displayName": "sheriffbot"
                },
                "timestamp": 1692989363,
                "content": "This bug has been fixed. It has been opened to the public.\n\n- Your friendly Sheriffbot",
                "amendments": [
                    {
                        "fieldName": "Labels",
                        "newOrDeltaValue": "-restrict-view-commit"
                    }
                ]
            }
        ]
    },
    "fix_commit": "6986e81f6fa441a56c4effe2bf2f177ca892255e",
    "repo_addr": "https://github.com/seladb/PcapPlusPlus"
}