{
    "fix": "https://github.com/seladb/PcapPlusPlus/commit/a0ecc6dad71f445c95936697c7ee15997d5761b2",
    "verify": "0",
    "localId": 64110,
    "project": "PcapPlusPlus",
    "fuzzer": "libfuzzer",
    "sanitizer": "asan",
    "crash_type": "Heap-buffer-overflow WRITE 2",
    "severity": "High",
    "report": {
        "comments": [
            {
                "projectName": "oss-fuzz",
                "localId": 64110,
                "commenter": {
                    "userId": "382749006",
                    "displayName": "ClusterFuzz-External"
                },
                "timestamp": 1699807420,
                "content": "Detailed Report: https://oss-fuzz.com/testcase?key=4735678306713600\n\nProject: pcapplusplus\nFuzzing Engine: libFuzzer\nFuzz Target: FuzzTarget\nJob Type: libfuzzer_asan_pcapplusplus\nPlatform Id: linux\n\nCrash Type: Heap-buffer-overflow WRITE 2\nCrash Address: 0x603000001dc9\nCrash State:\n  pcpp::GREv1Layer::computeCalculateFields\n  pcpp::Packet::computeCalculateFields\n  FuzzTarget.cpp\n  \nSanitizer: address (ASAN)\n\nRecommended Security Severity: High\n\nRegressed: https://oss-fuzz.com/revisions?job=libfuzzer_asan_pcapplusplus&range=202311100616:202311120621\n\nReproducer Testcase: https://oss-fuzz.com/download?testcase_id=4735678306713600\n\nIssue filed automatically.\n\nSee https://google.github.io/oss-fuzz/advanced-topics/reproducing for instructions to reproduce this bug locally.\nWhen you fix this bug, please\n  * mention the fix revision(s).\n  * state whether the bug was a short-lived regression or an old bug in any stable releases.\n  * add any other useful information.\nThis information can help downstream consumers.\n\nIf you need to contact the OSS-Fuzz team with a question, concern, or any other feedback, please file an issue at https://github.com/google/oss-fuzz/issues. Comments on individual Monorail issues are not monitored.\n\nThis bug is subject to a 90 day disclosure deadline. If 90 days elapse\nwithout an upstream patch, then the bug report will automatically\nbecome visible to the public.",
                "descriptionNum": 1
            },
            {
                "projectName": "oss-fuzz",
                "localId": 64110,
                "sequenceNum": 1,
                "commenter": {
                    "userId": "1950284618",
                    "displayName": "sheriffbot"
                },
                "timestamp": 1699819711,
                "amendments": [
                    {
                        "fieldName": "Labels",
                        "newOrDeltaValue": "Disclosure-2024-02-12"
                    }
                ]
            },
            {
                "projectName": "oss-fuzz",
                "localId": 64110,
                "sequenceNum": 2,
                "commenter": {
                    "userId": "382749006",
                    "displayName": "ClusterFuzz-External"
                },
                "timestamp": 1700040555,
                "content": "ClusterFuzz testcase 4735678306713600 is verified as fixed in https://oss-fuzz.com/revisions?job=libfuzzer_asan_pcapplusplus&range=202311140611:202311150614\n\nIf this is incorrect, please file a bug on https://github.com/google/oss-fuzz/issues/new",
                "amendments": [
                    {
                        "fieldName": "Status",
                        "newOrDeltaValue": "Verified",
                        "oldValue": "New"
                    },
                    {
                        "fieldName": "Labels",
                        "newOrDeltaValue": "ClusterFuzz-Verified"
                    }
                ]
            },
            {
                "projectName": "oss-fuzz",
                "localId": 64110,
                "sequenceNum": 3,
                "commenter": {
                    "userId": "1950284618",
                    "displayName": "sheriffbot"
                },
                "timestamp": 1700078368,
                "content": "This bug has been fixed. It has been opened to the public.\n\n- Your friendly Sheriffbot",
                "amendments": [
                    {
                        "fieldName": "Labels",
                        "newOrDeltaValue": "-restrict-view-commit"
                    }
                ]
            }
        ]
    },
    "fix_commit": "a0ecc6dad71f445c95936697c7ee15997d5761b2",
    "repo_addr": "https://github.com/seladb/PcapPlusPlus"
}