{
    "fix": "https://github.com/libgit2/libgit2/commit/41863a00f0d811c659c9ba87ae2cc0c3aae5a77f",
    "verify": "0",
    "localId": 11173,
    "project": "libgit2",
    "fuzzer": "afl",
    "sanitizer": "asan",
    "crash_type": "Heap-buffer-overflow READ 1",
    "severity": "Medium",
    "report": {
        "comments": [
            {
                "projectName": "oss-fuzz",
                "localId": 11173,
                "commenter": {
                    "userId": "382749006",
                    "displayName": "ClusterFuzz-External"
                },
                "timestamp": 1540695228,
                "content": "Detailed report: https://oss-fuzz.com/testcase?key=5661732278632448\n\nProject: libgit2\nFuzzer: afl_libgit2_objects_fuzzer\nFuzz target binary: objects_fuzzer\nJob Type: afl_asan_libgit2\nPlatform Id: linux\n\nCrash Type: Heap-buffer-overflow READ 1\nCrash Address: 0x60c00000053a\nCrash State:\n  git__strntol64\n  git_signature__parse\n  git_commit__parse_raw\n  \nSanitizer: address (ASAN)\n\nRecommended Security Severity: Medium\n\nRegressed: https://oss-fuzz.com/revisions?job=afl_asan_libgit2&range=201810250122:201810260120\n\nReproducer Testcase: https://oss-fuzz.com/download?testcase_id=5661732278632448\n\nIssue filed automatically.\n\nSee https://github.com/google/oss-fuzz/blob/master/docs/reproducing.md for more information.\n\nThis bug is subject to a 90 day disclosure deadline. If 90 days elapse\nwithout an upstream patch, then the bug report will automatically\nbecome visible to the public.\n\nWhen you fix this bug, please\n  * mention the fix revision(s).\n  * state whether the bug was a short-lived regression or an old bug in any stable releases.\n  * add any other useful information.\nThis information can help downstream consumers.\n\nIf you need to contact the OSS-Fuzz team with a question, concern, or any other feedback, please file an issue at https://github.com/google/oss-fuzz/issues.",
                "descriptionNum": 1
            },
            {
                "projectName": "oss-fuzz",
                "localId": 11173,
                "sequenceNum": 1,
                "commenter": {
                    "userId": "382749006",
                    "displayName": "ClusterFuzz-External"
                },
                "timestamp": 1540695854,
                "amendments": [
                    {
                        "fieldName": "Labels",
                        "newOrDeltaValue": "OS-Linux"
                    }
                ]
            },
            {
                "projectName": "oss-fuzz",
                "localId": 11173,
                "sequenceNum": 2,
                "commenter": {
                    "userId": "382749006",
                    "displayName": "ClusterFuzz-External"
                },
                "timestamp": 1541664424,
                "content": "ClusterFuzz has detected this issue as fixed in range 201811070219:201811080219.\n\nDetailed report: https://oss-fuzz.com/testcase?key=5661732278632448\n\nProject: libgit2\nFuzzer: afl_libgit2_objects_fuzzer\nFuzz target binary: objects_fuzzer\nJob Type: afl_asan_libgit2\nPlatform Id: linux\n\nCrash Type: Heap-buffer-overflow READ 1\nCrash Address: 0x60c00000053a\nCrash State:\n  git__strntol64\n  git_signature__parse\n  git_commit__parse_raw\n  \nSanitizer: address (ASAN)\n\nRecommended Security Severity: Medium\n\nRegressed: https://oss-fuzz.com/revisions?job=afl_asan_libgit2&range=201810250122:201810260120\nFixed: https://oss-fuzz.com/revisions?job=afl_asan_libgit2&range=201811070219:201811080219\n\nReproducer Testcase: https://oss-fuzz.com/download?testcase_id=5661732278632448\n\nSee https://github.com/google/oss-fuzz/blob/master/docs/reproducing.md for more information.\n\nIf you suspect that the result above is incorrect, try re-doing that job on the test case report page."
            },
            {
                "projectName": "oss-fuzz",
                "localId": 11173,
                "sequenceNum": 3,
                "commenter": {
                    "userId": "382749006",
                    "displayName": "ClusterFuzz-External"
                },
                "timestamp": 1541665410,
                "content": "ClusterFuzz testcase 5661732278632448 is verified as fixed, so closing issue as verified.\n\nIf this is incorrect, please file a bug on https://github.com/google/oss-fuzz/issues/new",
                "amendments": [
                    {
                        "fieldName": "Status",
                        "newOrDeltaValue": "Verified",
                        "oldValue": "New"
                    },
                    {
                        "fieldName": "Labels",
                        "newOrDeltaValue": "ClusterFuzz-Verified"
                    }
                ]
            },
            {
                "projectName": "oss-fuzz",
                "localId": 11173,
                "sequenceNum": 4,
                "commenter": {
                    "userId": "4164592774",
                    "displayName": "sheriffbot@chromium.org"
                },
                "timestamp": 1544286585,
                "content": "This bug has been fixed for 30 days. It has been opened to the public.\n\n- Your friendly Sheriffbot",
                "amendments": [
                    {
                        "fieldName": "Labels",
                        "newOrDeltaValue": "-restrict-view-commit"
                    }
                ]
            }
        ]
    },
    "fix_commit": "41863a00f0d811c659c9ba87ae2cc0c3aae5a77f",
    "repo_addr": "https://github.com/libgit2/libgit2"
}