{
    "fix": "https://github.com/libgit2/libgit2/commit/fd4e3b216c0881b5825c013a55b487ac2e8b8ab0",
    "verify": "0",
    "localId": 11194,
    "project": "libgit2",
    "fuzzer": "afl",
    "sanitizer": "asan",
    "crash_type": "Heap-buffer-overflow READ 1",
    "severity": "Medium",
    "report": {
        "comments": [
            {
                "projectName": "oss-fuzz",
                "localId": 11194,
                "commenter": {
                    "userId": "382749006",
                    "displayName": "ClusterFuzz-External"
                },
                "timestamp": 1540827991,
                "content": "Detailed report: https://oss-fuzz.com/testcase?key=5743628379488256\n\nProject: libgit2\nFuzzer: afl_libgit2_objects_fuzzer\nFuzz target binary: objects_fuzzer\nJob Type: afl_asan_libgit2\nPlatform Id: linux\n\nCrash Type: Heap-buffer-overflow READ 1\nCrash Address: 0x61500000613c\nCrash State:\n  git__strntol64\n  git__strntol32\n  git_signature__parse\n  \nSanitizer: address (ASAN)\n\nRecommended Security Severity: Medium\n\nRegressed: https://oss-fuzz.com/revisions?job=afl_asan_libgit2&range=201810120119:201810160119\n\nReproducer Testcase: https://oss-fuzz.com/download?testcase_id=5743628379488256\n\nIssue filed automatically.\n\nSee https://github.com/google/oss-fuzz/blob/master/docs/reproducing.md for more information.\n\nThis bug is subject to a 90 day disclosure deadline. If 90 days elapse\nwithout an upstream patch, then the bug report will automatically\nbecome visible to the public.\n\nWhen you fix this bug, please\n  * mention the fix revision(s).\n  * state whether the bug was a short-lived regression or an old bug in any stable releases.\n  * add any other useful information.\nThis information can help downstream consumers.\n\nIf you need to contact the OSS-Fuzz team with a question, concern, or any other feedback, please file an issue at https://github.com/google/oss-fuzz/issues.",
                "descriptionNum": 1
            },
            {
                "projectName": "oss-fuzz",
                "localId": 11194,
                "sequenceNum": 1,
                "commenter": {
                    "userId": "382749006",
                    "displayName": "ClusterFuzz-External"
                },
                "timestamp": 1540829016,
                "amendments": [
                    {
                        "fieldName": "Labels",
                        "newOrDeltaValue": "OS-Linux"
                    }
                ]
            },
            {
                "projectName": "oss-fuzz",
                "localId": 11194,
                "sequenceNum": 2,
                "commenter": {
                    "userId": "382749006",
                    "displayName": "ClusterFuzz-External"
                },
                "timestamp": 1541730936,
                "content": "This crash occurs very frequently on linux platform and is likely preventing the fuzzer objects_fuzzer from making much progress. Fixing this will allow more bugs to be found.\n\nIf this is incorrect, please file a bug on https://github.com/google/oss-fuzz/issues/new",
                "amendments": [
                    {
                        "fieldName": "Labels",
                        "newOrDeltaValue": "Fuzz-Blocker"
                    }
                ]
            },
            {
                "projectName": "oss-fuzz",
                "localId": 11194,
                "sequenceNum": 3,
                "commenter": {
                    "userId": "382749006",
                    "displayName": "ClusterFuzz-External"
                },
                "timestamp": 1542182649,
                "content": "ClusterFuzz has detected this issue as fixed in range 201811130236:201811140242.\n\nDetailed report: https://oss-fuzz.com/testcase?key=5743628379488256\n\nProject: libgit2\nFuzzer: afl_libgit2_objects_fuzzer\nFuzz target binary: objects_fuzzer\nJob Type: afl_asan_libgit2\nPlatform Id: linux\n\nCrash Type: Heap-buffer-overflow READ 1\nCrash Address: 0x61500000613c\nCrash State:\n  git__strntol64\n  git__strntol32\n  git_signature__parse\n  \nSanitizer: address (ASAN)\n\nRecommended Security Severity: Medium\n\nRegressed: https://oss-fuzz.com/revisions?job=afl_asan_libgit2&range=201810120119:201810160119\nFixed: https://oss-fuzz.com/revisions?job=afl_asan_libgit2&range=201811130236:201811140242\n\nReproducer Testcase: https://oss-fuzz.com/download?testcase_id=5743628379488256\n\nSee https://github.com/google/oss-fuzz/blob/master/docs/reproducing.md for more information.\n\nIf you suspect that the result above is incorrect, try re-doing that job on the test case report page."
            },
            {
                "projectName": "oss-fuzz",
                "localId": 11194,
                "sequenceNum": 4,
                "commenter": {
                    "userId": "382749006",
                    "displayName": "ClusterFuzz-External"
                },
                "timestamp": 1542183557,
                "content": "ClusterFuzz testcase 5743628379488256 is verified as fixed, so closing issue as verified.\n\nIf this is incorrect, please file a bug on https://github.com/google/oss-fuzz/issues/new",
                "amendments": [
                    {
                        "fieldName": "Status",
                        "newOrDeltaValue": "Verified",
                        "oldValue": "New"
                    },
                    {
                        "fieldName": "Labels",
                        "newOrDeltaValue": "ClusterFuzz-Verified"
                    }
                ]
            },
            {
                "projectName": "oss-fuzz",
                "localId": 11194,
                "sequenceNum": 5,
                "commenter": {
                    "userId": "4164592774",
                    "displayName": "sheriffbot@chromium.org"
                },
                "timestamp": 1544804732,
                "content": "This bug has been fixed for 30 days. It has been opened to the public.\n\n- Your friendly Sheriffbot",
                "amendments": [
                    {
                        "fieldName": "Labels",
                        "newOrDeltaValue": "-restrict-view-commit"
                    }
                ]
            }
        ]
    },
    "fix_commit": [
        "f127ce3505e308788dd12dcda9b18dc208da1220",
        "fd4e3b216c0881b5825c013a55b487ac2e8b8ab0"
    ],
    "repo_addr": "https://github.com/libgit2/libgit2"
}