{
    "fix": "https://github.com/harfbuzz/harfbuzz/commit/2dde6c803a9e50c5bff74095187b0cb2e12eebdd",
    "verify": "0",
    "localId": 10084,
    "project": "harfbuzz",
    "fuzzer": "libfuzzer",
    "sanitizer": "asan",
    "crash_type": "Heap-buffer-overflow READ 8",
    "severity": "Medium",
    "report": {
        "comments": [
            {
                "projectName": "oss-fuzz",
                "localId": 10084,
                "commenter": {
                    "userId": "382749006",
                    "displayName": "ClusterFuzz-External"
                },
                "timestamp": 1535440283,
                "content": "Detailed report: https://oss-fuzz.com/testcase?key=5758598970343424\n\nProject: harfbuzz\nFuzzer: libFuzzer_harfbuzz_hb-subset-fuzzer\nFuzz target binary: hb-subset-fuzzer\nJob Type: libfuzzer_asan_harfbuzz\nPlatform Id: linux\n\nCrash Type: Heap-buffer-overflow READ 8\nCrash Address: 0x60c000000180\nCrash State:\n  OT::Coverage::intersects\n  OT::ContextFormat2::closure\n  _hb_void_t const* OT::hb_closure_context_t::dispatch<OT::ContextFormat2>\n  \nSanitizer: address (ASAN)\n\nRecommended Security Severity: Medium\n\nRegressed: https://oss-fuzz.com/revisions?job=libfuzzer_asan_harfbuzz&range=201808271608:201808280148\n\nReproducer Testcase: https://oss-fuzz.com/download?testcase_id=5758598970343424\n\nIssue filed automatically.\n\nSee https://github.com/google/oss-fuzz/blob/master/docs/reproducing.md for more information.\n\nThis bug is subject to a 90 day disclosure deadline. If 90 days elapse\nwithout an upstream patch, then the bug report will automatically\nbecome visible to the public.\n\nWhen you fix this bug, please\n  * mention the fix revision(s).\n  * state whether the bug was a short-lived regression or an old bug in any stable releases.\n  * add any other useful information.\nThis information can help downstream consumers.\n\nIf you need to contact the OSS-Fuzz team with a question, concern, or any other feedback, please file an issue at https://github.com/google/oss-fuzz/issues.",
                "descriptionNum": 1
            },
            {
                "projectName": "oss-fuzz",
                "localId": 10084,
                "sequenceNum": 1,
                "commenter": {
                    "userId": "382749006",
                    "displayName": "ClusterFuzz-External"
                },
                "timestamp": 1535440310,
                "amendments": [
                    {
                        "fieldName": "Labels",
                        "newOrDeltaValue": "OS-Linux"
                    }
                ]
            },
            {
                "projectName": "oss-fuzz",
                "localId": 10084,
                "sequenceNum": 2,
                "commenter": {
                    "userId": "382749006",
                    "displayName": "ClusterFuzz-External"
                },
                "timestamp": 1535541415,
                "content": "ClusterFuzz has detected this issue as fixed in range 201808280148:201808290141.\n\nDetailed report: https://oss-fuzz.com/testcase?key=5758598970343424\n\nProject: harfbuzz\nFuzzer: libFuzzer_harfbuzz_hb-subset-fuzzer\nFuzz target binary: hb-subset-fuzzer\nJob Type: libfuzzer_asan_harfbuzz\nPlatform Id: linux\n\nCrash Type: Heap-buffer-overflow READ 8\nCrash Address: 0x60c000000180\nCrash State:\n  OT::Coverage::intersects\n  OT::ContextFormat2::closure\n  _hb_void_t const* OT::hb_closure_context_t::dispatch<OT::ContextFormat2>\n  \nSanitizer: address (ASAN)\n\nRecommended Security Severity: Medium\n\nRegressed: https://oss-fuzz.com/revisions?job=libfuzzer_asan_harfbuzz&range=201808271608:201808280148\nFixed: https://oss-fuzz.com/revisions?job=libfuzzer_asan_harfbuzz&range=201808280148:201808290141\n\nReproducer Testcase: https://oss-fuzz.com/download?testcase_id=5758598970343424\n\nSee https://github.com/google/oss-fuzz/blob/master/docs/reproducing.md for more information.\n\nIf you suspect that the result above is incorrect, try re-doing that job on the test case report page."
            },
            {
                "projectName": "oss-fuzz",
                "localId": 10084,
                "sequenceNum": 3,
                "commenter": {
                    "userId": "382749006",
                    "displayName": "ClusterFuzz-External"
                },
                "timestamp": 1535542061,
                "content": "ClusterFuzz testcase 5758598970343424 is verified as fixed, so closing issue as verified.\n\nIf this is incorrect, please file a bug on https://github.com/google/oss-fuzz/issues/new",
                "amendments": [
                    {
                        "fieldName": "Status",
                        "newOrDeltaValue": "Verified",
                        "oldValue": "New"
                    },
                    {
                        "fieldName": "Labels",
                        "newOrDeltaValue": "ClusterFuzz-Verified"
                    }
                ]
            },
            {
                "projectName": "oss-fuzz",
                "localId": 10084,
                "sequenceNum": 4,
                "commenter": {
                    "userId": "4164592774",
                    "displayName": "sheriffbot@chromium.org"
                },
                "timestamp": 1538148258,
                "content": "This bug has been fixed for 30 days. It has been opened to the public.\n\n- Your friendly Sheriffbot",
                "amendments": [
                    {
                        "fieldName": "Labels",
                        "newOrDeltaValue": "-restrict-view-commit"
                    }
                ]
            }
        ]
    },
    "fix_commit": "2dde6c803a9e50c5bff74095187b0cb2e12eebdd",
    "repo_addr": "https://github.com/harfbuzz/harfbuzz.git"
}