{
    "fix": "https://github.com/harfbuzz/harfbuzz/commit/ca54eba4846d0afda4601929556617a7ebe51714",
    "verify": "0",
    "localId": 10898,
    "project": "harfbuzz",
    "fuzzer": "libfuzzer",
    "sanitizer": "ubsan",
    "crash_type": "UNKNOWN READ",
    "severity": "Medium",
    "report": {
        "comments": [
            {
                "projectName": "oss-fuzz",
                "localId": 10898,
                "commenter": {
                    "userId": "382749006",
                    "displayName": "ClusterFuzz-External"
                },
                "timestamp": 1539287128,
                "content": "Detailed report: https://oss-fuzz.com/testcase?key=5672261407735808\n\nProject: harfbuzz\nFuzzer: libFuzzer_harfbuzz_hb-shape-fuzzer\nFuzz target binary: hb-shape-fuzzer\nJob Type: libfuzzer_ubsan_harfbuzz\nPlatform Id: linux\n\nCrash Type: UNKNOWN READ\nCrash Address: 0x000032816ee5\nCrash State:\n  BEInt<int, 4>::operator int\n  hb_kern_machine_t<AAT::KerxSubTableFormat6::accelerator_t>::kern\n  AAT::KerxSubTableFormat6::apply\n  \nSanitizer: undefined (UBSAN)\n\nRecommended Security Severity: Medium\n\nRegressed: https://oss-fuzz.com/revisions?job=libfuzzer_ubsan_harfbuzz&range=201810100144:201810110141\n\nReproducer Testcase: https://oss-fuzz.com/download?testcase_id=5672261407735808\n\nIssue filed automatically.\n\nSee https://github.com/google/oss-fuzz/blob/master/docs/reproducing.md for more information.\n\nThis bug is subject to a 90 day disclosure deadline. If 90 days elapse\nwithout an upstream patch, then the bug report will automatically\nbecome visible to the public.\n\nWhen you fix this bug, please\n  * mention the fix revision(s).\n  * state whether the bug was a short-lived regression or an old bug in any stable releases.\n  * add any other useful information.\nThis information can help downstream consumers.\n\nIf you need to contact the OSS-Fuzz team with a question, concern, or any other feedback, please file an issue at https://github.com/google/oss-fuzz/issues.",
                "descriptionNum": 1
            },
            {
                "projectName": "oss-fuzz",
                "localId": 10898,
                "sequenceNum": 1,
                "commenter": {
                    "userId": "382749006",
                    "displayName": "ClusterFuzz-External"
                },
                "timestamp": 1539288287,
                "amendments": [
                    {
                        "fieldName": "Labels",
                        "newOrDeltaValue": "OS-Linux"
                    }
                ]
            },
            {
                "projectName": "oss-fuzz",
                "localId": 10898,
                "sequenceNum": 2,
                "commenter": {
                    "userId": "1086086989",
                    "displayName": "behdad@google.com"
                },
                "timestamp": 1539291130,
                "content": "I think this should fix it: https://github.com/harfbuzz/harfbuzz/commit/2c824d3644e16643c2bbe85fb88f9fb6fed53ce7\r\n\r\nAny way to confirm?  I cannot reproduce locally."
            },
            {
                "projectName": "oss-fuzz",
                "localId": 10898,
                "sequenceNum": 3,
                "commenter": {
                    "userId": "382749006",
                    "displayName": "ClusterFuzz-External"
                },
                "timestamp": 1539657067,
                "content": "ClusterFuzz has detected this issue as fixed in range 201810110141:201810152305.\n\nDetailed report: https://oss-fuzz.com/testcase?key=5672261407735808\n\nProject: harfbuzz\nFuzzer: libFuzzer_harfbuzz_hb-shape-fuzzer\nFuzz target binary: hb-shape-fuzzer\nJob Type: libfuzzer_ubsan_harfbuzz\nPlatform Id: linux\n\nCrash Type: UNKNOWN READ\nCrash Address: 0x000032816ee5\nCrash State:\n  BEInt<int, 4>::operator int\n  hb_kern_machine_t<AAT::KerxSubTableFormat6::accelerator_t>::kern\n  AAT::KerxSubTableFormat6::apply\n  \nSanitizer: undefined (UBSAN)\n\nRecommended Security Severity: Medium\n\nRegressed: https://oss-fuzz.com/revisions?job=libfuzzer_ubsan_harfbuzz&range=201810100144:201810110141\nFixed: https://oss-fuzz.com/revisions?job=libfuzzer_ubsan_harfbuzz&range=201810110141:201810152305\n\nReproducer Testcase: https://oss-fuzz.com/download?testcase_id=5672261407735808\n\nSee https://github.com/google/oss-fuzz/blob/master/docs/reproducing.md for more information.\n\nIf you suspect that the result above is incorrect, try re-doing that job on the test case report page."
            },
            {
                "projectName": "oss-fuzz",
                "localId": 10898,
                "sequenceNum": 4,
                "commenter": {
                    "userId": "382749006",
                    "displayName": "ClusterFuzz-External"
                },
                "timestamp": 1539657216,
                "content": "ClusterFuzz testcase 5672261407735808 is verified as fixed, so closing issue as verified.\n\nIf this is incorrect, please file a bug on https://github.com/google/oss-fuzz/issues/new",
                "amendments": [
                    {
                        "fieldName": "Status",
                        "newOrDeltaValue": "Verified",
                        "oldValue": "New"
                    },
                    {
                        "fieldName": "Labels",
                        "newOrDeltaValue": "ClusterFuzz-Verified"
                    }
                ]
            },
            {
                "projectName": "oss-fuzz",
                "localId": 10898,
                "sequenceNum": 5,
                "commenter": {
                    "userId": "4164592774",
                    "displayName": "sheriffbot@chromium.org"
                },
                "timestamp": 1542299088,
                "content": "This bug has been fixed for 30 days. It has been opened to the public.\n\n- Your friendly Sheriffbot",
                "amendments": [
                    {
                        "fieldName": "Labels",
                        "newOrDeltaValue": "-restrict-view-commit"
                    }
                ]
            }
        ]
    },
    "fix_commit": "ca54eba4846d0afda4601929556617a7ebe51714",
    "repo_addr": "https://github.com/harfbuzz/harfbuzz.git"
}