{
    "fix": "https://github.com/harfbuzz/harfbuzz/commit/3341c7fbfb9bc8e137afd9f16da8cf18eb67b25b",
    "verify": "0",
    "localId": 11013,
    "project": "harfbuzz",
    "fuzzer": "afl",
    "sanitizer": "asan",
    "crash_type": "UNKNOWN READ",
    "severity": "Medium",
    "report": {
        "comments": [
            {
                "projectName": "oss-fuzz",
                "localId": 11013,
                "commenter": {
                    "userId": "382749006",
                    "displayName": "ClusterFuzz-External"
                },
                "timestamp": 1539702783,
                "content": "Detailed report: https://oss-fuzz.com/testcase?key=5630246225707008\n\nProject: harfbuzz\nFuzzer: afl_harfbuzz_hb-shape-fuzzer\nFuzz target binary: hb-shape-fuzzer\nJob Type: afl_asan_harfbuzz\nPlatform Id: linux\n\nCrash Type: UNKNOWN READ\nCrash Address: 0x617400000f7c\nCrash State:\n  OT::propagate_attachment_offsets\n  OT::propagate_attachment_offsets\n  OT::GPOS::position_finish_offsets\n  \nSanitizer: address (ASAN)\n\nRecommended Security Severity: Medium\n\nRegressed: https://oss-fuzz.com/revisions?job=afl_asan_harfbuzz&range=201810110141:201810152305\n\nReproducer Testcase: https://oss-fuzz.com/download?testcase_id=5630246225707008\n\nIssue filed automatically.\n\nSee https://github.com/google/oss-fuzz/blob/master/docs/reproducing.md for more information.\n\nThis bug is subject to a 90 day disclosure deadline. If 90 days elapse\nwithout an upstream patch, then the bug report will automatically\nbecome visible to the public.\n\nWhen you fix this bug, please\n  * mention the fix revision(s).\n  * state whether the bug was a short-lived regression or an old bug in any stable releases.\n  * add any other useful information.\nThis information can help downstream consumers.\n\nIf you need to contact the OSS-Fuzz team with a question, concern, or any other feedback, please file an issue at https://github.com/google/oss-fuzz/issues.",
                "descriptionNum": 1
            },
            {
                "projectName": "oss-fuzz",
                "localId": 11013,
                "sequenceNum": 1,
                "commenter": {
                    "userId": "382749006",
                    "displayName": "ClusterFuzz-External"
                },
                "timestamp": 1539703270,
                "amendments": [
                    {
                        "fieldName": "Labels",
                        "newOrDeltaValue": "OS-Linux"
                    }
                ]
            },
            {
                "projectName": "oss-fuzz",
                "localId": 11013,
                "sequenceNum": 2,
                "commenter": {
                    "userId": "1086086989",
                    "displayName": "behdad@google.com"
                },
                "timestamp": 1539732394,
                "content": "Fixed by https://github.com/harfbuzz/harfbuzz/commit/36f38ea7033b4e52c6cd94a8a0d686a95c0cc148"
            },
            {
                "projectName": "oss-fuzz",
                "localId": 11013,
                "sequenceNum": 3,
                "commenter": {
                    "userId": "382749006",
                    "displayName": "ClusterFuzz-External"
                },
                "timestamp": 1539829882,
                "content": "ClusterFuzz has detected this issue as fixed in range 201810160419:201810172209.\n\nDetailed report: https://oss-fuzz.com/testcase?key=5630246225707008\n\nProject: harfbuzz\nFuzzer: afl_harfbuzz_hb-shape-fuzzer\nFuzz target binary: hb-shape-fuzzer\nJob Type: afl_asan_harfbuzz\nPlatform Id: linux\n\nCrash Type: UNKNOWN READ\nCrash Address: 0x617400000f7c\nCrash State:\n  OT::propagate_attachment_offsets\n  OT::propagate_attachment_offsets\n  OT::GPOS::position_finish_offsets\n  \nSanitizer: address (ASAN)\n\nRecommended Security Severity: Medium\n\nRegressed: https://oss-fuzz.com/revisions?job=afl_asan_harfbuzz&range=201810110141:201810152305\nFixed: https://oss-fuzz.com/revisions?job=afl_asan_harfbuzz&range=201810160419:201810172209\n\nReproducer Testcase: https://oss-fuzz.com/download?testcase_id=5630246225707008\n\nSee https://github.com/google/oss-fuzz/blob/master/docs/reproducing.md for more information.\n\nIf you suspect that the result above is incorrect, try re-doing that job on the test case report page."
            },
            {
                "projectName": "oss-fuzz",
                "localId": 11013,
                "sequenceNum": 4,
                "commenter": {
                    "userId": "382749006",
                    "displayName": "ClusterFuzz-External"
                },
                "timestamp": 1539829939,
                "content": "ClusterFuzz testcase 5630246225707008 is verified as fixed, so closing issue as verified.\n\nIf this is incorrect, please file a bug on https://github.com/google/oss-fuzz/issues/new",
                "amendments": [
                    {
                        "fieldName": "Status",
                        "newOrDeltaValue": "Verified",
                        "oldValue": "New"
                    },
                    {
                        "fieldName": "Labels",
                        "newOrDeltaValue": "ClusterFuzz-Verified"
                    }
                ]
            },
            {
                "projectName": "oss-fuzz",
                "localId": 11013,
                "sequenceNum": 5,
                "commenter": {
                    "userId": "382749006",
                    "displayName": "ClusterFuzz-External"
                },
                "timestamp": 1539832870,
                "content": "ClusterFuzz has detected this issue as fixed in range 201810160419:201810172209.\n\nDetailed report: https://oss-fuzz.com/testcase?key=5630246225707008\n\nProject: harfbuzz\nFuzzer: afl_harfbuzz_hb-shape-fuzzer\nFuzz target binary: hb-shape-fuzzer\nJob Type: afl_asan_harfbuzz\nPlatform Id: linux\n\nCrash Type: UNKNOWN READ\nCrash Address: 0x617400000f7c\nCrash State:\n  OT::propagate_attachment_offsets\n  OT::propagate_attachment_offsets\n  OT::GPOS::position_finish_offsets\n  \nSanitizer: address (ASAN)\n\nRecommended Security Severity: Medium\n\nRegressed: https://oss-fuzz.com/revisions?job=afl_asan_harfbuzz&range=201810110141:201810152305\nFixed: https://oss-fuzz.com/revisions?job=afl_asan_harfbuzz&range=201810160419:201810172209\n\nReproducer Testcase: https://oss-fuzz.com/download?testcase_id=5630246225707008\n\nSee https://github.com/google/oss-fuzz/blob/master/docs/reproducing.md for more information.\n\nIf you suspect that the result above is incorrect, try re-doing that job on the test case report page."
            },
            {
                "projectName": "oss-fuzz",
                "localId": 11013,
                "sequenceNum": 6,
                "commenter": {
                    "userId": "4164592774",
                    "displayName": "sheriffbot@chromium.org"
                },
                "timestamp": 1542471933,
                "content": "This bug has been fixed for 30 days. It has been opened to the public.\n\n- Your friendly Sheriffbot",
                "amendments": [
                    {
                        "fieldName": "Labels",
                        "newOrDeltaValue": "-restrict-view-commit"
                    }
                ]
            }
        ]
    },
    "fix_commit": [
        "e53206271db4a83834433ab5f82d16815a18b998",
        "e6f267c3dfe3e93dfc726266672da5a235fbd930",
        "98d4ad02b97628e5a9a7bfe3187ccc3851c00b18",
        "1aa353e4fc79dfa880559ff75113ed58fac8392b",
        "87205ef935ede70365187549d133014669ea47f2",
        "12cbe195ae65656dbc9e32b4d50696bc4223136b",
        "1147ce2392ac6b3d12fdabe69ac5da9bae97e30d",
        "36f38ea7033b4e52c6cd94a8a0d686a95c0cc148",
        "49c041f7c5b135cbcbd1663e18047afd54fc948b",
        "1487173dcf4137fb210b15d9a869aa1f0c626d15",
        "3676c685d407cc7b9b813b4a08e7c5bcd9a47ea1",
        "7b37705fb579a39334be0618c6215c1b887bf9fc",
        "c0c190c16a2c1b281f40dacdcf515dc5a59ab3bb",
        "49bdb54427b17d439eadf31732a5f2a0add46bf5",
        "ba42651608da1be0d152e03ad42ea96fc8476ac7",
        "26092bb3d1aa239de5e933700e0371619d147f65",
        "25fe7e7e1031401d38db1efed360cd75ea7910b9",
        "5842756b1398253d38749c4c8a23a1450e642caf",
        "2e7c716511e8b2cfcd059fa2a2ed4cdd48b351bf",
        "3341c7fbfb9bc8e137afd9f16da8cf18eb67b25b"
    ],
    "repo_addr": "https://github.com/harfbuzz/harfbuzz.git"
}