{
    "localId": 11526,
    "project": "harfbuzz",
    "fix": "https://github.com/harfbuzz/harfbuzz/commit/8dcc1913a1670ede7b124f7b5b775d7ab8791386",
    "verify": "0",
    "fuzzer": "libfuzzer",
    "sanitizer": "asan",
    "crash_type": "Heap-buffer-overflow READ 1",
    "severity": "Medium",
    "report": {
        "comments": [
            {
                "localId": 11526,
                "descriptionNum": 1,
                "projectName": "oss-fuzz",
                "commenter": {
                    "displayName": "ClusterFuzz-External",
                    "userId": "382749006"
                },
                "content": "Detailed report: https://oss-fuzz.com/testcase?key=5716208469409792\n\nProject: harfbuzz\nFuzzer: libFuzzer_harfbuzz_hb-shape-fuzzer\nFuzz target binary: hb-shape-fuzzer\nJob Type: libfuzzer_asan_harfbuzz\nPlatform Id: linux\n\nCrash Type: Heap-buffer-overflow READ 1\nCrash Address: 0x611000000275\nCrash State:\n  BEInt<unsigned short, 2>::operator unsigned short\n  OT::KernSubTable<OT::KernOTSubTableHeader>::get_size\n  void hb_sanitize_context_t::set_object<OT::KernSubTable<OT::KernOTSubTableHeader\n  \nSanitizer: address (ASAN)\n\nRecommended Security Severity: Medium\n\nRegressed: https://oss-fuzz.com/revisions?job=libfuzzer_asan_harfbuzz&range=201811230220:201811240219\n\nReproducer Testcase: https://oss-fuzz.com/download?testcase_id=5716208469409792\n\nIssue filed automatically.\n\nSee https://github.com/google/oss-fuzz/blob/master/docs/reproducing.md for more information.\n\nThis bug is subject to a 90 day disclosure deadline. If 90 days elapse\nwithout an upstream patch, then the bug report will automatically\nbecome visible to the public.\n\nWhen you fix this bug, please\n  * mention the fix revision(s).\n  * state whether the bug was a short-lived regression or an old bug in any stable releases.\n  * add any other useful information.\nThis information can help downstream consumers.\n\nIf you need to contact the OSS-Fuzz team with a question, concern, or any other feedback, please file an issue at https://github.com/google/oss-fuzz/issues.",
                "timestamp": 1543055913
            },
            {
                "amendments": [
                    {
                        "fieldName": "Labels",
                        "newOrDeltaValue": "OS-Linux"
                    }
                ],
                "localId": 11526,
                "projectName": "oss-fuzz",
                "commenter": {
                    "displayName": "ClusterFuzz-External",
                    "userId": "382749006"
                },
                "sequenceNum": 1,
                "timestamp": 1543056279
            },
            {
                "localId": 11526,
                "projectName": "oss-fuzz",
                "commenter": {
                    "displayName": "behdad@google.com",
                    "userId": "1086086989"
                },
                "content": "Fixed in https://github.com/harfbuzz/harfbuzz/commit/8dcc1913a1670ede7b124f7b5b775d7ab8791386",
                "sequenceNum": 2,
                "timestamp": 1543071007
            },
            {
                "localId": 11526,
                "projectName": "oss-fuzz",
                "commenter": {
                    "displayName": "ClusterFuzz-External",
                    "userId": "382749006"
                },
                "content": "ClusterFuzz has detected this issue as fixed in range 201811240219:201811250219.\n\nDetailed report: https://oss-fuzz.com/testcase?key=5716208469409792\n\nProject: harfbuzz\nFuzzer: libFuzzer_harfbuzz_hb-shape-fuzzer\nFuzz target binary: hb-shape-fuzzer\nJob Type: libfuzzer_asan_harfbuzz\nPlatform Id: linux\n\nCrash Type: Heap-buffer-overflow READ 1\nCrash Address: 0x611000000275\nCrash State:\n  BEInt<unsigned short, 2>::operator unsigned short\n  OT::KernSubTable<OT::KernOTSubTableHeader>::get_size\n  void hb_sanitize_context_t::set_object<OT::KernSubTable<OT::KernOTSubTableHeader\n  \nSanitizer: address (ASAN)\n\nRecommended Security Severity: Medium\n\nRegressed: https://oss-fuzz.com/revisions?job=libfuzzer_asan_harfbuzz&range=201811230220:201811240219\nFixed: https://oss-fuzz.com/revisions?job=libfuzzer_asan_harfbuzz&range=201811240219:201811250219\n\nReproducer Testcase: https://oss-fuzz.com/download?testcase_id=5716208469409792\n\nSee https://github.com/google/oss-fuzz/blob/master/docs/reproducing.md for more information.\n\nIf you suspect that the result above is incorrect, try re-doing that job on the test case report page.",
                "sequenceNum": 3,
                "timestamp": 1543136505
            },
            {
                "amendments": [
                    {
                        "fieldName": "Status",
                        "oldValue": "New",
                        "newOrDeltaValue": "Verified"
                    },
                    {
                        "fieldName": "Labels",
                        "newOrDeltaValue": "ClusterFuzz-Verified"
                    }
                ],
                "localId": 11526,
                "projectName": "oss-fuzz",
                "commenter": {
                    "displayName": "ClusterFuzz-External",
                    "userId": "382749006"
                },
                "content": "ClusterFuzz testcase 5716208469409792 is verified as fixed, so closing issue as verified.\n\nIf this is incorrect, please file a bug on https://github.com/google/oss-fuzz/issues/new",
                "sequenceNum": 4,
                "timestamp": 1543137610
            },
            {
                "amendments": [
                    {
                        "fieldName": "Labels",
                        "newOrDeltaValue": "-restrict-view-commit"
                    }
                ],
                "localId": 11526,
                "projectName": "oss-fuzz",
                "commenter": {
                    "displayName": "sheriffbot@chromium.org",
                    "userId": "4164592774"
                },
                "content": "This bug has been fixed for 30 days. It has been opened to the public.\n\n- Your friendly Sheriffbot",
                "sequenceNum": 5,
                "timestamp": 1545755069
            }
        ]
    },
    "fix_commit": "8dcc1913a1670ede7b124f7b5b775d7ab8791386",
    "repo_addr": "https://github.com/harfbuzz/harfbuzz.git"
}