{
    "localId": 11713,
    "project": "harfbuzz",
    "fix": "https://github.com/harfbuzz/harfbuzz/commit/c31092ab34641072606f854408eb1bea18ed2507",
    "verify": "0",
    "fuzzer": "libfuzzer",
    "sanitizer": "asan",
    "crash_type": "Heap-buffer-overflow READ {*}",
    "severity": "Medium",
    "report": {
        "comments": [
            {
                "localId": 11713,
                "descriptionNum": 1,
                "projectName": "oss-fuzz",
                "commenter": {
                    "displayName": "ClusterFuzz-External",
                    "userId": "382749006"
                },
                "content": "Detailed report: https://oss-fuzz.com/testcase?key=5660711141769216\n\nProject: harfbuzz\nFuzzer: libFuzzer_harfbuzz_hb-subset-fuzzer\nFuzz target binary: hb-subset-fuzzer\nJob Type: libfuzzer_asan_harfbuzz\nPlatform Id: linux\n\nCrash Type: Heap-buffer-overflow READ {*}\nCrash Address: 0x6140000003ff\nCrash State:\n  CFF::CFF2VariationStore::serialize\n  _write_cff2\n  _hb_subset_cff2\n  \nSanitizer: address (ASAN)\n\nRecommended Security Severity: Medium\n\nRegressed: https://oss-fuzz.com/revisions?job=libfuzzer_asan_harfbuzz&range=201812010220:201812020220\n\nReproducer Testcase: https://oss-fuzz.com/download?testcase_id=5660711141769216\n\nIssue filed automatically.\n\nSee https://github.com/google/oss-fuzz/blob/master/docs/reproducing.md for more information.\n\nThis bug is subject to a 90 day disclosure deadline. If 90 days elapse\nwithout an upstream patch, then the bug report will automatically\nbecome visible to the public.\n\nWhen you fix this bug, please\n  * mention the fix revision(s).\n  * state whether the bug was a short-lived regression or an old bug in any stable releases.\n  * add any other useful information.\nThis information can help downstream consumers.\n\nIf you need to contact the OSS-Fuzz team with a question, concern, or any other feedback, please file an issue at https://github.com/google/oss-fuzz/issues.",
                "timestamp": 1543841356
            },
            {
                "amendments": [
                    {
                        "fieldName": "Labels",
                        "newOrDeltaValue": "OS-Linux"
                    }
                ],
                "localId": 11713,
                "projectName": "oss-fuzz",
                "commenter": {
                    "displayName": "ClusterFuzz-External",
                    "userId": "382749006"
                },
                "sequenceNum": 1,
                "timestamp": 1543841655
            },
            {
                "localId": 11713,
                "projectName": "oss-fuzz",
                "commenter": {
                    "displayName": "ClusterFuzz-External",
                    "userId": "382749006"
                },
                "content": "ClusterFuzz has detected this issue as fixed in range 201812060218:201812070219.\n\nDetailed report: https://oss-fuzz.com/testcase?key=5660711141769216\n\nProject: harfbuzz\nFuzzer: libFuzzer_harfbuzz_hb-subset-fuzzer\nFuzz target binary: hb-subset-fuzzer\nJob Type: libfuzzer_asan_harfbuzz\nPlatform Id: linux\n\nCrash Type: Heap-buffer-overflow READ {*}\nCrash Address: 0x6140000003ff\nCrash State:\n  CFF::CFF2VariationStore::serialize\n  _write_cff2\n  _hb_subset_cff2\n  \nSanitizer: address (ASAN)\n\nRecommended Security Severity: Medium\n\nRegressed: https://oss-fuzz.com/revisions?job=libfuzzer_asan_harfbuzz&range=201812010220:201812020220\nFixed: https://oss-fuzz.com/revisions?job=libfuzzer_asan_harfbuzz&range=201812060218:201812070219\n\nReproducer Testcase: https://oss-fuzz.com/download?testcase_id=5660711141769216\n\nSee https://github.com/google/oss-fuzz/blob/master/docs/reproducing.md for more information.\n\nIf you suspect that the result above is incorrect, try re-doing that job on the test case report page.",
                "sequenceNum": 2,
                "timestamp": 1544195024
            },
            {
                "amendments": [
                    {
                        "fieldName": "Status",
                        "oldValue": "New",
                        "newOrDeltaValue": "Verified"
                    },
                    {
                        "fieldName": "Labels",
                        "newOrDeltaValue": "ClusterFuzz-Verified"
                    }
                ],
                "localId": 11713,
                "projectName": "oss-fuzz",
                "commenter": {
                    "displayName": "ClusterFuzz-External",
                    "userId": "382749006"
                },
                "content": "ClusterFuzz testcase 5660711141769216 is verified as fixed, so closing issue as verified.\n\nIf this is incorrect, please file a bug on https://github.com/google/oss-fuzz/issues/new",
                "sequenceNum": 3,
                "timestamp": 1544196168
            },
            {
                "amendments": [
                    {
                        "fieldName": "Labels",
                        "newOrDeltaValue": "-restrict-view-commit"
                    }
                ],
                "localId": 11713,
                "projectName": "oss-fuzz",
                "commenter": {
                    "displayName": "sheriffbot@chromium.org",
                    "userId": "4164592774"
                },
                "content": "This bug has been fixed for 30 days. It has been opened to the public.\n\n- Your friendly Sheriffbot",
                "sequenceNum": 4,
                "timestamp": 1546791840
            }
        ]
    },
    "fix_commit": "c31092ab34641072606f854408eb1bea18ed2507",
    "repo_addr": "https://github.com/harfbuzz/harfbuzz.git"
}