{
    "localId": 12312,
    "project": "harfbuzz",
    "fix": "https://github.com/harfbuzz/harfbuzz/commit/7a6686a589ed6bf17a5af0b8012501e4d4ee2ded",
    "verify": "0",
    "fuzzer": "libfuzzer",
    "sanitizer": "asan",
    "crash_type": "Heap-buffer-overflow READ 2",
    "severity": "Medium",
    "report": {
        "comments": [
            {
                "localId": 12312,
                "descriptionNum": 1,
                "projectName": "oss-fuzz",
                "commenter": {
                    "displayName": "ClusterFuzz-External",
                    "userId": "382749006"
                },
                "content": "Detailed report: https://oss-fuzz.com/testcase?key=5631444412530688\n\nProject: harfbuzz\nFuzzer: libFuzzer_harfbuzz_hb-shape-fuzzer\nFuzz target binary: hb-shape-fuzzer\nJob Type: libfuzzer_asan_harfbuzz\nPlatform Id: linux\n\nCrash Type: Heap-buffer-overflow READ 2\nCrash Address: 0x613000000350\nCrash State:\n  BEInt<unsigned short, 2>::operator unsigned short\n  OT::IntType<unsigned short, 2u>::operator unsigned int\n  OT::OffsetTo<OT::UnsizedOffsetListOf<AAT::Lookup<OT::IntType<unsigned short, 2u>\n  \nSanitizer: address (ASAN)\n\nRecommended Security Severity: Medium\n\nRegressed: https://oss-fuzz.com/revisions?job=libfuzzer_asan_harfbuzz&range=201812010220:201812020220\n\nReproducer Testcase: https://oss-fuzz.com/download?testcase_id=5631444412530688\n\nIssue filed automatically.\n\nSee https://github.com/google/oss-fuzz/blob/master/docs/reproducing.md for instructions to reproduce this bug locally.\n\nThis bug is subject to a 90 day disclosure deadline. If 90 days elapse\nwithout an upstream patch, then the bug report will automatically\nbecome visible to the public.\n\nWhen you fix this bug, please\n  * mention the fix revision(s).\n  * state whether the bug was a short-lived regression or an old bug in any stable releases.\n  * add any other useful information.\nThis information can help downstream consumers.\n\nIf you need to contact the OSS-Fuzz team with a question, concern, or any other feedback, please file an issue at https://github.com/google/oss-fuzz/issues.",
                "timestamp": 1546061721
            },
            {
                "amendments": [
                    {
                        "fieldName": "Labels",
                        "newOrDeltaValue": "OS-Linux"
                    }
                ],
                "localId": 12312,
                "projectName": "oss-fuzz",
                "commenter": {
                    "displayName": "ClusterFuzz-External",
                    "userId": "382749006"
                },
                "sequenceNum": 1,
                "timestamp": 1546062703
            },
            {
                "localId": 12312,
                "projectName": "oss-fuzz",
                "commenter": {
                    "displayName": "behdad@google.com",
                    "userId": "1086086989"
                },
                "content": "Fixed in https://github.com/harfbuzz/harfbuzz/commit/7a6686a589ed6bf17a5af0b8012501e4d4ee2ded",
                "sequenceNum": 2,
                "timestamp": 1547496606
            },
            {
                "localId": 12312,
                "projectName": "oss-fuzz",
                "commenter": {
                    "displayName": "ClusterFuzz-External",
                    "userId": "382749006"
                },
                "content": "ClusterFuzz has detected this issue as fixed in range 201901140305:201901150314.\n\nDetailed report: https://oss-fuzz.com/testcase?key=5631444412530688\n\nProject: harfbuzz\nFuzzer: libFuzzer_harfbuzz_hb-shape-fuzzer\nFuzz target binary: hb-shape-fuzzer\nJob Type: libfuzzer_asan_harfbuzz\nPlatform Id: linux\n\nCrash Type: Heap-buffer-overflow READ 2\nCrash Address: 0x613000000350\nCrash State:\n  BEInt<unsigned short, 2>::operator unsigned short\n  OT::IntType<unsigned short, 2u>::operator unsigned int\n  OT::OffsetTo<OT::UnsizedOffsetListOf<AAT::Lookup<OT::IntType<unsigned short, 2u>\n  \nSanitizer: address (ASAN)\n\nRecommended Security Severity: Medium\n\nRegressed: https://oss-fuzz.com/revisions?job=libfuzzer_asan_harfbuzz&range=201812010220:201812020220\nFixed: https://oss-fuzz.com/revisions?job=libfuzzer_asan_harfbuzz&range=201901140305:201901150314\n\nReproducer Testcase: https://oss-fuzz.com/download?testcase_id=5631444412530688\n\nSee https://github.com/google/oss-fuzz/blob/master/docs/reproducing.md for instructions to reproduce this bug locally.\n\nIf you suspect that the result above is incorrect, try re-doing that job on the test case report page.",
                "sequenceNum": 3,
                "timestamp": 1547566133
            },
            {
                "amendments": [
                    {
                        "fieldName": "Status",
                        "oldValue": "New",
                        "newOrDeltaValue": "Verified"
                    },
                    {
                        "fieldName": "Labels",
                        "newOrDeltaValue": "ClusterFuzz-Verified"
                    }
                ],
                "localId": 12312,
                "projectName": "oss-fuzz",
                "commenter": {
                    "displayName": "ClusterFuzz-External",
                    "userId": "382749006"
                },
                "content": "ClusterFuzz testcase 5631444412530688 is verified as fixed, so closing issue as verified.\n\nIf this is incorrect, please file a bug on https://github.com/google/oss-fuzz/issues/new",
                "sequenceNum": 4,
                "timestamp": 1547566396
            },
            {
                "amendments": [
                    {
                        "fieldName": "Labels",
                        "newOrDeltaValue": "-restrict-view-commit"
                    }
                ],
                "localId": 12312,
                "projectName": "oss-fuzz",
                "commenter": {
                    "displayName": "sheriffbot@chromium.org",
                    "userId": "4164592774"
                },
                "content": "This bug has been fixed for 30 days. It has been opened to the public.\n\n- Your friendly Sheriffbot",
                "sequenceNum": 5,
                "timestamp": 1550161547
            }
        ]
    },
    "fix_commit": "7a6686a589ed6bf17a5af0b8012501e4d4ee2ded",
    "repo_addr": "https://github.com/harfbuzz/harfbuzz.git"
}