{
    "fix": "https://github.com/harfbuzz/harfbuzz/commit/0e4b2676bdffeef3cb79b235bc9624f2a49dccad",
    "verify": "0",
    "localId": 20321,
    "project": "harfbuzz",
    "fuzzer": "afl",
    "sanitizer": "asan",
    "crash_type": "Global-buffer-overflow READ 1",
    "report": {
        "comments": [
            {
                "projectName": "oss-fuzz",
                "localId": 20321,
                "commenter": {
                    "userId": "382749006",
                    "displayName": "ClusterFuzz-External"
                },
                "timestamp": 1579862018,
                "content": "Detailed Report: https://oss-fuzz.com/testcase?key=5747280156295168\n\nProject: harfbuzz\nFuzzing Engine: afl\nFuzz Target: hb-subset-fuzzer\nJob Type: afl_asan_harfbuzz\nPlatform Id: linux\n\nCrash Type: Global-buffer-overflow READ 1\nCrash Address: 0x0000009190c0\nCrash State:\n  hb_array_t<OT::IntType<unsigned char, 1u> const> hb_array_t<OT::IntType<unsigned\n  OT::UnsizedArrayOf<OT::IntType<unsigned char, 1u> >::copy\n  OT::SBIXGlyph::copy\n  \nSanitizer: address (ASAN)\n\nRegressed: https://oss-fuzz.com/revisions?job=afl_asan_harfbuzz&range=202001230413:202001240419\n\nReproducer Testcase: https://oss-fuzz.com/download?testcase_id=5747280156295168\n\nIssue filed automatically.\n\nSee https://google.github.io/oss-fuzz/advanced-topics/reproducing for instructions to reproduce this bug locally.\nWhen you fix this bug, please\n  * mention the fix revision(s).\n  * state whether the bug was a short-lived regression or an old bug in any stable releases.\n  * add any other useful information.\nThis information can help downstream consumers.\n\nIf you need to contact the OSS-Fuzz team with a question, concern, or any other feedback, please file an issue at https://github.com/google/oss-fuzz/issues. Comments on individual Monorail issues are not monitored.\n\nThis bug is subject to a 90 day disclosure deadline. If 90 days elapse\nwithout an upstream patch, then the bug report will automatically\nbecome visible to the public.",
                "descriptionNum": 1
            },
            {
                "projectName": "oss-fuzz",
                "localId": 20321,
                "sequenceNum": 1,
                "commenter": {
                    "userId": "4193218164",
                    "displayName": "ckitagawa@chromium.org"
                },
                "timestamp": 1579880032,
                "content": "Fixed in: https://github.com/harfbuzz/harfbuzz/pull/2128"
            },
            {
                "projectName": "oss-fuzz",
                "localId": 20321,
                "sequenceNum": 2,
                "commenter": {
                    "userId": "4164592774",
                    "displayName": "sheriffbot@chromium.org"
                },
                "timestamp": 1579890652,
                "amendments": [
                    {
                        "fieldName": "Labels",
                        "newOrDeltaValue": "Disclosure-2020-04-23"
                    }
                ]
            },
            {
                "projectName": "oss-fuzz",
                "localId": 20321,
                "sequenceNum": 3,
                "commenter": {
                    "userId": "382749006",
                    "displayName": "ClusterFuzz-External"
                },
                "timestamp": 1579967890,
                "content": "ClusterFuzz testcase 5747280156295168 is verified as fixed in https://oss-fuzz.com/revisions?job=afl_asan_harfbuzz&range=202001240419:202001250426\n\nIf this is incorrect, please file a bug on https://github.com/google/oss-fuzz/issues/new",
                "amendments": [
                    {
                        "fieldName": "Status",
                        "newOrDeltaValue": "Verified",
                        "oldValue": "New"
                    },
                    {
                        "fieldName": "Labels",
                        "newOrDeltaValue": "ClusterFuzz-Verified"
                    }
                ]
            },
            {
                "projectName": "oss-fuzz",
                "localId": 20321,
                "sequenceNum": 4,
                "commenter": {
                    "userId": "1950284618",
                    "displayName": "sheriffbot"
                },
                "timestamp": 1582574262,
                "content": "This bug has been fixed for 30 days. It has been opened to the public.\n\n- Your friendly Sheriffbot",
                "amendments": [
                    {
                        "fieldName": "Labels",
                        "newOrDeltaValue": "-restrict-view-commit"
                    }
                ]
            }
        ]
    },
    "fix_commit": "0e4b2676bdffeef3cb79b235bc9624f2a49dccad",
    "repo_addr": "https://github.com/harfbuzz/harfbuzz.git"
}