{
    "fix": "https://github.com/harfbuzz/harfbuzz/commit/57b7de032f60d0499ae2debb293d0f8456acfdfb",
    "verify": "0",
    "localId": 21580,
    "project": "harfbuzz",
    "fuzzer": "libfuzzer",
    "sanitizer": "asan",
    "crash_type": "Heap-buffer-overflow WRITE 1",
    "severity": "High",
    "report": {
        "comments": [
            {
                "projectName": "oss-fuzz",
                "localId": 21580,
                "commenter": {
                    "userId": "382749006",
                    "displayName": "ClusterFuzz-External"
                },
                "timestamp": 1586051521,
                "content": "Detailed Report: https://oss-fuzz.com/testcase?key=5704307501694976\n\nProject: harfbuzz\nFuzzing Engine: libFuzzer\nFuzz Target: hb-subset-fuzzer\nJob Type: libfuzzer_asan_i386_harfbuzz\nPlatform Id: linux\n\nCrash Type: Heap-buffer-overflow WRITE 1\nCrash Address: 0xf2102fd1\nCrash State:\n  BEInt<unsigned short, 2>::operator=\n  OT::IntType<unsigned short, 2u>::operator=\n  bool OT::ClassDefFormat1::serialize<hb_zip_iter_t<hb_sorted_array_t<OT::HBGlyphI\n  \nSanitizer: address (ASAN)\n\nRecommended Security Severity: High\n\nRegressed: https://oss-fuzz.com/revisions?job=libfuzzer_asan_i386_harfbuzz&range=202004030136:202004040141\n\nReproducer Testcase: https://oss-fuzz.com/download?testcase_id=5704307501694976\n\nIssue filed automatically.\n\nSee https://google.github.io/oss-fuzz/advanced-topics/reproducing for instructions to reproduce this bug locally.\nWhen you fix this bug, please\n  * mention the fix revision(s).\n  * state whether the bug was a short-lived regression or an old bug in any stable releases.\n  * add any other useful information.\nThis information can help downstream consumers.\n\nIf you need to contact the OSS-Fuzz team with a question, concern, or any other feedback, please file an issue at https://github.com/google/oss-fuzz/issues. Comments on individual Monorail issues are not monitored.\n\nThis bug is subject to a 90 day disclosure deadline. If 90 days elapse\nwithout an upstream patch, then the bug report will automatically\nbecome visible to the public.",
                "descriptionNum": 1
            },
            {
                "projectName": "oss-fuzz",
                "localId": 21580,
                "sequenceNum": 1,
                "commenter": {
                    "userId": "193689722",
                    "displayName": "ebra...@gnu.org"
                },
                "timestamp": 1586092769,
                "content": "Fixed by https://github.com/harfbuzz/harfbuzz/commit/57b7de032f6"
            },
            {
                "projectName": "oss-fuzz",
                "localId": 21580,
                "sequenceNum": 2,
                "commenter": {
                    "userId": "1950284618",
                    "displayName": "sheriffbot"
                },
                "timestamp": 1586113338,
                "amendments": [
                    {
                        "fieldName": "Labels",
                        "newOrDeltaValue": "Disclosure-2020-07-06"
                    }
                ]
            },
            {
                "projectName": "oss-fuzz",
                "localId": 21580,
                "sequenceNum": 3,
                "commenter": {
                    "userId": "382749006",
                    "displayName": "ClusterFuzz-External"
                },
                "timestamp": 1586188076,
                "content": "ClusterFuzz testcase 5704307501694976 is verified as fixed in https://oss-fuzz.com/revisions?job=libfuzzer_asan_i386_harfbuzz&range=202004050136:202004060133\n\nIf this is incorrect, please file a bug on https://github.com/google/oss-fuzz/issues/new",
                "amendments": [
                    {
                        "fieldName": "Status",
                        "newOrDeltaValue": "Verified",
                        "oldValue": "New"
                    },
                    {
                        "fieldName": "Labels",
                        "newOrDeltaValue": "ClusterFuzz-Verified"
                    }
                ]
            },
            {
                "projectName": "oss-fuzz",
                "localId": 21580,
                "sequenceNum": 4,
                "commenter": {
                    "userId": "1950284618",
                    "displayName": "sheriffbot"
                },
                "timestamp": 1589054565,
                "content": "This bug has been fixed for 30 days. It has been opened to the public.\n\n- Your friendly Sheriffbot",
                "amendments": [
                    {
                        "fieldName": "Labels",
                        "newOrDeltaValue": "-restrict-view-commit"
                    }
                ]
            }
        ]
    },
    "fix_commit": "57b7de032f60d0499ae2debb293d0f8456acfdfb",
    "repo_addr": "https://github.com/harfbuzz/harfbuzz.git"
}