{
    "fix": "https://github.com/harfbuzz/harfbuzz/commit/4e2f409bce77b97de2d098365977beeeb4447b1e",
    "verify": "0",
    "localId": 44263,
    "project": "harfbuzz",
    "fuzzer": "afl",
    "sanitizer": "asan",
    "crash_type": "Heap-use-after-free READ 1",
    "severity": "High",
    "report": {
        "comments": [
            {
                "projectName": "oss-fuzz",
                "localId": 44263,
                "commenter": {
                    "userId": "382749006",
                    "displayName": "ClusterFuzz-External"
                },
                "timestamp": 1643695346,
                "content": "Detailed Report: https://oss-fuzz.com/testcase?key=5751353601818624\n\nProject: harfbuzz\nFuzzing Engine: afl\nFuzz Target: hb-subset-fuzzer\nJob Type: afl_asan_harfbuzz\nPlatform Id: linux\n\nCrash Type: Heap-use-after-free READ 1\nCrash Address: 0x618000146fb8\nCrash State:\n  hb_bit_set_invertible_t::next\n  hb_bit_set_invertible_t::intersects\n  hb_sparseset_t<hb_bit_set_invertible_t>::intersects\n  \nSanitizer: address (ASAN)\n\nRecommended Security Severity: High\n\nRegressed: https://oss-fuzz.com/revisions?job=afl_asan_harfbuzz&range=202201280605:202201290610\n\nReproducer Testcase: https://oss-fuzz.com/download?testcase_id=5751353601818624\n\nIssue filed automatically.\n\nSee https://google.github.io/oss-fuzz/advanced-topics/reproducing for instructions to reproduce this bug locally.\nWhen you fix this bug, please\n  * mention the fix revision(s).\n  * state whether the bug was a short-lived regression or an old bug in any stable releases.\n  * add any other useful information.\nThis information can help downstream consumers.\n\nIf you need to contact the OSS-Fuzz team with a question, concern, or any other feedback, please file an issue at https://github.com/google/oss-fuzz/issues. Comments on individual Monorail issues are not monitored.\n\nThis bug is subject to a 90 day disclosure deadline. If 90 days elapse\nwithout an upstream patch, then the bug report will automatically\nbecome visible to the public.",
                "descriptionNum": 1
            },
            {
                "projectName": "oss-fuzz",
                "localId": 44263,
                "sequenceNum": 1,
                "commenter": {
                    "userId": "382749006",
                    "displayName": "ClusterFuzz-External"
                },
                "timestamp": 1643736045,
                "content": "ClusterFuzz testcase 5751353601818624 is verified as fixed in https://oss-fuzz.com/revisions?job=afl_asan_harfbuzz&range=202201310611:202202010603\n\nIf this is incorrect, please file a bug on https://github.com/google/oss-fuzz/issues/new",
                "amendments": [
                    {
                        "fieldName": "Status",
                        "newOrDeltaValue": "Verified",
                        "oldValue": "New"
                    },
                    {
                        "fieldName": "Labels",
                        "newOrDeltaValue": "ClusterFuzz-Verified"
                    }
                ]
            },
            {
                "projectName": "oss-fuzz",
                "localId": 44263,
                "sequenceNum": 2,
                "commenter": {
                    "userId": "1950284618",
                    "displayName": "sheriffbot"
                },
                "timestamp": 1643744892,
                "content": "This bug has been fixed. It has been opened to the public.\n\n- Your friendly Sheriffbot",
                "amendments": [
                    {
                        "fieldName": "Labels",
                        "newOrDeltaValue": "-restrict-view-commit"
                    }
                ]
            }
        ]
    },
    "fix_commit": "4e2f409bce77b97de2d098365977beeeb4447b1e",
    "repo_addr": "https://github.com/harfbuzz/harfbuzz.git"
}