{
    "fix": "https://github.com/harfbuzz/harfbuzz/commit/4c49daf7cd961fb47126baf04240243736cae606",
    "verify": "0",
    "localId": 53722,
    "project": "harfbuzz",
    "fuzzer": "afl",
    "sanitizer": "asan",
    "crash_type": "Heap-buffer-overflow READ 4",
    "severity": "Medium",
    "report": {
        "comments": [
            {
                "projectName": "oss-fuzz",
                "localId": 53722,
                "commenter": {
                    "userId": "382749006",
                    "displayName": "ClusterFuzz-External"
                },
                "timestamp": 1669317906,
                "content": "Detailed Report: https://oss-fuzz.com/testcase?key=5317682696421376\n\nProject: harfbuzz\nFuzzing Engine: afl\nFuzz Target: hb-shape-fuzzer\nJob Type: afl_asan_harfbuzz\nPlatform Id: linux\n\nCrash Type: Heap-buffer-overflow READ 4\nCrash Address: 0x616000001b00\nCrash State:\n  OT::hb_ot_apply_context_t::skipping_iterator_t::next\n  bool OT::match_input<OT::IntType<unsigned short, 2u> >\n  bool OT::context_apply_lookup<OT::IntType<unsigned short, 2u> >\n  \nSanitizer: address (ASAN)\n\nRecommended Security Severity: Medium\n\nRegressed: https://oss-fuzz.com/revisions?job=afl_asan_harfbuzz&range=202211230614:202211240615\n\nReproducer Testcase: https://oss-fuzz.com/download?testcase_id=5317682696421376\n\nIssue filed automatically.\n\nSee https://google.github.io/oss-fuzz/advanced-topics/reproducing for instructions to reproduce this bug locally.\nWhen you fix this bug, please\n  * mention the fix revision(s).\n  * state whether the bug was a short-lived regression or an old bug in any stable releases.\n  * add any other useful information.\nThis information can help downstream consumers.\n\nIf you need to contact the OSS-Fuzz team with a question, concern, or any other feedback, please file an issue at https://github.com/google/oss-fuzz/issues. Comments on individual Monorail issues are not monitored.\n\nThis bug is subject to a 90 day disclosure deadline. If 90 days elapse\nwithout an upstream patch, then the bug report will automatically\nbecome visible to the public.",
                "descriptionNum": 1
            },
            {
                "projectName": "oss-fuzz",
                "localId": 53722,
                "sequenceNum": 1,
                "commenter": {
                    "userId": "1950284618",
                    "displayName": "sheriffbot"
                },
                "timestamp": 1669320009,
                "amendments": [
                    {
                        "fieldName": "Labels",
                        "newOrDeltaValue": "Disclosure-2023-02-22"
                    }
                ]
            },
            {
                "projectName": "oss-fuzz",
                "localId": 53722,
                "sequenceNum": 2,
                "commenter": {
                    "userId": "382749006",
                    "displayName": "ClusterFuzz-External"
                },
                "timestamp": 1669397469,
                "content": "ClusterFuzz testcase 5317682696421376 is verified as fixed in https://oss-fuzz.com/revisions?job=afl_asan_harfbuzz&range=202211240615:202211250616\n\nIf this is incorrect, please file a bug on https://github.com/google/oss-fuzz/issues/new",
                "amendments": [
                    {
                        "fieldName": "Status",
                        "newOrDeltaValue": "Verified",
                        "oldValue": "New"
                    },
                    {
                        "fieldName": "Labels",
                        "newOrDeltaValue": "ClusterFuzz-Verified"
                    }
                ]
            },
            {
                "projectName": "oss-fuzz",
                "localId": 53722,
                "sequenceNum": 3,
                "commenter": {
                    "userId": "1950284618",
                    "displayName": "sheriffbot"
                },
                "timestamp": 1669405822,
                "content": "This bug has been fixed. It has been opened to the public.\n\n- Your friendly Sheriffbot",
                "amendments": [
                    {
                        "fieldName": "Labels",
                        "newOrDeltaValue": "-restrict-view-commit"
                    }
                ]
            }
        ]
    },
    "fix_commit": "4c49daf7cd961fb47126baf04240243736cae606",
    "repo_addr": "https://github.com/harfbuzz/harfbuzz.git"
}