{
    "fix": "https://github.com/harfbuzz/harfbuzz/commit/319a488b3903cf92c3b45d1772717168a10f94d7",
    "verify": "0",
    "localId": 58626,
    "project": "harfbuzz",
    "fuzzer": "libfuzzer",
    "sanitizer": "asan",
    "crash_type": "UNKNOWN WRITE",
    "severity": "High",
    "report": {
        "comments": [
            {
                "projectName": "oss-fuzz",
                "localId": 58626,
                "commenter": {
                    "userId": "382749006",
                    "displayName": "ClusterFuzz-External"
                },
                "timestamp": 1683213724,
                "content": "Detailed Report: https://oss-fuzz.com/testcase?key=5920994267889664\n\nProject: harfbuzz\nFuzzing Engine: libFuzzer\nFuzz Target: hb-shape-fuzzer\nJob Type: libfuzzer_asan_i386_harfbuzz\nPlatform Id: linux\n\nCrash Type: UNKNOWN WRITE\nCrash Address: 0x08669764\nCrash State:\n  hb_ot_layout_substitute_start\n  _hb_ot_shape\n  hb_shape_plan_execute\n  \nSanitizer: address (ASAN)\n\nRecommended Security Severity: High\n\nRegressed: https://oss-fuzz.com/revisions?job=libfuzzer_asan_i386_harfbuzz&range=202305030602:202305040622\n\nReproducer Testcase: https://oss-fuzz.com/download?testcase_id=5920994267889664\n\nIssue filed automatically.\n\nSee https://google.github.io/oss-fuzz/advanced-topics/reproducing for instructions to reproduce this bug locally.\nWhen you fix this bug, please\n  * mention the fix revision(s).\n  * state whether the bug was a short-lived regression or an old bug in any stable releases.\n  * add any other useful information.\nThis information can help downstream consumers.\n\nIf you need to contact the OSS-Fuzz team with a question, concern, or any other feedback, please file an issue at https://github.com/google/oss-fuzz/issues. Comments on individual Monorail issues are not monitored.\n\nThis bug is subject to a 90 day disclosure deadline. If 90 days elapse\nwithout an upstream patch, then the bug report will automatically\nbecome visible to the public.",
                "descriptionNum": 1
            },
            {
                "projectName": "oss-fuzz",
                "localId": 58626,
                "sequenceNum": 1,
                "commenter": {
                    "userId": "382749006",
                    "displayName": "ClusterFuzz-External"
                },
                "timestamp": 1683299368,
                "content": "ClusterFuzz testcase 5920994267889664 is verified as fixed in https://oss-fuzz.com/revisions?job=libfuzzer_asan_i386_harfbuzz&range=202305040622:202305050612\n\nIf this is incorrect, please file a bug on https://github.com/google/oss-fuzz/issues/new",
                "amendments": [
                    {
                        "fieldName": "Status",
                        "newOrDeltaValue": "Verified",
                        "oldValue": "New"
                    },
                    {
                        "fieldName": "Labels",
                        "newOrDeltaValue": "ClusterFuzz-Verified"
                    }
                ]
            },
            {
                "projectName": "oss-fuzz",
                "localId": 58626,
                "sequenceNum": 2,
                "commenter": {
                    "userId": "1950284618",
                    "displayName": "sheriffbot"
                },
                "timestamp": 1683312619,
                "content": "This bug has been fixed. It has been opened to the public.\n\n- Your friendly Sheriffbot",
                "amendments": [
                    {
                        "fieldName": "Labels",
                        "newOrDeltaValue": "-restrict-view-commit"
                    }
                ]
            }
        ]
    },
    "fix_commit": "319a488b3903cf92c3b45d1772717168a10f94d7",
    "repo_addr": "https://github.com/harfbuzz/harfbuzz.git"
}