{
    "fix": "https://github.com/LibreDWG/libredwg/commit/64551d511471a4a6ca40e08d8c33659a5a52d06f",
    "verify": "0",
    "localId": 60993,
    "project": "libredwg",
    "fuzzer": "libfuzzer",
    "sanitizer": "asan",
    "crash_type": "Heap-buffer-overflow READ 1",
    "severity": "Medium",
    "report": {
        "comments": [
            {
                "projectName": "oss-fuzz",
                "localId": 60993,
                "commenter": {
                    "userId": "382749006",
                    "displayName": "ClusterFuzz-External"
                },
                "timestamp": 1690828250,
                "content": "Detailed Report: https://oss-fuzz.com/testcase?key=6754142723637248\n\nProject: libredwg\nFuzzing Engine: libFuzzer\nFuzz Target: llvmfuzz\nJob Type: libfuzzer_asan_libredwg\nPlatform Id: linux\n\nCrash Type: Heap-buffer-overflow READ 1\nCrash Address: 0x6060000000bc\nCrash State:\n  bit_read_BB\n  bit_read_BS\n  dwg_decode_ATTDEF_private\n  \nSanitizer: address (ASAN)\n\nRecommended Security Severity: Medium\n\nRegressed: https://oss-fuzz.com/revisions?job=libfuzzer_asan_libredwg&range=202212080601:202212090613\n\nReproducer Testcase: https://oss-fuzz.com/download?testcase_id=6754142723637248\n\nIssue filed automatically.\n\nSee https://google.github.io/oss-fuzz/advanced-topics/reproducing for instructions to reproduce this bug locally.\nWhen you fix this bug, please\n  * mention the fix revision(s).\n  * state whether the bug was a short-lived regression or an old bug in any stable releases.\n  * add any other useful information.\nThis information can help downstream consumers.\n\nIf you need to contact the OSS-Fuzz team with a question, concern, or any other feedback, please file an issue at https://github.com/google/oss-fuzz/issues. Comments on individual Monorail issues are not monitored.\n\nThis bug is subject to a 90 day disclosure deadline. If 90 days elapse\nwithout an upstream patch, then the bug report will automatically\nbecome visible to the public.",
                "descriptionNum": 1
            },
            {
                "projectName": "oss-fuzz",
                "localId": 60993,
                "sequenceNum": 1,
                "commenter": {
                    "userId": "382749006",
                    "displayName": "ClusterFuzz-External"
                },
                "timestamp": 1690830216,
                "content": "This crash occurs very frequently on linux platform and is likely preventing the fuzzer llvmfuzz from making much progress. Fixing this will allow more bugs to be found.\n\nIf this is incorrect, please file a bug on https://github.com/google/oss-fuzz/issues/new",
                "amendments": [
                    {
                        "fieldName": "Labels",
                        "newOrDeltaValue": "Fuzz-Blocker"
                    }
                ]
            },
            {
                "projectName": "oss-fuzz",
                "localId": 60993,
                "sequenceNum": 2,
                "commenter": {
                    "userId": "1950284618",
                    "displayName": "sheriffbot"
                },
                "timestamp": 1690830645,
                "amendments": [
                    {
                        "fieldName": "Labels",
                        "newOrDeltaValue": "Disclosure-2023-10-30"
                    }
                ]
            },
            {
                "projectName": "oss-fuzz",
                "localId": 60993,
                "sequenceNum": 3,
                "commenter": {
                    "userId": "1950284618",
                    "displayName": "sheriffbot"
                },
                "timestamp": 1698086616,
                "content": "This bug is approaching its deadline for being fixed, and will be automatically derestricted within 7 days. If a fix is planned within 2 weeks after the deadline has passed, a grace extension can be granted.\n\n- Your friendly Sheriffbot",
                "amendments": [
                    {
                        "fieldName": "Labels",
                        "newOrDeltaValue": "Deadline-Approaching"
                    }
                ]
            },
            {
                "projectName": "oss-fuzz",
                "localId": 60993,
                "sequenceNum": 4,
                "commenter": {
                    "userId": "1950284618",
                    "displayName": "sheriffbot"
                },
                "timestamp": 1698691641,
                "content": "This bug has exceeded our disclosure deadline. It has been opened to the public.\n\n- Your friendly Sheriffbot",
                "amendments": [
                    {
                        "fieldName": "Labels",
                        "newOrDeltaValue": "-deadline-approaching -restrict-view-commit Deadline-Exceeded"
                    }
                ]
            },
            {
                "projectName": "oss-fuzz",
                "localId": 60993,
                "sequenceNum": 5,
                "commenter": {
                    "userId": "382749006",
                    "displayName": "ClusterFuzz-External"
                },
                "timestamp": 1698841450,
                "content": "ClusterFuzz testcase 6754142723637248 is verified as fixed in https://oss-fuzz.com/revisions?job=libfuzzer_asan_libredwg&range=202310310632:202311010621\n\nIf this is incorrect, please file a bug on https://github.com/google/oss-fuzz/issues/new",
                "amendments": [
                    {
                        "fieldName": "Status",
                        "newOrDeltaValue": "Verified",
                        "oldValue": "New"
                    },
                    {
                        "fieldName": "Labels",
                        "newOrDeltaValue": "ClusterFuzz-Verified"
                    }
                ]
            }
        ]
    },
    "fix_commit": "64551d511471a4a6ca40e08d8c33659a5a52d06f",
    "repo_addr": "https://github.com/LibreDWG/libredwg"
}