{
    "fix": "https://github.com/libexif/libexif/commit/54461dde98692a0741fbbe2e0c6c2533ae9594e1",
    "verify": "0",
    "localId": 40623,
    "project": "libexif",
    "fuzzer": "afl",
    "sanitizer": "asan",
    "crash_type": "UNKNOWN READ",
    "severity": "Medium",
    "report": {
        "comments": [
            {
                "projectName": "oss-fuzz",
                "localId": 40623,
                "commenter": {
                    "userId": "382749006",
                    "displayName": "ClusterFuzz-External"
                },
                "timestamp": 1635867267,
                "content": "Detailed Report: https://oss-fuzz.com/testcase?key=4588170365239296\n\nProject: libexif\nFuzzing Engine: afl\nFuzz Target: exif_from_data_fuzzer\nJob Type: afl_asan_libexif\nPlatform Id: linux\n\nCrash Type: UNKNOWN READ\nCrash Address: 0x61d000010a89\nCrash State:\n  exif_mnote_data_canon_load\n  exif_mnote_data_load\n  interpret_maker_note\n  \nSanitizer: address (ASAN)\n\nRecommended Security Severity: Medium\n\nRegressed: https://oss-fuzz.com/revisions?job=afl_asan_libexif&range=202111010601:202111020604\n\nReproducer Testcase: https://oss-fuzz.com/download?testcase_id=4588170365239296\n\nIssue filed automatically.\n\nSee https://google.github.io/oss-fuzz/advanced-topics/reproducing for instructions to reproduce this bug locally.\nWhen you fix this bug, please\n  * mention the fix revision(s).\n  * state whether the bug was a short-lived regression or an old bug in any stable releases.\n  * add any other useful information.\nThis information can help downstream consumers.\n\nIf you need to contact the OSS-Fuzz team with a question, concern, or any other feedback, please file an issue at https://github.com/google/oss-fuzz/issues. Comments on individual Monorail issues are not monitored.\n\nThis bug is subject to a 90 day disclosure deadline. If 90 days elapse\nwithout an upstream patch, then the bug report will automatically\nbecome visible to the public.",
                "descriptionNum": 1
            },
            {
                "projectName": "oss-fuzz",
                "localId": 40623,
                "sequenceNum": 1,
                "commenter": {
                    "userId": "1950284618",
                    "displayName": "sheriffbot"
                },
                "timestamp": 1635879248,
                "amendments": [
                    {
                        "fieldName": "Labels",
                        "newOrDeltaValue": "Disclosure-2022-01-31"
                    }
                ]
            },
            {
                "projectName": "oss-fuzz",
                "localId": 40623,
                "sequenceNum": 2,
                "commenter": {
                    "userId": "382749006",
                    "displayName": "ClusterFuzz-External"
                },
                "timestamp": 1636037515,
                "content": "ClusterFuzz testcase 4588170365239296 is verified as fixed in https://oss-fuzz.com/revisions?job=afl_asan_libexif&range=202111030605:202111040604\n\nIf this is incorrect, please file a bug on https://github.com/google/oss-fuzz/issues/new",
                "amendments": [
                    {
                        "fieldName": "Status",
                        "newOrDeltaValue": "Verified",
                        "oldValue": "New"
                    },
                    {
                        "fieldName": "Labels",
                        "newOrDeltaValue": "ClusterFuzz-Verified"
                    }
                ]
            },
            {
                "projectName": "oss-fuzz",
                "localId": 40623,
                "sequenceNum": 3,
                "commenter": {
                    "userId": "1950284618",
                    "displayName": "sheriffbot"
                },
                "timestamp": 1636051466,
                "content": "This bug has been fixed. It has been opened to the public.\n\n- Your friendly Sheriffbot",
                "amendments": [
                    {
                        "fieldName": "Labels",
                        "newOrDeltaValue": "-restrict-view-commit"
                    }
                ]
            }
        ]
    },
    "fix_commit": "54461dde98692a0741fbbe2e0c6c2533ae9594e1",
    "repo_addr": "https://github.com/libexif/libexif"
}