{
    "fix": "https://github.com/richgel999/miniz/commit/60bbf6c8082c01d8c0b5eae0d2314a1d9085347a",
    "verify": "0",
    "localId": 27413,
    "project": "miniz",
    "fuzzer": "libfuzzer",
    "sanitizer": "msan",
    "crash_type": "Use-of-uninitialized-value",
    "severity": "Medium",
    "report": {
        "comments": [
            {
                "projectName": "oss-fuzz",
                "localId": 27413,
                "commenter": {
                    "userId": "382749006",
                    "displayName": "ClusterFuzz-External"
                },
                "timestamp": 1605117411,
                "content": "Detailed Report: https://oss-fuzz.com/testcase?key=6236480187662336\n\nProject: miniz\nFuzzing Engine: libFuzzer\nFuzz Target: uncompress_fuzzer\nJob Type: libfuzzer_msan_miniz\nPlatform Id: linux\n\nCrash Type: Use-of-uninitialized-value\nCrash Address: \nCrash State:\n  tinfl_decompress\n  mz_inflate\n  mz_uncompress2\n  \nSanitizer: memory (MSAN)\n\nRecommended Security Severity: Medium\n\nRegressed: https://oss-fuzz.com/revisions?job=libfuzzer_msan_miniz&range=202010260613:202010270631\n\nReproducer Testcase: https://oss-fuzz.com/download?testcase_id=6236480187662336\n\nIssue filed automatically.\n\nSee https://google.github.io/oss-fuzz/advanced-topics/reproducing for instructions to reproduce this bug locally.\nWhen you fix this bug, please\n  * mention the fix revision(s).\n  * state whether the bug was a short-lived regression or an old bug in any stable releases.\n  * add any other useful information.\nThis information can help downstream consumers.\n\nIf you need to contact the OSS-Fuzz team with a question, concern, or any other feedback, please file an issue at https://github.com/google/oss-fuzz/issues. Comments on individual Monorail issues are not monitored.\n\nThis bug is subject to a 90 day disclosure deadline. If 90 days elapse\nwithout an upstream patch, then the bug report will automatically\nbecome visible to the public.",
                "descriptionNum": 1
            },
            {
                "projectName": "oss-fuzz",
                "localId": 27413,
                "sequenceNum": 1,
                "commenter": {
                    "userId": "382749006",
                    "displayName": "ClusterFuzz-External"
                },
                "timestamp": 1605121489,
                "content": "This crash occurs very frequently on linux platform and is likely preventing the fuzzer uncompress_fuzzer from making much progress. Fixing this will allow more bugs to be found.\n\nIf this is incorrect, please file a bug on https://github.com/google/oss-fuzz/issues/new",
                "amendments": [
                    {
                        "fieldName": "Labels",
                        "newOrDeltaValue": "Fuzz-Blocker"
                    }
                ]
            },
            {
                "projectName": "oss-fuzz",
                "localId": 27413,
                "sequenceNum": 2,
                "commenter": {
                    "userId": "1950284618",
                    "displayName": "sheriffbot"
                },
                "timestamp": 1605125299,
                "amendments": [
                    {
                        "fieldName": "Labels",
                        "newOrDeltaValue": "Disclosure-2021-02-09"
                    }
                ]
            },
            {
                "projectName": "oss-fuzz",
                "localId": 27413,
                "sequenceNum": 3,
                "commenter": {
                    "userId": "1950284618",
                    "displayName": "sheriffbot"
                },
                "timestamp": 1612295240,
                "content": "This bug is approaching its deadline for being fixed, and will be automatically derestricted within 7 days. If a fix is planned within 2 weeks after the deadline has passed, a grace extension can be granted.\n\n- Your friendly Sheriffbot",
                "amendments": [
                    {
                        "fieldName": "Labels",
                        "newOrDeltaValue": "Deadline-Approaching"
                    }
                ]
            },
            {
                "projectName": "oss-fuzz",
                "localId": 27413,
                "sequenceNum": 4,
                "commenter": {
                    "userId": "382749006",
                    "displayName": "ClusterFuzz-External"
                },
                "timestamp": 1612800149,
                "content": "ClusterFuzz testcase 6236480187662336 is verified as fixed in https://oss-fuzz.com/revisions?job=libfuzzer_msan_miniz&range=202102070601:202102080620\n\nIf this is incorrect, please file a bug on https://github.com/google/oss-fuzz/issues/new",
                "amendments": [
                    {
                        "fieldName": "Status",
                        "newOrDeltaValue": "Verified",
                        "oldValue": "New"
                    },
                    {
                        "fieldName": "Labels",
                        "newOrDeltaValue": "ClusterFuzz-Verified"
                    }
                ]
            },
            {
                "projectName": "oss-fuzz",
                "localId": 27413,
                "sequenceNum": 5,
                "commenter": {
                    "userId": "1950284618",
                    "displayName": "sheriffbot"
                },
                "timestamp": 1612900777,
                "content": "This bug has exceeded our disclosure deadline. It has been opened to the public.\n\n- Your friendly Sheriffbot",
                "amendments": [
                    {
                        "fieldName": "Labels",
                        "newOrDeltaValue": "-restrict-view-commit -deadline-approaching"
                    }
                ]
            }
        ]
    },
    "fix_commit": "60bbf6c8082c01d8c0b5eae0d2314a1d9085347a",
    "repo_addr": "https://github.com/richgel999/miniz.git"
}