{
    "fix": "https://github.com/richgel999/miniz/commit/9eedb97176408008a2263cef9b4bac5c7f955d4f",
    "verify": "0",
    "localId": 44479,
    "project": "miniz",
    "fuzzer": "libfuzzer",
    "sanitizer": "msan",
    "crash_type": "Use-of-uninitialized-value",
    "severity": "Medium",
    "report": {
        "comments": [
            {
                "projectName": "oss-fuzz",
                "localId": 44479,
                "commenter": {
                    "userId": "382749006",
                    "displayName": "ClusterFuzz-External"
                },
                "timestamp": 1644243833,
                "content": "Detailed Report: https://oss-fuzz.com/testcase?key=6255167308169216\n\nProject: miniz\nFuzzing Engine: libFuzzer\nFuzz Target: zip_fuzzer\nJob Type: libfuzzer_msan_miniz\nPlatform Id: linux\n\nCrash Type: Use-of-uninitialized-value\nCrash Address: \nCrash State:\n  tinfl_decompress\n  mz_zip_reader_extract_to_mem_no_alloc1\n  mz_zip_reader_extract_file_to_mem\n  \nSanitizer: memory (MSAN)\n\nRecommended Security Severity: Medium\n\nRegressed: https://oss-fuzz.com/revisions?job=libfuzzer_msan_miniz&range=202202060605:202202070602\n\nReproducer Testcase: https://oss-fuzz.com/download?testcase_id=6255167308169216\n\nIssue filed automatically.\n\nSee https://google.github.io/oss-fuzz/advanced-topics/reproducing for instructions to reproduce this bug locally.\nWhen you fix this bug, please\n  * mention the fix revision(s).\n  * state whether the bug was a short-lived regression or an old bug in any stable releases.\n  * add any other useful information.\nThis information can help downstream consumers.\n\nIf you need to contact the OSS-Fuzz team with a question, concern, or any other feedback, please file an issue at https://github.com/google/oss-fuzz/issues. Comments on individual Monorail issues are not monitored.\n\nThis bug is subject to a 90 day disclosure deadline. If 90 days elapse\nwithout an upstream patch, then the bug report will automatically\nbecome visible to the public.",
                "descriptionNum": 1
            },
            {
                "projectName": "oss-fuzz",
                "localId": 44479,
                "sequenceNum": 1,
                "commenter": {
                    "userId": "1950284618",
                    "displayName": "sheriffbot"
                },
                "timestamp": 1644349729,
                "amendments": [
                    {
                        "fieldName": "Labels",
                        "newOrDeltaValue": "Disclosure-2022-05-09"
                    }
                ]
            },
            {
                "projectName": "oss-fuzz",
                "localId": 44479,
                "sequenceNum": 2,
                "commenter": {
                    "userId": "382749006",
                    "displayName": "ClusterFuzz-External"
                },
                "timestamp": 1646065875,
                "content": "ClusterFuzz testcase 6255167308169216 is verified as fixed in https://oss-fuzz.com/revisions?job=libfuzzer_msan_miniz&range=202202270606:202202280605\n\nIf this is incorrect, please file a bug on https://github.com/google/oss-fuzz/issues/new",
                "amendments": [
                    {
                        "fieldName": "Status",
                        "newOrDeltaValue": "Verified",
                        "oldValue": "New"
                    },
                    {
                        "fieldName": "Labels",
                        "newOrDeltaValue": "ClusterFuzz-Verified"
                    }
                ]
            },
            {
                "projectName": "oss-fuzz",
                "localId": 44479,
                "sequenceNum": 3,
                "commenter": {
                    "userId": "1950284618",
                    "displayName": "sheriffbot"
                },
                "timestamp": 1646163814,
                "content": "This bug has been fixed. It has been opened to the public.\n\n- Your friendly Sheriffbot",
                "amendments": [
                    {
                        "fieldName": "Labels",
                        "newOrDeltaValue": "-restrict-view-commit"
                    }
                ]
            }
        ]
    },
    "fix_commit": "9eedb97176408008a2263cef9b4bac5c7f955d4f",
    "repo_addr": "https://github.com/richgel999/miniz.git"
}