{
    "fix": "https://github.com/PointCloudLibrary/pcl/commit/3f897554837966b71aa3bfd72dd7ce482e5e55ae",
    "verify": "0",
    "localId": 32178,
    "project": "pcl",
    "fuzzer": "libfuzzer",
    "sanitizer": "asan",
    "crash_type": "Container-overflow WRITE 4",
    "severity": "High",
    "report": {
        "comments": [
            {
                "projectName": "oss-fuzz",
                "localId": 32178,
                "commenter": {
                    "userId": "382749006",
                    "displayName": "ClusterFuzz-External"
                },
                "timestamp": 1616072668,
                "content": "Detailed Report: https://oss-fuzz.com/testcase?key=4603315330613248\n\nProject: pcl\nFuzzing Engine: libFuzzer\nFuzz Target: ply_reader_fuzzer\nJob Type: libfuzzer_asan_pcl\nPlatform Id: linux\n\nCrash Type: Container-overflow WRITE 4\nCrash Address: 0x6020000000d0\nCrash State:\n  std::__1::__function::__func<std::__1::tuple<std::__1::function<void\n  bool pcl::io::ply::ply_parser::parse_list_property<unsigned char, int>\n  pcl::io::ply::ply_parser::parse\n  \nSanitizer: address (ASAN)\n\nRecommended Security Severity: High\n\nCrash Revision: https://oss-fuzz.com/revisions?job=libfuzzer_asan_pcl&revision=202103180629\n\nReproducer Testcase: https://oss-fuzz.com/download?testcase_id=4603315330613248\n\nIssue filed automatically.\n\nSee https://google.github.io/oss-fuzz/advanced-topics/reproducing for instructions to reproduce this bug locally.\nWhen you fix this bug, please\n  * mention the fix revision(s).\n  * state whether the bug was a short-lived regression or an old bug in any stable releases.\n  * add any other useful information.\nThis information can help downstream consumers.\n\nIf you need to contact the OSS-Fuzz team with a question, concern, or any other feedback, please file an issue at https://github.com/google/oss-fuzz/issues. Comments on individual Monorail issues are not monitored.\n\nThis bug is subject to a 90 day disclosure deadline. If 90 days elapse\nwithout an upstream patch, then the bug report will automatically\nbecome visible to the public.",
                "descriptionNum": 1
            },
            {
                "projectName": "oss-fuzz",
                "localId": 32178,
                "sequenceNum": 1,
                "commenter": {
                    "userId": "382749006",
                    "displayName": "ClusterFuzz-External"
                },
                "timestamp": 1616076851,
                "content": "This crash occurs very frequently on linux platform and is likely preventing the fuzzer ply_reader_fuzzer from making much progress. Fixing this will allow more bugs to be found.\n\nIf this is incorrect, please file a bug on https://github.com/google/oss-fuzz/issues/new",
                "amendments": [
                    {
                        "fieldName": "Labels",
                        "newOrDeltaValue": "Fuzz-Blocker"
                    }
                ]
            },
            {
                "projectName": "oss-fuzz",
                "localId": 32178,
                "sequenceNum": 2,
                "commenter": {
                    "userId": "1950284618",
                    "displayName": "sheriffbot"
                },
                "timestamp": 1616094514,
                "amendments": [
                    {
                        "fieldName": "Labels",
                        "newOrDeltaValue": "Disclosure-2021-06-16"
                    }
                ]
            },
            {
                "projectName": "oss-fuzz",
                "localId": 32178,
                "sequenceNum": 3,
                "commenter": {
                    "userId": "382749006",
                    "displayName": "ClusterFuzz-External"
                },
                "timestamp": 1616384246,
                "amendments": [
                    {
                        "fieldName": "Cc",
                        "newOrDeltaValue": "marku...@gmail.com lar...@gmail.com"
                    }
                ]
            },
            {
                "projectName": "oss-fuzz",
                "localId": 32178,
                "sequenceNum": 4,
                "commenter": {
                    "userId": "382749006",
                    "displayName": "ClusterFuzz-External"
                },
                "timestamp": 1616425683,
                "amendments": [
                    {
                        "fieldName": "Cc",
                        "newOrDeltaValue": "k.koi...@gmail.com"
                    }
                ]
            },
            {
                "projectName": "oss-fuzz",
                "localId": 32178,
                "sequenceNum": 5,
                "commenter": {
                    "userId": "1950284618",
                    "displayName": "sheriffbot"
                },
                "timestamp": 1623264459,
                "content": "This bug is approaching its deadline for being fixed, and will be automatically derestricted within 7 days. If a fix is planned within 2 weeks after the deadline has passed, a grace extension can be granted.\n\n- Your friendly Sheriffbot",
                "amendments": [
                    {
                        "fieldName": "Labels",
                        "newOrDeltaValue": "Deadline-Approaching"
                    }
                ]
            },
            {
                "projectName": "oss-fuzz",
                "localId": 32178,
                "sequenceNum": 6,
                "commenter": {
                    "userId": "1950284618",
                    "displayName": "sheriffbot"
                },
                "timestamp": 1623869624,
                "content": "This bug has exceeded our disclosure deadline. It has been opened to the public.\n\n- Your friendly Sheriffbot",
                "amendments": [
                    {
                        "fieldName": "Labels",
                        "newOrDeltaValue": "-restrict-view-commit -deadline-approaching Deadline-Exceeded"
                    }
                ]
            },
            {
                "projectName": "oss-fuzz",
                "localId": 32178,
                "sequenceNum": 7,
                "commenter": {
                    "userId": "382749006",
                    "displayName": "ClusterFuzz-External"
                },
                "timestamp": 1661525084,
                "content": "ClusterFuzz testcase 4603315330613248 is verified as fixed in https://oss-fuzz.com/revisions?job=libfuzzer_asan_pcl&range=202208250602:202208260607\n\nIf this is incorrect, please file a bug on https://github.com/google/oss-fuzz/issues/new",
                "amendments": [
                    {
                        "fieldName": "Status",
                        "newOrDeltaValue": "Verified",
                        "oldValue": "New"
                    },
                    {
                        "fieldName": "Labels",
                        "newOrDeltaValue": "ClusterFuzz-Verified"
                    }
                ]
            }
        ]
    },
    "fix_commit": "3f897554837966b71aa3bfd72dd7ce482e5e55ae",
    "repo_addr": "https://github.com/PointCloudLibrary/pcl"
}