{
    "fix": "https://github.com/PointCloudLibrary/pcl/commit/3f897554837966b71aa3bfd72dd7ce482e5e55ae",
    "verify": "0",
    "localId": 36663,
    "project": "pcl",
    "fuzzer": "libfuzzer",
    "sanitizer": "asan",
    "crash_type": "Heap-buffer-overflow WRITE 4",
    "severity": "High",
    "report": {
        "comments": [
            {
                "projectName": "oss-fuzz",
                "localId": 36663,
                "commenter": {
                    "userId": "382749006",
                    "displayName": "ClusterFuzz-External"
                },
                "timestamp": 1627553717,
                "content": "Detailed Report: https://oss-fuzz.com/testcase?key=5454087960264704\n\nProject: pcl\nFuzzing Engine: libFuzzer\nFuzz Target: ply_reader_fuzzer\nJob Type: libfuzzer_asan_pcl\nPlatform Id: linux\n\nCrash Type: Heap-buffer-overflow WRITE 4\nCrash Address: 0x61900000049c\nCrash State:\n  std::__1::__function::__func<std::__1::function<void\n  bool pcl::io::ply::ply_parser::parse_scalar_property<int>\n  pcl::io::ply::ply_parser::parse\n  \nSanitizer: address (ASAN)\n\nRecommended Security Severity: High\n\nCrash Revision: https://oss-fuzz.com/revisions?job=libfuzzer_asan_pcl&revision=202107290602\n\nReproducer Testcase: https://oss-fuzz.com/download?testcase_id=5454087960264704\n\nIssue filed automatically.\n\nSee https://google.github.io/oss-fuzz/advanced-topics/reproducing for instructions to reproduce this bug locally.\nWhen you fix this bug, please\n  * mention the fix revision(s).\n  * state whether the bug was a short-lived regression or an old bug in any stable releases.\n  * add any other useful information.\nThis information can help downstream consumers.\n\nIf you need to contact the OSS-Fuzz team with a question, concern, or any other feedback, please file an issue at https://github.com/google/oss-fuzz/issues. Comments on individual Monorail issues are not monitored.\n\nThis bug is subject to a 90 day disclosure deadline. If 90 days elapse\nwithout an upstream patch, then the bug report will automatically\nbecome visible to the public.",
                "descriptionNum": 1
            },
            {
                "projectName": "oss-fuzz",
                "localId": 36663,
                "sequenceNum": 1,
                "commenter": {
                    "userId": "382749006",
                    "displayName": "ClusterFuzz-External"
                },
                "timestamp": 1627561227,
                "content": "This crash occurs very frequently on linux platform and is likely preventing the fuzzer ply_reader_fuzzer from making much progress. Fixing this will allow more bugs to be found.\n\nIf this is incorrect, please file a bug on https://github.com/google/oss-fuzz/issues/new",
                "amendments": [
                    {
                        "fieldName": "Labels",
                        "newOrDeltaValue": "Fuzz-Blocker"
                    }
                ]
            },
            {
                "projectName": "oss-fuzz",
                "localId": 36663,
                "sequenceNum": 2,
                "commenter": {
                    "userId": "1950284618",
                    "displayName": "sheriffbot"
                },
                "timestamp": 1627584783,
                "amendments": [
                    {
                        "fieldName": "Labels",
                        "newOrDeltaValue": "Disclosure-2021-10-27"
                    }
                ]
            },
            {
                "projectName": "oss-fuzz",
                "localId": 36663,
                "sequenceNum": 3,
                "commenter": {
                    "userId": "1950284618",
                    "displayName": "sheriffbot"
                },
                "timestamp": 1634754715,
                "content": "This bug is approaching its deadline for being fixed, and will be automatically derestricted within 7 days. If a fix is planned within 2 weeks after the deadline has passed, a grace extension can be granted.\n\n- Your friendly Sheriffbot",
                "amendments": [
                    {
                        "fieldName": "Labels",
                        "newOrDeltaValue": "Deadline-Approaching"
                    }
                ]
            },
            {
                "projectName": "oss-fuzz",
                "localId": 36663,
                "sequenceNum": 4,
                "commenter": {
                    "userId": "1950284618",
                    "displayName": "sheriffbot"
                },
                "timestamp": 1635532620,
                "content": "This bug has exceeded our disclosure deadline. It has been opened to the public.\n\n- Your friendly Sheriffbot",
                "amendments": [
                    {
                        "fieldName": "Labels",
                        "newOrDeltaValue": "-restrict-view-commit -deadline-approaching Deadline-Exceeded"
                    }
                ]
            },
            {
                "projectName": "oss-fuzz",
                "localId": 36663,
                "sequenceNum": 5,
                "commenter": {
                    "userId": "382749006",
                    "displayName": "ClusterFuzz-External"
                },
                "timestamp": 1661526176,
                "content": "ClusterFuzz testcase 5454087960264704 is verified as fixed in https://oss-fuzz.com/revisions?job=libfuzzer_asan_pcl&range=202208250602:202208260607\n\nIf this is incorrect, please file a bug on https://github.com/google/oss-fuzz/issues/new",
                "amendments": [
                    {
                        "fieldName": "Status",
                        "newOrDeltaValue": "Verified",
                        "oldValue": "New"
                    },
                    {
                        "fieldName": "Labels",
                        "newOrDeltaValue": "ClusterFuzz-Verified"
                    }
                ]
            }
        ]
    },
    "fix_commit": "3f897554837966b71aa3bfd72dd7ce482e5e55ae",
    "repo_addr": "https://github.com/PointCloudLibrary/pcl"
}