{
    "fix": "https://github.com/strukturag/libheif/commit/94e5a84d1f05fe905e91a41e8a17e29437c3c15e",
    "verify": "0",
    "localId": 59814,
    "project": "libheif",
    "fuzzer": "libfuzzer",
    "sanitizer": "asan",
    "crash_type": "Heap-buffer-overflow WRITE {*}",
    "severity": "High",
    "report": {
        "comments": [
            {
                "projectName": "oss-fuzz",
                "localId": 59814,
                "commenter": {
                    "userId": "382749006",
                    "displayName": "ClusterFuzz-External"
                },
                "timestamp": 1686708684,
                "content": "Detailed Report: https://oss-fuzz.com/testcase?key=4724496578510848\n\nProject: libheif\nFuzzing Engine: libFuzzer\nFuzz Target: color_conversion_fuzzer\nJob Type: libfuzzer_asan_i386_libheif\nPlatform Id: linux\n\nCrash Type: Heap-buffer-overflow WRITE {*}\nCrash Address: 0xf69ef7ef\nCrash State:\n  StreamReader_memory::read\n  read_plane_interleaved\n  color_conversion_fuzzer.cc\n  \nSanitizer: address (ASAN)\n\nRecommended Security Severity: High\n\nRegressed: https://oss-fuzz.com/revisions?job=libfuzzer_asan_i386_libheif&range=202305040626:202305050614\n\nReproducer Testcase: https://oss-fuzz.com/download?testcase_id=4724496578510848\n\nIssue filed automatically.\n\nSee https://google.github.io/oss-fuzz/advanced-topics/reproducing for instructions to reproduce this bug locally.\nWhen you fix this bug, please\n  * mention the fix revision(s).\n  * state whether the bug was a short-lived regression or an old bug in any stable releases.\n  * add any other useful information.\nThis information can help downstream consumers.\n\nIf you need to contact the OSS-Fuzz team with a question, concern, or any other feedback, please file an issue at https://github.com/google/oss-fuzz/issues. Comments on individual Monorail issues are not monitored.\n\nThis bug is subject to a 90 day disclosure deadline. If 90 days elapse\nwithout an upstream patch, then the bug report will automatically\nbecome visible to the public.",
                "descriptionNum": 1
            },
            {
                "projectName": "oss-fuzz",
                "localId": 59814,
                "sequenceNum": 1,
                "commenter": {
                    "userId": "1950284618",
                    "displayName": "sheriffbot"
                },
                "timestamp": 1686768924,
                "amendments": [
                    {
                        "fieldName": "Labels",
                        "newOrDeltaValue": "Disclosure-2023-09-12"
                    }
                ]
            },
            {
                "projectName": "oss-fuzz",
                "localId": 59814,
                "sequenceNum": 2,
                "commenter": {
                    "userId": "1950284618",
                    "displayName": "sheriffbot"
                },
                "timestamp": 1693939017,
                "content": "This bug is approaching its deadline for being fixed, and will be automatically derestricted within 7 days. If a fix is planned within 2 weeks after the deadline has passed, a grace extension can be granted.\n\n- Your friendly Sheriffbot",
                "amendments": [
                    {
                        "fieldName": "Labels",
                        "newOrDeltaValue": "Deadline-Approaching"
                    }
                ]
            },
            {
                "projectName": "oss-fuzz",
                "localId": 59814,
                "sequenceNum": 3,
                "commenter": {
                    "userId": "1950284618",
                    "displayName": "sheriffbot"
                },
                "timestamp": 1694544577,
                "content": "This bug has exceeded our disclosure deadline. It has been opened to the public.\n\n- Your friendly Sheriffbot",
                "amendments": [
                    {
                        "fieldName": "Labels",
                        "newOrDeltaValue": "-restrict-view-commit -deadline-approaching Deadline-Exceeded"
                    }
                ]
            },
            {
                "projectName": "oss-fuzz",
                "localId": 59814,
                "sequenceNum": 4,
                "commenter": {
                    "userId": "382749006",
                    "displayName": "ClusterFuzz-External"
                },
                "timestamp": 1697189969,
                "content": "ClusterFuzz testcase 4724496578510848 is verified as fixed in https://oss-fuzz.com/revisions?job=libfuzzer_asan_i386_libheif&range=202310120616:202310130622\n\nIf this is incorrect, please file a bug on https://github.com/google/oss-fuzz/issues/new",
                "amendments": [
                    {
                        "fieldName": "Status",
                        "newOrDeltaValue": "Verified",
                        "oldValue": "New"
                    },
                    {
                        "fieldName": "Labels",
                        "newOrDeltaValue": "ClusterFuzz-Verified"
                    }
                ]
            }
        ]
    },
    "fix_commit": "94e5a84d1f05fe905e91a41e8a17e29437c3c15e",
    "repo_addr": "https://github.com/strukturag/libheif.git"
}