{
    "fix": "https://github.com/liblouis/liblouis/commit/878ef436e6cf401e5134899d70d5a8c0815cd549",
    "verify": "0",
    "localId": 60723,
    "project": "liblouis",
    "fuzzer": "libfuzzer",
    "sanitizer": "asan",
    "crash_type": "Negative-size-param",
    "report": {
        "comments": [
            {
                "projectName": "oss-fuzz",
                "localId": 60723,
                "commenter": {
                    "userId": "382749006",
                    "displayName": "ClusterFuzz-External"
                },
                "timestamp": 1689699474,
                "content": "Detailed Report: https://oss-fuzz.com/testcase?key=6608976274653184\n\nProject: liblouis\nFuzzing Engine: libFuzzer\nFuzz Target: fuzz_translate_generic\nJob Type: libfuzzer_asan_liblouis\nPlatform Id: linux\n\nCrash Type: Negative-size-param\nCrash Address: \nCrash State:\n  passDoAction\n  translateString\n  _lou_translate\n  \nSanitizer: address (ASAN)\n\nRegressed: https://oss-fuzz.com/revisions?job=libfuzzer_asan_liblouis&range=202304240604:202304250611\n\nReproducer Testcase: https://oss-fuzz.com/download?testcase_id=6608976274653184\n\nIssue filed automatically.\n\nSee https://google.github.io/oss-fuzz/advanced-topics/reproducing for instructions to reproduce this bug locally.\nWhen you fix this bug, please\n  * mention the fix revision(s).\n  * state whether the bug was a short-lived regression or an old bug in any stable releases.\n  * add any other useful information.\nThis information can help downstream consumers.\n\nIf you need to contact the OSS-Fuzz team with a question, concern, or any other feedback, please file an issue at https://github.com/google/oss-fuzz/issues. Comments on individual Monorail issues are not monitored.\n\nThis bug is subject to a 90 day disclosure deadline. If 90 days elapse\nwithout an upstream patch, then the bug report will automatically\nbecome visible to the public.",
                "descriptionNum": 1
            },
            {
                "projectName": "oss-fuzz",
                "localId": 60723,
                "sequenceNum": 1,
                "commenter": {
                    "userId": "1950284618",
                    "displayName": "sheriffbot"
                },
                "timestamp": 1689707032,
                "amendments": [
                    {
                        "fieldName": "Labels",
                        "newOrDeltaValue": "Disclosure-2023-10-16"
                    }
                ]
            },
            {
                "projectName": "oss-fuzz",
                "localId": 60723,
                "sequenceNum": 2,
                "commenter": {
                    "userId": "1950284618",
                    "displayName": "sheriffbot"
                },
                "timestamp": 1696877800,
                "content": "This bug is approaching its deadline for being fixed, and will be automatically derestricted within 7 days. If a fix is planned within 2 weeks after the deadline has passed, a grace extension can be granted.\n\n- Your friendly Sheriffbot",
                "amendments": [
                    {
                        "fieldName": "Labels",
                        "newOrDeltaValue": "Deadline-Approaching"
                    }
                ]
            },
            {
                "projectName": "oss-fuzz",
                "localId": 60723,
                "sequenceNum": 3,
                "commenter": {
                    "userId": "1950284618",
                    "displayName": "sheriffbot"
                },
                "timestamp": 1697482252,
                "content": "This bug has exceeded our disclosure deadline. It has been opened to the public.\n\n- Your friendly Sheriffbot",
                "amendments": [
                    {
                        "fieldName": "Labels",
                        "newOrDeltaValue": "-deadline-approaching -restrict-view-commit Deadline-Exceeded"
                    }
                ]
            },
            {
                "projectName": "oss-fuzz",
                "localId": 60723,
                "sequenceNum": 4,
                "commenter": {
                    "userId": "382749006",
                    "displayName": "ClusterFuzz-External"
                },
                "timestamp": 1701769046,
                "content": "ClusterFuzz testcase 6608976274653184 is verified as fixed in https://oss-fuzz.com/revisions?job=libfuzzer_asan_liblouis&range=202312040620:202312050631\n\nIf this is incorrect, please file a bug on https://github.com/google/oss-fuzz/issues/new",
                "amendments": [
                    {
                        "fieldName": "Status",
                        "newOrDeltaValue": "Verified",
                        "oldValue": "New"
                    },
                    {
                        "fieldName": "Labels",
                        "newOrDeltaValue": "ClusterFuzz-Verified"
                    }
                ]
            }
        ]
    },
    "fix_commit": "878ef436e6cf401e5134899d70d5a8c0815cd549",
    "repo_addr": "https://github.com/liblouis/liblouis"
}