{
    "localId": 11376,
    "project": "openthread",
    "fix": "https://github.com/openthread/openthread/commit/bf72fd8f8d4a898c019f279c8605e66fc0b42878",
    "verify": "0",
    "fuzzer": "afl",
    "sanitizer": "asan",
    "crash_type": "Heap-buffer-overflow READ 8",
    "severity": "Medium",
    "report": {
        "comments": [
            {
                "localId": 11376,
                "descriptionNum": 1,
                "projectName": "oss-fuzz",
                "commenter": {
                    "displayName": "ClusterFuzz-External",
                    "userId": "382749006"
                },
                "content": "Detailed report: https://oss-fuzz.com/testcase?key=5629815537795072\n\nProject: openthread\nFuzzer: afl_openthread_radio-receive-done-fuzzer\nFuzz target binary: radio-receive-done-fuzzer\nJob Type: afl_asan_openthread\nPlatform Id: linux\n\nCrash Type: Heap-buffer-overflow READ 8\nCrash Address: 0x6020000000e2\nCrash State:\n  ot::MeshForwarder::GetFramePriority\n  ot::MeshForwarder::HandleFragment\n  ot::MeshForwarder::HandleReceivedFrame\n  \nSanitizer: address (ASAN)\n\nRecommended Security Severity: Medium\n\nRegressed: https://oss-fuzz.com/revisions?job=afl_asan_openthread&range=201811080348:201811140305\n\nReproducer Testcase: https://oss-fuzz.com/download?testcase_id=5629815537795072\n\nIssue filed automatically.\n\nSee https://github.com/google/oss-fuzz/blob/master/docs/reproducing.md for more information.\n\nThis bug is subject to a 90 day disclosure deadline. If 90 days elapse\nwithout an upstream patch, then the bug report will automatically\nbecome visible to the public.\n\nWhen you fix this bug, please\n  * mention the fix revision(s).\n  * state whether the bug was a short-lived regression or an old bug in any stable releases.\n  * add any other useful information.\nThis information can help downstream consumers.\n\nIf you need to contact the OSS-Fuzz team with a question, concern, or any other feedback, please file an issue at https://github.com/google/oss-fuzz/issues.",
                "timestamp": 1542168980
            },
            {
                "amendments": [
                    {
                        "fieldName": "Labels",
                        "newOrDeltaValue": "OS-Linux"
                    }
                ],
                "localId": 11376,
                "projectName": "oss-fuzz",
                "commenter": {
                    "displayName": "ClusterFuzz-External",
                    "userId": "382749006"
                },
                "sequenceNum": 1,
                "timestamp": 1542170575
            },
            {
                "localId": 11376,
                "projectName": "oss-fuzz",
                "commenter": {
                    "displayName": "ClusterFuzz-External",
                    "userId": "382749006"
                },
                "content": "ClusterFuzz has detected this issue as fixed in range 201811140305:201811150258.\n\nDetailed report: https://oss-fuzz.com/testcase?key=5629815537795072\n\nProject: openthread\nFuzzer: afl_openthread_radio-receive-done-fuzzer\nFuzz target binary: radio-receive-done-fuzzer\nJob Type: afl_asan_openthread\nPlatform Id: linux\n\nCrash Type: Heap-buffer-overflow READ 8\nCrash Address: 0x6020000000e2\nCrash State:\n  ot::MeshForwarder::GetFramePriority\n  ot::MeshForwarder::HandleFragment\n  ot::MeshForwarder::HandleReceivedFrame\n  \nSanitizer: address (ASAN)\n\nRecommended Security Severity: Medium\n\nRegressed: https://oss-fuzz.com/revisions?job=afl_asan_openthread&range=201811080348:201811140305\nFixed: https://oss-fuzz.com/revisions?job=afl_asan_openthread&range=201811140305:201811150258\n\nReproducer Testcase: https://oss-fuzz.com/download?testcase_id=5629815537795072\n\nSee https://github.com/google/oss-fuzz/blob/master/docs/reproducing.md for more information.\n\nIf you suspect that the result above is incorrect, try re-doing that job on the test case report page.",
                "sequenceNum": 2,
                "timestamp": 1542269726
            },
            {
                "amendments": [
                    {
                        "fieldName": "Status",
                        "oldValue": "New",
                        "newOrDeltaValue": "Verified"
                    },
                    {
                        "fieldName": "Labels",
                        "newOrDeltaValue": "ClusterFuzz-Verified"
                    }
                ],
                "localId": 11376,
                "projectName": "oss-fuzz",
                "commenter": {
                    "displayName": "ClusterFuzz-External",
                    "userId": "382749006"
                },
                "content": "ClusterFuzz testcase 5629815537795072 is verified as fixed, so closing issue as verified.\n\nIf this is incorrect, please file a bug on https://github.com/google/oss-fuzz/issues/new",
                "sequenceNum": 3,
                "timestamp": 1542270146
            },
            {
                "amendments": [
                    {
                        "fieldName": "Labels",
                        "newOrDeltaValue": "-restrict-view-commit"
                    }
                ],
                "localId": 11376,
                "projectName": "oss-fuzz",
                "commenter": {
                    "displayName": "sheriffbot@chromium.org",
                    "userId": "4164592774"
                },
                "content": "This bug has been fixed for 30 days. It has been opened to the public.\n\n- Your friendly Sheriffbot",
                "sequenceNum": 4,
                "timestamp": 1544891080
            }
        ]
    },
    "fix_commit": "bf72fd8f8d4a898c019f279c8605e66fc0b42878",
    "repo_addr": "https://github.com/openthread/openthread"
}