{
    "localId": 12684,
    "project": "openthread",
    "fix": "https://github.com/openthread/openthread/commit/cb5e076a3e0a8daa7ee3576e1962c5388f2002ca",
    "verify": "0",
    "fuzzer": "afl",
    "sanitizer": "asan",
    "crash_type": "UNKNOWN READ",
    "severity": "Medium",
    "report": {
        "comments": [
            {
                "localId": 12684,
                "descriptionNum": 1,
                "projectName": "oss-fuzz",
                "commenter": {
                    "displayName": "ClusterFuzz-External",
                    "userId": "382749006"
                },
                "content": "Detailed report: https://oss-fuzz.com/testcase?key=5764065970880512\n\nProject: openthread\nFuzzer: afl_openthread_cli-uart-received-fuzzer\nFuzz target binary: cli-uart-received-fuzzer\nJob Type: afl_asan_openthread\nPlatform Id: linux\n\nCrash Type: UNKNOWN READ\nCrash Address: 0x000001c77316\nCrash State:\n  ot::Mac::LinkRaw::IsEnabled\n  otIp6SetEnabled\n  ot::Cli::Interpreter::ProcessIfconfig\n  \nSanitizer: address (ASAN)\n\nRecommended Security Severity: Medium\n\nRegressed: https://oss-fuzz.com/revisions?job=afl_asan_openthread&range=201901220420:201901230428\n\nReproducer Testcase: https://oss-fuzz.com/download?testcase_id=5764065970880512\n\nIssue filed automatically.\n\nSee https://github.com/google/oss-fuzz/blob/master/docs/reproducing.md for instructions to reproduce this bug locally.\n\nThis bug is subject to a 90 day disclosure deadline. If 90 days elapse\nwithout an upstream patch, then the bug report will automatically\nbecome visible to the public.\n\nWhen you fix this bug, please\n  * mention the fix revision(s).\n  * state whether the bug was a short-lived regression or an old bug in any stable releases.\n  * add any other useful information.\nThis information can help downstream consumers.\n\nIf you need to contact the OSS-Fuzz team with a question, concern, or any other feedback, please file an issue at https://github.com/google/oss-fuzz/issues.",
                "timestamp": 1548416871
            },
            {
                "amendments": [
                    {
                        "fieldName": "Labels",
                        "newOrDeltaValue": "OS-Linux"
                    }
                ],
                "localId": 12684,
                "projectName": "oss-fuzz",
                "commenter": {
                    "displayName": "ClusterFuzz-External",
                    "userId": "382749006"
                },
                "sequenceNum": 1,
                "timestamp": 1548417880
            },
            {
                "localId": 12684,
                "projectName": "oss-fuzz",
                "commenter": {
                    "displayName": "ClusterFuzz-External",
                    "userId": "382749006"
                },
                "content": "ClusterFuzz has detected this issue as fixed in range 201901250424:201901260422.\n\nDetailed report: https://oss-fuzz.com/testcase?key=5764065970880512\n\nProject: openthread\nFuzzer: afl_openthread_cli-uart-received-fuzzer\nFuzz target binary: cli-uart-received-fuzzer\nJob Type: afl_asan_openthread\nPlatform Id: linux\n\nCrash Type: UNKNOWN READ\nCrash Address: 0x000001c77316\nCrash State:\n  ot::Mac::LinkRaw::IsEnabled\n  otIp6SetEnabled\n  ot::Cli::Interpreter::ProcessIfconfig\n  \nSanitizer: address (ASAN)\n\nRecommended Security Severity: Medium\n\nRegressed: https://oss-fuzz.com/revisions?job=afl_asan_openthread&range=201901220420:201901230428\nFixed: https://oss-fuzz.com/revisions?job=afl_asan_openthread&range=201901250424:201901260422\n\nReproducer Testcase: https://oss-fuzz.com/download?testcase_id=5764065970880512\n\nSee https://github.com/google/oss-fuzz/blob/master/docs/reproducing.md for instructions to reproduce this bug locally.\n\nIf you suspect that the result above is incorrect, try re-doing that job on the test case report page.",
                "sequenceNum": 2,
                "timestamp": 1548516309
            },
            {
                "amendments": [
                    {
                        "fieldName": "Status",
                        "oldValue": "New",
                        "newOrDeltaValue": "Verified"
                    },
                    {
                        "fieldName": "Labels",
                        "newOrDeltaValue": "ClusterFuzz-Verified"
                    }
                ],
                "localId": 12684,
                "projectName": "oss-fuzz",
                "commenter": {
                    "displayName": "ClusterFuzz-External",
                    "userId": "382749006"
                },
                "content": "ClusterFuzz testcase 5764065970880512 is verified as fixed, so closing issue as verified.\n\nIf this is incorrect, please file a bug on https://github.com/google/oss-fuzz/issues/new",
                "sequenceNum": 3,
                "timestamp": 1548516950
            },
            {
                "amendments": [
                    {
                        "fieldName": "Labels",
                        "newOrDeltaValue": "-restrict-view-commit"
                    }
                ],
                "localId": 12684,
                "projectName": "oss-fuzz",
                "commenter": {
                    "displayName": "sheriffbot@chromium.org",
                    "userId": "4164592774"
                },
                "content": "This bug has been fixed for 30 days. It has been opened to the public.\n\n- Your friendly Sheriffbot",
                "sequenceNum": 4,
                "timestamp": 1551111909
            }
        ]
    },
    "fix_commit": "cb5e076a3e0a8daa7ee3576e1962c5388f2002ca",
    "repo_addr": "https://github.com/openthread/openthread"
}