{
    "localId": 13380,
    "project": "openthread",
    "fix": "https://github.com/openthread/openthread/commit/a3548df579617e737b075be4a88591e68195e115",
    "verify": "0",
    "fuzzer": "libfuzzer",
    "sanitizer": "ubsan",
    "crash_type": "UNKNOWN READ",
    "severity": "Medium",
    "report": {
        "comments": [
            {
                "localId": 13380,
                "descriptionNum": 1,
                "projectName": "oss-fuzz",
                "commenter": {
                    "displayName": "ClusterFuzz-External",
                    "userId": "382749006"
                },
                "content": "Detailed report: https://oss-fuzz.com/testcase?key=5712935857422336\n\nProject: openthread\nFuzzer: libFuzzer_openthread_radio-receive-done-fuzzer\nFuzz target binary: radio-receive-done-fuzzer\nJob Type: libfuzzer_ubsan_openthread\nPlatform Id: linux\n\nCrash Type: UNKNOWN READ\nCrash Address: 0x00000000524f\nCrash State:\n  ot::Message::GetPriority\n  ot::PriorityQueue::RemoveFromList\n  ot::PriorityQueue::Dequeue\n  \nSanitizer: undefined (UBSAN)\n\nRecommended Security Severity: Medium\n\nRegressed: https://oss-fuzz.com/revisions?job=libfuzzer_ubsan_openthread&range=201902220245:201902230250\n\nReproducer Testcase: https://oss-fuzz.com/download?testcase_id=5712935857422336\n\nIssue filed automatically.\n\nSee https://github.com/google/oss-fuzz/blob/master/docs/reproducing.md for instructions to reproduce this bug locally.\n\nThis bug is subject to a 90 day disclosure deadline. If 90 days elapse\nwithout an upstream patch, then the bug report will automatically\nbecome visible to the public.\n\nWhen you fix this bug, please\n  * mention the fix revision(s).\n  * state whether the bug was a short-lived regression or an old bug in any stable releases.\n  * add any other useful information.\nThis information can help downstream consumers.\n\nIf you need to contact the OSS-Fuzz team with a question, concern, or any other feedback, please file an issue at https://github.com/google/oss-fuzz/issues.",
                "timestamp": 1551040135
            },
            {
                "amendments": [
                    {
                        "fieldName": "Labels",
                        "newOrDeltaValue": "OS-Linux"
                    }
                ],
                "localId": 13380,
                "projectName": "oss-fuzz",
                "commenter": {
                    "displayName": "ClusterFuzz-External",
                    "userId": "382749006"
                },
                "sequenceNum": 1,
                "timestamp": 1551041120
            },
            {
                "localId": 13380,
                "projectName": "oss-fuzz",
                "commenter": {
                    "displayName": "ClusterFuzz-External",
                    "userId": "382749006"
                },
                "content": "ClusterFuzz has detected this issue as fixed in range 201902250244:201902260247.\n\nDetailed report: https://oss-fuzz.com/testcase?key=5712935857422336\n\nProject: openthread\nFuzzer: libFuzzer_openthread_radio-receive-done-fuzzer\nFuzz target binary: radio-receive-done-fuzzer\nJob Type: libfuzzer_ubsan_openthread\nPlatform Id: linux\n\nCrash Type: UNKNOWN READ\nCrash Address: 0x00000000524f\nCrash State:\n  ot::Message::GetPriority\n  ot::PriorityQueue::RemoveFromList\n  ot::PriorityQueue::Dequeue\n  \nSanitizer: undefined (UBSAN)\n\nRecommended Security Severity: Medium\n\nRegressed: https://oss-fuzz.com/revisions?job=libfuzzer_ubsan_openthread&range=201902220245:201902230250\nFixed: https://oss-fuzz.com/revisions?job=libfuzzer_ubsan_openthread&range=201902250244:201902260247\n\nReproducer Testcase: https://oss-fuzz.com/download?testcase_id=5712935857422336\n\nSee https://github.com/google/oss-fuzz/blob/master/docs/reproducing.md for instructions to reproduce this bug locally.\n\nIf you suspect that the result above is incorrect, try re-doing that job on the test case report page.",
                "sequenceNum": 2,
                "timestamp": 1551195273
            },
            {
                "amendments": [
                    {
                        "fieldName": "Status",
                        "oldValue": "New",
                        "newOrDeltaValue": "Verified"
                    },
                    {
                        "fieldName": "Labels",
                        "newOrDeltaValue": "ClusterFuzz-Verified"
                    }
                ],
                "localId": 13380,
                "projectName": "oss-fuzz",
                "commenter": {
                    "displayName": "ClusterFuzz-External",
                    "userId": "382749006"
                },
                "content": "ClusterFuzz testcase 5712935857422336 is verified as fixed, so closing issue as verified.\n\nIf this is incorrect, please file a bug on https://github.com/google/oss-fuzz/issues/new",
                "sequenceNum": 3,
                "timestamp": 1551195398
            },
            {
                "amendments": [
                    {
                        "fieldName": "Labels",
                        "newOrDeltaValue": "-restrict-view-commit"
                    }
                ],
                "localId": 13380,
                "projectName": "oss-fuzz",
                "commenter": {
                    "displayName": "sheriffbot@chromium.org",
                    "userId": "4164592774"
                },
                "content": "This bug has been fixed for 30 days. It has been opened to the public.\n\n- Your friendly Sheriffbot",
                "sequenceNum": 4,
                "timestamp": 1553873099
            }
        ]
    },
    "fix_commit": "a3548df579617e737b075be4a88591e68195e115",
    "repo_addr": "https://github.com/openthread/openthread"
}