{
    "localId": 15380,
    "project": "openthread",
    "fix": "https://github.com/openthread/openthread/commit/8224b3c49f8bd285ad5658c1b3cd9683d6627bdb",
    "verify": "0",
    "fuzzer": "libfuzzer",
    "sanitizer": "asan",
    "crash_type": "Stack-buffer-overflow READ {*}",
    "severity": "Medium",
    "report": {
        "comments": [
            {
                "localId": 15380,
                "descriptionNum": 1,
                "projectName": "oss-fuzz",
                "commenter": {
                    "displayName": "ClusterFuzz-External",
                    "userId": "382749006"
                },
                "content": "Detailed report: https://oss-fuzz.com/testcase?key=5759171934289920\n\nProject: openthread\nFuzzer: libFuzzer_openthread_radio-receive-done-fuzzer\nFuzz target binary: radio-receive-done-fuzzer\nJob Type: libfuzzer_asan_openthread\nPlatform Id: linux\n\nCrash Type: Stack-buffer-overflow READ {*}\nCrash Address: 0x7f2af368686a\nCrash State:\n  ot::Message::Write\n  ot::Message::Append\n  ot::Mle::Mle::AppendResponse\n  \nSanitizer: address (ASAN)\n\nRecommended Security Severity: Medium\n\nRegressed: https://oss-fuzz.com/revisions?job=libfuzzer_asan_openthread&range=201906180307:201906190240\n\nReproducer Testcase: https://oss-fuzz.com/download?testcase_id=5759171934289920\n\nIssue filed automatically.\n\nSee https://github.com/google/oss-fuzz/blob/master/docs/reproducing.md for instructions to reproduce this bug locally.\n\nThis bug is subject to a 90 day disclosure deadline. If 90 days elapse\nwithout an upstream patch, then the bug report will automatically\nbecome visible to the public.",
                "timestamp": 1560931071
            },
            {
                "amendments": [
                    {
                        "fieldName": "Status",
                        "oldValue": "New",
                        "newOrDeltaValue": "Verified"
                    },
                    {
                        "fieldName": "Labels",
                        "newOrDeltaValue": "ClusterFuzz-Verified"
                    }
                ],
                "localId": 15380,
                "projectName": "oss-fuzz",
                "commenter": {
                    "displayName": "ClusterFuzz-External",
                    "userId": "382749006"
                },
                "content": "ClusterFuzz testcase 5759171934289920 is verified as fixed in https://oss-fuzz.com/revisions?job=libfuzzer_asan_openthread&range=201906210309:201906220308\n\nIf this is incorrect, please file a bug on https://github.com/google/oss-fuzz/issues/new",
                "sequenceNum": 1,
                "timestamp": 1561214734
            },
            {
                "amendments": [
                    {
                        "fieldName": "Labels",
                        "newOrDeltaValue": "-restrict-view-commit"
                    }
                ],
                "localId": 15380,
                "projectName": "oss-fuzz",
                "commenter": {
                    "displayName": "sheriffbot@chromium.org",
                    "userId": "4164592774"
                },
                "content": "This bug has been fixed for 30 days. It has been opened to the public.\n\n- Your friendly Sheriffbot",
                "sequenceNum": 2,
                "timestamp": 1563809252
            }
        ]
    },
    "fix_commit": "8224b3c49f8bd285ad5658c1b3cd9683d6627bdb",
    "repo_addr": "https://github.com/openthread/openthread"
}