{
    "localId": 17147,
    "project": "openthread",
    "fix": "https://github.com/openthread/openthread/commit/68426e236fe8a15884c3893a2083663687b2610f",
    "verify": "0",
    "fuzzer": "afl",
    "sanitizer": "asan",
    "crash_type": "Stack-buffer-overflow READ {*}",
    "severity": "Medium",
    "report": {
        "comments": [
            {
                "localId": 17147,
                "descriptionNum": 1,
                "projectName": "oss-fuzz",
                "commenter": {
                    "displayName": "ClusterFuzz-External",
                    "userId": "382749006"
                },
                "content": "Detailed Report: https://oss-fuzz.com/testcase?key=5691354285342720\n\nProject: openthread\nFuzzing Engine: afl\nFuzz Target: ip6-send-fuzzer\nJob Type: afl_asan_openthread\nPlatform Id: linux\n\nCrash Type: Stack-buffer-overflow READ {*}\nCrash Address: 0x7ffd8c0da9e1\nCrash State:\n  ot::Message::Write\n  ot::Message::Append\n  ot::Mle::Mle::AppendNetworkData\n  \nSanitizer: address (ASAN)\n\nRecommended Security Severity: Medium\n\nRegressed: https://oss-fuzz.com/revisions?job=afl_asan_openthread&range=201909120143:201909130146\n\nReproducer Testcase: https://oss-fuzz.com/download?testcase_id=5691354285342720\n\nIssue filed automatically.\n\nSee https://google.github.io/oss-fuzz/advanced-topics/reproducing for instructions to reproduce this bug locally.\n\nThis bug is subject to a 90 day disclosure deadline. If 90 days elapse\nwithout an upstream patch, then the bug report will automatically\nbecome visible to the public.",
                "timestamp": 1568357768
            },
            {
                "amendments": [
                    {
                        "fieldName": "Labels",
                        "newOrDeltaValue": "Fuzz-Blocker"
                    }
                ],
                "localId": 17147,
                "projectName": "oss-fuzz",
                "commenter": {
                    "displayName": "ClusterFuzz-External",
                    "userId": "382749006"
                },
                "content": "This crash occurs very frequently on linux platform and is likely preventing the fuzzer ip6-send-fuzzer from making much progress. Fixing this will allow more bugs to be found.\n\nIf this is incorrect, please file a bug on https://github.com/google/oss-fuzz/issues/new",
                "sequenceNum": 1,
                "timestamp": 1568693469
            },
            {
                "amendments": [
                    {
                        "fieldName": "Status",
                        "oldValue": "New",
                        "newOrDeltaValue": "Verified"
                    },
                    {
                        "fieldName": "Labels",
                        "newOrDeltaValue": "ClusterFuzz-Verified"
                    }
                ],
                "localId": 17147,
                "projectName": "oss-fuzz",
                "commenter": {
                    "displayName": "ClusterFuzz-External",
                    "userId": "382749006"
                },
                "content": "ClusterFuzz testcase 5691354285342720 is verified as fixed in https://oss-fuzz.com/revisions?job=afl_asan_openthread&range=201909170144:201909180144\n\nIf this is incorrect, please file a bug on https://github.com/google/oss-fuzz/issues/new",
                "sequenceNum": 2,
                "timestamp": 1568819331
            },
            {
                "amendments": [
                    {
                        "fieldName": "Labels",
                        "newOrDeltaValue": "-restrict-view-commit"
                    }
                ],
                "localId": 17147,
                "projectName": "oss-fuzz",
                "commenter": {
                    "displayName": "sheriffbot@chromium.org",
                    "userId": "4164592774"
                },
                "content": "This bug has been fixed for 30 days. It has been opened to the public.\n\n- Your friendly Sheriffbot",
                "sequenceNum": 3,
                "timestamp": 1571413131
            }
        ]
    },
    "fix_commit": "68426e236fe8a15884c3893a2083663687b2610f",
    "repo_addr": "https://github.com/openthread/openthread"
}