{
    "fix": "https://github.com/openthread/openthread/commit/167d616bc2eefe9e4712da5a65681502de5851c0",
    "verify": "0",
    "localId": 20775,
    "project": "openthread",
    "fuzzer": "honggfuzz",
    "sanitizer": "asan",
    "crash_type": "Stack-buffer-overflow READ 2",
    "severity": "Medium",
    "report": {
        "comments": [
            {
                "projectName": "oss-fuzz",
                "localId": 20775,
                "commenter": {
                    "userId": "382749006",
                    "displayName": "ClusterFuzz-External"
                },
                "timestamp": 1582056100,
                "content": "Detailed Report: https://oss-fuzz.com/testcase?key=5751684162912256\n\nProject: openthread\nFuzzing Engine: honggfuzz\nFuzz Target: ip6-send-fuzzer\nJob Type: honggfuzz_asan_openthread\nPlatform Id: linux\n\nCrash Type: Stack-buffer-overflow READ 2\nCrash Address: 0x7ffff7f5671e\nCrash State:\n  ot::ExtendedTlv::GetLength\n  ot::Tlv::GetSize\n  ot::Tlv::GetNext\n  \nSanitizer: address (ASAN)\n\nRecommended Security Severity: Medium\n\nCrash Revision: https://oss-fuzz.com/revisions?job=honggfuzz_asan_openthread&revision=202002180408\n\nReproducer Testcase: https://oss-fuzz.com/download?testcase_id=5751684162912256\n\nIssue filed automatically.\n\nSee https://google.github.io/oss-fuzz/advanced-topics/reproducing for instructions to reproduce this bug locally.\nWhen you fix this bug, please\n  * mention the fix revision(s).\n  * state whether the bug was a short-lived regression or an old bug in any stable releases.\n  * add any other useful information.\nThis information can help downstream consumers.\n\nIf you need to contact the OSS-Fuzz team with a question, concern, or any other feedback, please file an issue at https://github.com/google/oss-fuzz/issues. Comments on individual Monorail issues are not monitored.\n\nThis bug is subject to a 90 day disclosure deadline. If 90 days elapse\nwithout an upstream patch, then the bug report will automatically\nbecome visible to the public.",
                "descriptionNum": 1
            },
            {
                "projectName": "oss-fuzz",
                "localId": 20775,
                "sequenceNum": 1,
                "commenter": {
                    "userId": "1950284618",
                    "displayName": "sheriffbot"
                },
                "timestamp": 1582137089,
                "amendments": [
                    {
                        "fieldName": "Labels",
                        "newOrDeltaValue": "Disclosure-2020-05-18"
                    }
                ]
            },
            {
                "projectName": "oss-fuzz",
                "localId": 20775,
                "sequenceNum": 2,
                "commenter": {
                    "userId": "382749006",
                    "displayName": "ClusterFuzz-External"
                },
                "timestamp": 1582386093,
                "content": "ClusterFuzz testcase 5751684162912256 is verified as fixed in https://oss-fuzz.com/revisions?job=honggfuzz_asan_openthread&range=202002190403:202002220410\n\nIf this is incorrect, please file a bug on https://github.com/google/oss-fuzz/issues/new",
                "amendments": [
                    {
                        "fieldName": "Status",
                        "newOrDeltaValue": "Verified",
                        "oldValue": "New"
                    },
                    {
                        "fieldName": "Labels",
                        "newOrDeltaValue": "ClusterFuzz-Verified"
                    }
                ]
            },
            {
                "projectName": "oss-fuzz",
                "localId": 20775,
                "sequenceNum": 3,
                "commenter": {
                    "userId": "1950284618",
                    "displayName": "sheriffbot"
                },
                "timestamp": 1584989805,
                "content": "This bug has been fixed for 30 days. It has been opened to the public.\n\n- Your friendly Sheriffbot",
                "amendments": [
                    {
                        "fieldName": "Labels",
                        "newOrDeltaValue": "-restrict-view-commit"
                    }
                ]
            }
        ]
    },
    "fix_commit": "167d616bc2eefe9e4712da5a65681502de5851c0",
    "repo_addr": "https://github.com/openthread/openthread"
}