{
    "localId": 2757,
    "project": "openthread",
    "fix": "https://github.com/openthread/openthread/commit/0d356d11bd3c6831b01951065337e84b8b110da0",
    "verify": "2",
    "fuzzer": "libfuzzer",
    "sanitizer": "asan",
    "crash_type": "Heap-buffer-overflow READ 2",
    "severity": "Medium",
    "report": {
        "comments": [
            {
                "localId": 2757,
                "descriptionNum": 1,
                "projectName": "oss-fuzz",
                "commenter": {
                    "displayName": "ClusterFuzz-External",
                    "userId": "382749006"
                },
                "content": "Detailed report: https://oss-fuzz.com/testcase?key=5534893742227456\n\nProject: openthread\nFuzzer: libFuzzer_openthread_radio-receive-done-fuzzer\nFuzz target binary: radio-receive-done-fuzzer\nJob Type: libfuzzer_asan_openthread\nPlatform Id: linux\n\nCrash Type: Heap-buffer-overflow READ 2\nCrash Address: 0x6040000001b4\nCrash State:\n  ot::Lowpan::Lowpan::DecompressBaseHeader\n  ot::Lowpan::Lowpan::Decompress\n  ot::MeshForwarder::HandleFragment\n  \nSanitizer: address (ASAN)\n\nRecommended Security Severity: Medium\n\nRegressed: https://oss-fuzz.com/revisions?job=libfuzzer_asan_openthread&range=201707260415:201707270452\n\nReproducer Testcase: https://oss-fuzz.com/download?testcase_id=5534893742227456\n\n\nIssue filed automatically.\n\nSee https://github.com/google/oss-fuzz/blob/master/docs/reproducing.md for more information.\n\nThis bug is subject to a 90 day disclosure deadline. If 90 days elapse\nwithout an upstream patch, then the bug report will automatically\nbecome visible to the public.\n\nWhen you fix this bug, please\n  * mention the fix revision(s).\n  * state whether the bug was a short-lived regression or an old bug in any stable releases.\n  * add any other useful information.\nThis information can help downstream consumers.\n\nIf you have questions for the OSS-Fuzz team, please file an issue at https://github.com/google/oss-fuzz/issues.",
                "timestamp": 1501154419
            },
            {
                "amendments": [
                    {
                        "fieldName": "Labels",
                        "newOrDeltaValue": "OS-Linux"
                    }
                ],
                "localId": 2757,
                "projectName": "oss-fuzz",
                "commenter": {
                    "displayName": "ClusterFuzz-External",
                    "userId": "382749006"
                },
                "sequenceNum": 1,
                "timestamp": 1501159919
            },
            {
                "localId": 2757,
                "projectName": "oss-fuzz",
                "commenter": {
                    "displayName": "ClusterFuzz-External",
                    "userId": "382749006"
                },
                "content": "ClusterFuzz has detected this issue as fixed in range 201707270452:201707280453.\n\nDetailed report: https://oss-fuzz.com/testcase?key=5534893742227456\n\nProject: openthread\nFuzzer: libFuzzer_openthread_radio-receive-done-fuzzer\nFuzz target binary: radio-receive-done-fuzzer\nJob Type: libfuzzer_asan_openthread\nPlatform Id: linux\n\nCrash Type: Heap-buffer-overflow READ 2\nCrash Address: 0x6040000001b4\nCrash State:\n  ot::Lowpan::Lowpan::DecompressBaseHeader\n  ot::Lowpan::Lowpan::Decompress\n  ot::MeshForwarder::HandleFragment\n  \nSanitizer: address (ASAN)\n\nRecommended Security Severity: Medium\n\nRegressed: https://oss-fuzz.com/revisions?job=libfuzzer_asan_openthread&range=201707260415:201707270452\nFixed: https://oss-fuzz.com/revisions?job=libfuzzer_asan_openthread&range=201707270452:201707280453\n\nReproducer Testcase: https://oss-fuzz.com/download?testcase_id=5534893742227456\n\n\nSee https://github.com/google/oss-fuzz/blob/master/docs/reproducing.md for more information.\n\nIf you suspect that the result above is incorrect, try re-doing that job on the test case report page.",
                "sequenceNum": 2,
                "timestamp": 1501226158
            },
            {
                "amendments": [
                    {
                        "fieldName": "Status",
                        "oldValue": "New",
                        "newOrDeltaValue": "Verified"
                    },
                    {
                        "fieldName": "Labels",
                        "newOrDeltaValue": "ClusterFuzz-Verified"
                    }
                ],
                "localId": 2757,
                "projectName": "oss-fuzz",
                "commenter": {
                    "displayName": "ClusterFuzz-External",
                    "userId": "382749006"
                },
                "content": "ClusterFuzz testcase 5534893742227456 is verified as fixed, so closing issue as verified.\n\nIf this is incorrect, please file a bug on https://github.com/google/oss-fuzz/issues/new",
                "sequenceNum": 3,
                "timestamp": 1501231912
            },
            {
                "localId": 2757,
                "projectName": "oss-fuzz",
                "commenter": {
                    "displayName": "jonhui@google.com",
                    "userId": "2327243156"
                },
                "content": "Fixed by https://github.com/openthread/openthread/commit/0d356d11bd3c6831b01951065337e84b8b110da0\r\n\r\nThis was a long-standing bug.",
                "sequenceNum": 4,
                "timestamp": 1502385781
            },
            {
                "amendments": [
                    {
                        "fieldName": "Labels",
                        "newOrDeltaValue": "-restrict-view-commit"
                    }
                ],
                "localId": 2757,
                "projectName": "oss-fuzz",
                "commenter": {
                    "displayName": "sheriffbot@chromium.org",
                    "userId": "4164592774"
                },
                "content": "This bug has been fixed for 30 days. It has been opened to the public.\n\n- Your friendly Sheriffbot",
                "sequenceNum": 5,
                "timestamp": 1503839090
            }
        ]
    },
    "fix_commit": "0d356d11bd3c6831b01951065337e84b8b110da0",
    "repo_addr": "https://github.com/openthread/openthread"
}