{
    "localId": 5874,
    "project": "openthread",
    "fix": "https://github.com/openthread/openthread/commit/1318d7942ed6256665b5d83b62ce51ec8893f5c7",
    "verify": "0",
    "fuzzer": "libfuzzer",
    "sanitizer": "asan",
    "crash_type": "Stack-buffer-overflow READ 1",
    "severity": "Medium",
    "report": {
        "comments": [
            {
                "localId": 5874,
                "descriptionNum": 1,
                "projectName": "oss-fuzz",
                "commenter": {
                    "displayName": "ClusterFuzz-External",
                    "userId": "382749006"
                },
                "content": "Detailed report: https://oss-fuzz.com/testcase?key=6188652393660416\n\nProject: openthread\nFuzzer: libFuzzer_openthread_ip6-send-fuzzer\nFuzz target binary: ip6-send-fuzzer\nJob Type: libfuzzer_asan_openthread\nPlatform Id: linux\n\nCrash Type: Stack-buffer-overflow READ 1\nCrash Address: 0x7f44e3280721\nCrash State:\n  ot::NetworkData::ServiceTlv::IsThreadEnterprise\n  ot::NetworkData::ServiceTlv::GetServiceDataLengthLocation\n  ot::NetworkData::ServiceTlv::GetSubTlvs\n  \nSanitizer: address (ASAN)\n\nRecommended Security Severity: Medium\n\nRegressed: https://oss-fuzz.com/revisions?job=libfuzzer_asan_openthread&range=201801310731:201802010737\n\nReproducer Testcase: https://oss-fuzz.com/download?testcase_id=6188652393660416\n\nIssue filed automatically.\n\nSee https://github.com/google/oss-fuzz/blob/master/docs/reproducing.md for more information.\n\nThis bug is subject to a 90 day disclosure deadline. If 90 days elapse\nwithout an upstream patch, then the bug report will automatically\nbecome visible to the public.\n\nWhen you fix this bug, please\n  * mention the fix revision(s).\n  * state whether the bug was a short-lived regression or an old bug in any stable releases.\n  * add any other useful information.\nThis information can help downstream consumers.\n\nIf you have questions for the OSS-Fuzz team, please file an issue at https://github.com/google/oss-fuzz/issues.",
                "timestamp": 1517489844
            },
            {
                "amendments": [
                    {
                        "fieldName": "Labels",
                        "newOrDeltaValue": "OS-Linux"
                    }
                ],
                "localId": 5874,
                "projectName": "oss-fuzz",
                "commenter": {
                    "displayName": "ClusterFuzz-External",
                    "userId": "382749006"
                },
                "sequenceNum": 1,
                "timestamp": 1517489983
            },
            {
                "localId": 5874,
                "projectName": "oss-fuzz",
                "commenter": {
                    "displayName": "ClusterFuzz-External",
                    "userId": "382749006"
                },
                "content": "ClusterFuzz has detected this issue as fixed in range 201802020730:201802022317.\n\nDetailed report: https://oss-fuzz.com/testcase?key=6188652393660416\n\nProject: openthread\nFuzzer: libFuzzer_openthread_ip6-send-fuzzer\nFuzz target binary: ip6-send-fuzzer\nJob Type: libfuzzer_asan_openthread\nPlatform Id: linux\n\nCrash Type: Stack-buffer-overflow READ 1\nCrash Address: 0x7f44e3280721\nCrash State:\n  ot::NetworkData::ServiceTlv::IsThreadEnterprise\n  ot::NetworkData::ServiceTlv::GetServiceDataLengthLocation\n  ot::NetworkData::ServiceTlv::GetSubTlvs\n  \nSanitizer: address (ASAN)\n\nRecommended Security Severity: Medium\n\nRegressed: https://oss-fuzz.com/revisions?job=libfuzzer_asan_openthread&range=201801310731:201802010737\nFixed: https://oss-fuzz.com/revisions?job=libfuzzer_asan_openthread&range=201802020730:201802022317\n\nReproducer Testcase: https://oss-fuzz.com/download?testcase_id=6188652393660416\n\nSee https://github.com/google/oss-fuzz/blob/master/docs/reproducing.md for more information.\n\nIf you suspect that the result above is incorrect, try re-doing that job on the test case report page.",
                "sequenceNum": 2,
                "timestamp": 1517645304
            },
            {
                "amendments": [
                    {
                        "fieldName": "Status",
                        "oldValue": "New",
                        "newOrDeltaValue": "Verified"
                    },
                    {
                        "fieldName": "Labels",
                        "newOrDeltaValue": "ClusterFuzz-Verified"
                    }
                ],
                "localId": 5874,
                "projectName": "oss-fuzz",
                "commenter": {
                    "displayName": "ClusterFuzz-External",
                    "userId": "382749006"
                },
                "content": "ClusterFuzz testcase 6188652393660416 is verified as fixed, so closing issue as verified.\n\nIf this is incorrect, please file a bug on https://github.com/google/oss-fuzz/issues/new",
                "sequenceNum": 3,
                "timestamp": 1517645589
            },
            {
                "amendments": [
                    {
                        "fieldName": "Labels",
                        "newOrDeltaValue": "-restrict-view-commit"
                    }
                ],
                "localId": 5874,
                "projectName": "oss-fuzz",
                "commenter": {
                    "displayName": "sheriffbot@chromium.org",
                    "userId": "4164592774"
                },
                "content": "This bug has been fixed for 30 days. It has been opened to the public.\n\n- Your friendly Sheriffbot",
                "sequenceNum": 4,
                "timestamp": 1520266862
            }
        ]
    },
    "fix_commit": "1318d7942ed6256665b5d83b62ce51ec8893f5c7",
    "repo_addr": "https://github.com/openthread/openthread"
}