{
    "fix": "https://github.com/libbpf/libbpf/commit/a383b3e200c72fd5fdc8b8539fb409942357fc5b",
    "verify": "0",
    "localId": 40363,
    "project": "libbpf",
    "fuzzer": "libfuzzer",
    "sanitizer": "asan",
    "crash_type": "Global-buffer-overflow READ {*}",
    "report": {
        "comments": [
            {
                "projectName": "oss-fuzz",
                "localId": 40363,
                "commenter": {
                    "userId": "382749006",
                    "displayName": "ClusterFuzz-External"
                },
                "timestamp": 1635217560,
                "content": "Detailed Report: https://oss-fuzz.com/testcase?key=6612626260492288\n\nProject: libbpf\nFuzzing Engine: libFuzzer\nFuzz Target: bpf-object-fuzzer\nJob Type: libfuzzer_asan_libbpf\nPlatform Id: linux\n\nCrash Type: Global-buffer-overflow READ {*}\nCrash Address: 0x00000064bb2c\nCrash State:\n  btf_new\n  btf__new\n  bpf_object__init_btf\n  \nSanitizer: address (ASAN)\n\nCrash Revision: https://oss-fuzz.com/revisions?job=libfuzzer_asan_libbpf&revision=202110251800\n\nReproducer Testcase: https://oss-fuzz.com/download?testcase_id=6612626260492288\n\nIssue filed automatically.\n\nSee https://google.github.io/oss-fuzz/advanced-topics/reproducing for instructions to reproduce this bug locally.\nWhen you fix this bug, please\n  * mention the fix revision(s).\n  * state whether the bug was a short-lived regression or an old bug in any stable releases.\n  * add any other useful information.\nThis information can help downstream consumers.\n\nIf you need to contact the OSS-Fuzz team with a question, concern, or any other feedback, please file an issue at https://github.com/google/oss-fuzz/issues. Comments on individual Monorail issues are not monitored.\n\nThis bug is subject to a 90 day disclosure deadline. If 90 days elapse\nwithout an upstream patch, then the bug report will automatically\nbecome visible to the public.",
                "descriptionNum": 1
            },
            {
                "projectName": "oss-fuzz",
                "localId": 40363,
                "sequenceNum": 1,
                "commenter": {
                    "userId": "1950284618",
                    "displayName": "sheriffbot"
                },
                "timestamp": 1635274440,
                "amendments": [
                    {
                        "fieldName": "Labels",
                        "newOrDeltaValue": "Disclosure-2022-01-24"
                    }
                ]
            },
            {
                "projectName": "oss-fuzz",
                "localId": 40363,
                "sequenceNum": 2,
                "commenter": {
                    "userId": "382749006",
                    "displayName": "ClusterFuzz-External"
                },
                "timestamp": 1636305807,
                "content": "ClusterFuzz testcase 6612626260492288 is verified as fixed in https://oss-fuzz.com/revisions?job=libfuzzer_asan_libbpf&range=202111070000:202111070610\n\nIf this is incorrect, please file a bug on https://github.com/google/oss-fuzz/issues/new",
                "amendments": [
                    {
                        "fieldName": "Status",
                        "newOrDeltaValue": "Verified",
                        "oldValue": "New"
                    },
                    {
                        "fieldName": "Labels",
                        "newOrDeltaValue": "ClusterFuzz-Verified"
                    }
                ]
            },
            {
                "projectName": "oss-fuzz",
                "localId": 40363,
                "sequenceNum": 3,
                "commenter": {
                    "userId": "1950284618",
                    "displayName": "sheriffbot"
                },
                "timestamp": 1636314407,
                "content": "This bug has been fixed. It has been opened to the public.\n\n- Your friendly Sheriffbot",
                "amendments": [
                    {
                        "fieldName": "Labels",
                        "newOrDeltaValue": "-restrict-view-commit"
                    }
                ]
            }
        ]
    },
    "fix_commit": "a383b3e200c72fd5fdc8b8539fb409942357fc5b",
    "repo_addr": "https://github.com/libbpf/libbpf"
}