{
    "fix": "https://github.com/libbpf/libbpf/commit/b78c75fcb347b06c31996860353f40087ed02f48",
    "verify": "0",
    "localId": 43641,
    "project": "libbpf",
    "fuzzer": "libfuzzer",
    "sanitizer": "asan",
    "crash_type": "UNKNOWN READ",
    "severity": "Medium",
    "report": {
        "comments": [
            {
                "projectName": "oss-fuzz",
                "localId": 43641,
                "commenter": {
                    "userId": "382749006",
                    "displayName": "ClusterFuzz-External"
                },
                "timestamp": 1642171270,
                "content": "Detailed Report: https://oss-fuzz.com/testcase?key=6679144220459008\n\nProject: libbpf\nFuzzing Engine: libFuzzer\nFuzz Target: bpf-object-fuzzer\nJob Type: libfuzzer_asan_i386_libbpf\nPlatform Id: linux\n\nCrash Type: UNKNOWN READ\nCrash Address: 0x00fa0000\nCrash State:\n  bpf_object_open\n  bpf_object__open_mem\n  bpf-object-fuzzer.c\n  \nSanitizer: address (ASAN)\n\nRecommended Security Severity: Medium\n\nCrash Revision: https://oss-fuzz.com/revisions?job=libfuzzer_asan_i386_libbpf&revision=202201141200\n\nReproducer Testcase: https://oss-fuzz.com/download?testcase_id=6679144220459008\n\nIssue filed automatically.\n\nSee https://google.github.io/oss-fuzz/advanced-topics/reproducing for instructions to reproduce this bug locally.\nWhen you fix this bug, please\n  * mention the fix revision(s).\n  * state whether the bug was a short-lived regression or an old bug in any stable releases.\n  * add any other useful information.\nThis information can help downstream consumers.\n\nIf you need to contact the OSS-Fuzz team with a question, concern, or any other feedback, please file an issue at https://github.com/google/oss-fuzz/issues. Comments on individual Monorail issues are not monitored.\n\nThis bug is subject to a 90 day disclosure deadline. If 90 days elapse\nwithout an upstream patch, then the bug report will automatically\nbecome visible to the public.",
                "descriptionNum": 1
            },
            {
                "projectName": "oss-fuzz",
                "localId": 43641,
                "sequenceNum": 1,
                "commenter": {
                    "userId": "1950284618",
                    "displayName": "sheriffbot"
                },
                "timestamp": 1642189967,
                "amendments": [
                    {
                        "fieldName": "Labels",
                        "newOrDeltaValue": "Disclosure-2022-04-14"
                    }
                ]
            },
            {
                "projectName": "oss-fuzz",
                "localId": 43641,
                "sequenceNum": 2,
                "commenter": {
                    "userId": "382749006",
                    "displayName": "ClusterFuzz-External"
                },
                "timestamp": 1642237421,
                "content": "This crash occurs very frequently on linux platform and is likely preventing the fuzzer bpf-object-fuzzer from making much progress. Fixing this will allow more bugs to be found.\n\nIf this is incorrect, please file a bug on https://github.com/google/oss-fuzz/issues/new",
                "amendments": [
                    {
                        "fieldName": "Labels",
                        "newOrDeltaValue": "Fuzz-Blocker"
                    }
                ]
            },
            {
                "projectName": "oss-fuzz",
                "localId": 43641,
                "sequenceNum": 3,
                "commenter": {
                    "userId": "1950284618",
                    "displayName": "sheriffbot"
                },
                "timestamp": 1649356029,
                "content": "This bug is approaching its deadline for being fixed, and will be automatically derestricted within 7 days. If a fix is planned within 2 weeks after the deadline has passed, a grace extension can be granted.\n\n- Your friendly Sheriffbot",
                "amendments": [
                    {
                        "fieldName": "Labels",
                        "newOrDeltaValue": "Deadline-Approaching"
                    }
                ]
            },
            {
                "projectName": "oss-fuzz",
                "localId": 43641,
                "sequenceNum": 4,
                "commenter": {
                    "userId": "382749006",
                    "displayName": "ClusterFuzz-External"
                },
                "timestamp": 1649865778,
                "amendments": [
                    {
                        "fieldName": "Cc",
                        "newOrDeltaValue": "hengq...@gmail.com"
                    }
                ]
            },
            {
                "projectName": "oss-fuzz",
                "localId": 43641,
                "sequenceNum": 5,
                "commenter": {
                    "userId": "1950284618",
                    "displayName": "sheriffbot"
                },
                "timestamp": 1650047516,
                "content": "This bug has exceeded our disclosure deadline. It has been opened to the public.\n\n- Your friendly Sheriffbot",
                "amendments": [
                    {
                        "fieldName": "Labels",
                        "newOrDeltaValue": "-restrict-view-commit -deadline-approaching Deadline-Exceeded"
                    }
                ]
            },
            {
                "projectName": "oss-fuzz",
                "localId": 43641,
                "sequenceNum": 6,
                "commenter": {
                    "userId": "382749006",
                    "displayName": "ClusterFuzz-External"
                },
                "timestamp": 1656949304,
                "content": "ClusterFuzz testcase 6679144220459008 is verified as fixed in https://oss-fuzz.com/revisions?job=libfuzzer_asan_i386_libbpf&range=202207040000:202207040602\n\nIf this is incorrect, please file a bug on https://github.com/google/oss-fuzz/issues/new",
                "amendments": [
                    {
                        "fieldName": "Status",
                        "newOrDeltaValue": "Verified",
                        "oldValue": "New"
                    },
                    {
                        "fieldName": "Labels",
                        "newOrDeltaValue": "ClusterFuzz-Verified"
                    }
                ]
            }
        ]
    },
    "fix_commit": [
        "8ee1202ff4e3debf9fbd2f08a778023c9eb35f30",
        "9476dce6fe905a6bf1d4c483f7b2b8575c4ffb2d",
        "e8802d6319ab485229d501e429bd3e1ee01e8d15",
        "e28a540c59ed0a96a50918696c7123e4adeacb17",
        "6abeb4203d0f1f8a5dd2bf09939ce2c55846acb3",
        "d32e7ea95276b081945a09c36919b21558395e98",
        "ec3bbc05c0f23ae56e3be7dd9dcfdf4bbde10e91",
        "d8454ba8ad83514a5afc6e3d05bddb61f299d5f4",
        "bf51e3c336287bb864097e170612aaaae22106cd",
        "fedeba74b7ca44ffcdbad7eaf7673337b0b277d5",
        "0eb12dca7e1927d846804f0662fce9e000283f7f",
        "fcd1b668c6d29a6cb0d7126883a07f5eec6aadde",
        "62e8af46d2c269300f1e9e019ef717b283bd808a",
        "f009af788948ea7d422337abfb49b34d5301d341",
        "9bdb296ec6b508805e629a07c4a08778ec7ae947",
        "25ba0076819e2c26ee5d3820ca2e2070f535d19c",
        "f9f7f2d30ae73b0197e1a5ba65cdf7a4bb2e91e8",
        "812a95fdf700a52be7bf6b0ef85c316e76ea0999",
        "f42d136c1ca52e4da8babea3639954d7bd5a76c0",
        "b78c75fcb347b06c31996860353f40087ed02f48"
    ],
    "repo_addr": "https://github.com/libbpf/libbpf"
}