{
    "fix": "https://github.com/kkos/oniguruma/commit/bb5e7d56416f989a1ea62de4b9ae50158e268b9d",
    "verify": "0",
    "localId": 32345,
    "project": "oniguruma",
    "fuzzer": "libfuzzer",
    "sanitizer": "ubsan",
    "crash_type": "UNKNOWN READ",
    "severity": "Medium",
    "report": {
        "comments": [
            {
                "projectName": "oss-fuzz",
                "localId": 32345,
                "commenter": {
                    "userId": "382749006",
                    "displayName": "ClusterFuzz-External"
                },
                "timestamp": 1616434008,
                "content": "Detailed Report: https://oss-fuzz.com/testcase?key=5261242773143552\n\nProject: oniguruma\nFuzzing Engine: libFuzzer\nFuzz Target: fuzzer\nJob Type: libfuzzer_ubsan_oniguruma\nPlatform Id: linux\n\nCrash Type: UNKNOWN READ\nCrash Address: 0xffffffff3f53dc5b\nCrash State:\n  left_adjust_char_head\n  onigenc_get_right_adjust_char_head\n  forward_search\n  \nSanitizer: undefined (UBSAN)\n\nRecommended Security Severity: Medium\n\nRegressed: https://oss-fuzz.com/revisions?job=libfuzzer_ubsan_oniguruma&range=202103210622:202103220621\n\nReproducer Testcase: https://oss-fuzz.com/download?testcase_id=5261242773143552\n\nIssue filed automatically.\n\nSee https://google.github.io/oss-fuzz/advanced-topics/reproducing for instructions to reproduce this bug locally.\nWhen you fix this bug, please\n  * mention the fix revision(s).\n  * state whether the bug was a short-lived regression or an old bug in any stable releases.\n  * add any other useful information.\nThis information can help downstream consumers.\n\nIf you need to contact the OSS-Fuzz team with a question, concern, or any other feedback, please file an issue at https://github.com/google/oss-fuzz/issues. Comments on individual Monorail issues are not monitored.\n\nThis bug is subject to a 90 day disclosure deadline. If 90 days elapse\nwithout an upstream patch, then the bug report will automatically\nbecome visible to the public.",
                "descriptionNum": 1
            },
            {
                "projectName": "oss-fuzz",
                "localId": 32345,
                "sequenceNum": 1,
                "commenter": {
                    "userId": "382749006",
                    "displayName": "ClusterFuzz-External"
                },
                "timestamp": 1616508947,
                "content": "ClusterFuzz testcase 5261242773143552 is verified as fixed in https://oss-fuzz.com/revisions?job=libfuzzer_ubsan_oniguruma&range=202103220621:202103230610\n\nIf this is incorrect, please file a bug on https://github.com/google/oss-fuzz/issues/new",
                "amendments": [
                    {
                        "fieldName": "Status",
                        "newOrDeltaValue": "Verified",
                        "oldValue": "New"
                    },
                    {
                        "fieldName": "Labels",
                        "newOrDeltaValue": "ClusterFuzz-Verified"
                    }
                ]
            },
            {
                "projectName": "oss-fuzz",
                "localId": 32345,
                "sequenceNum": 2,
                "commenter": {
                    "userId": "1950284618",
                    "displayName": "sheriffbot"
                },
                "timestamp": 1616525590,
                "content": "This bug has been fixed. It has been opened to the public.\n\n- Your friendly Sheriffbot",
                "amendments": [
                    {
                        "fieldName": "Labels",
                        "newOrDeltaValue": "-restrict-view-commit"
                    }
                ]
            }
        ]
    },
    "fix_commit": "bb5e7d56416f989a1ea62de4b9ae50158e268b9d",
    "repo_addr": "https://github.com/kkos/oniguruma.git"
}