{
    "fix": "https://chromium.googlesource.com/webm/libvpx/+/933b6b90a583b593efd8acb644603ab189226309%5E%21/",
    "verify": "0",
    "localId": 48781,
    "project": "libvpx",
    "fuzzer": "libfuzzer",
    "sanitizer": "msan",
    "crash_type": "Segv on unknown address",
    "severity": "Medium",
    "report": {
        "comments": [
            {
                "projectName": "oss-fuzz",
                "localId": 48781,
                "commenter": {
                    "userId": "382749006",
                    "displayName": "ClusterFuzz-External"
                },
                "timestamp": 1657087218,
                "content": "Detailed Report: https://oss-fuzz.com/testcase?key=5068192141148160\n\nProject: libvpx\nFuzzing Engine: libFuzzer\nFuzz Target: vpx_dec_fuzzer_vp9\nJob Type: libfuzzer_msan_libvpx\nPlatform Id: linux\n\nCrash Type: Segv on unknown address\nCrash Address: \nCrash State:\n  vp9_remove_common\n  vp9_decoder_remove\n  decoder_destroy\n  \nSanitizer: memory (MSAN)\n\nRecommended Security Severity: Medium\n\nRegressed: https://oss-fuzz.com/revisions?job=libfuzzer_msan_libvpx&range=202207010611:202207020609\n\nReproducer Testcase: https://oss-fuzz.com/download?testcase_id=5068192141148160\n\nIssue filed automatically.\n\nSee https://google.github.io/oss-fuzz/advanced-topics/reproducing for instructions to reproduce this bug locally.\nWhen you fix this bug, please\n  * mention the fix revision(s).\n  * state whether the bug was a short-lived regression or an old bug in any stable releases.\n  * add any other useful information.\nThis information can help downstream consumers.\n\nIf you need to contact the OSS-Fuzz team with a question, concern, or any other feedback, please file an issue at https://github.com/google/oss-fuzz/issues. Comments on individual Monorail issues are not monitored.\n\nThis bug is subject to a 90 day disclosure deadline. If 90 days elapse\nwithout an upstream patch, then the bug report will automatically\nbecome visible to the public.",
                "descriptionNum": 1
            },
            {
                "projectName": "oss-fuzz",
                "localId": 48781,
                "sequenceNum": 1,
                "commenter": {
                    "userId": "1950284618",
                    "displayName": "sheriffbot"
                },
                "timestamp": 1657133624,
                "amendments": [
                    {
                        "fieldName": "Labels",
                        "newOrDeltaValue": "Disclosure-2022-10-04"
                    }
                ]
            },
            {
                "projectName": "oss-fuzz",
                "localId": 48781,
                "sequenceNum": 2,
                "commenter": {
                    "userId": "2672346537",
                    "displayName": "jz...@google.com"
                },
                "timestamp": 1657138647,
                "amendments": [
                    {
                        "fieldName": "Cc",
                        "newOrDeltaValue": "jianj@google.com"
                    }
                ]
            },
            {
                "projectName": "oss-fuzz",
                "localId": 48781,
                "sequenceNum": 3,
                "commenter": {
                    "userId": "233459370",
                    "displayName": "Git Watcher"
                },
                "timestamp": 1657151563,
                "content": "The following revision refers to this bug:\n  https://chromium.googlesource.com/webm/libvpx/+/933b6b90a583b593efd8acb644603ab189226309\n\ncommit 933b6b90a583b593efd8acb644603ab189226309\nAuthor: James Zern <jzern@google.com>\nDate: Wed Jul 06 22:06:51 2022\n\nRevert \"Fix bug with smaller width bigger size\"\n\nThis reverts commit 5b530fc962bcb8a51bbf03f5fbc2912f21b86e70.\n\nThis fixes memory related fuzzer failures in the decoder.\n\nBug: webm:1642\nBug: oss-fuzz:48609\nBug: oss-fuzz:48629\nBug: oss-fuzz:48632\nBug: oss-fuzz:48638\nBug: oss-fuzz:48639\nBug: oss-fuzz:48651\nBug: oss-fuzz:48657\nBug: oss-fuzz:48659\nBug: oss-fuzz:48660\nBug: oss-fuzz:48661\nBug: oss-fuzz:48680\nBug: oss-fuzz:48686\nBug: oss-fuzz:48697\nBug: oss-fuzz:48706\nBug: oss-fuzz:48712\nBug: oss-fuzz:48717\nBug: oss-fuzz:48728\nBug: oss-fuzz:48732\nBug: oss-fuzz:48780\nBug: oss-fuzz:48781\nBug: oss-fuzz:48782\nBug: oss-fuzz:48785\nChange-Id: I67a8539a3083f00eec1164fef5c6a8bc209f91fc\n\n[modify] https://crrev.com/933b6b90a583b593efd8acb644603ab189226309/test/resize_test.cc\n[modify] https://crrev.com/933b6b90a583b593efd8acb644603ab189226309/vp9/encoder/vp9_encoder.c\n[modify] https://crrev.com/933b6b90a583b593efd8acb644603ab189226309/vp9/common/vp9_alloccommon.c\n"
            },
            {
                "projectName": "oss-fuzz",
                "localId": 48781,
                "sequenceNum": 4,
                "commenter": {
                    "userId": "382749006",
                    "displayName": "ClusterFuzz-External"
                },
                "timestamp": 1657206810,
                "content": "ClusterFuzz testcase 5068192141148160 is verified as fixed in https://oss-fuzz.com/revisions?job=libfuzzer_msan_libvpx&range=202207060611:202207070607\n\nIf this is incorrect, please file a bug on https://github.com/google/oss-fuzz/issues/new",
                "amendments": [
                    {
                        "fieldName": "Status",
                        "newOrDeltaValue": "Verified",
                        "oldValue": "New"
                    },
                    {
                        "fieldName": "Labels",
                        "newOrDeltaValue": "ClusterFuzz-Verified"
                    }
                ]
            },
            {
                "projectName": "oss-fuzz",
                "localId": 48781,
                "sequenceNum": 5,
                "commenter": {
                    "userId": "1950284618",
                    "displayName": "sheriffbot"
                },
                "timestamp": 1657219515,
                "content": "This bug has been fixed. It has been opened to the public.\n\n- Your friendly Sheriffbot",
                "amendments": [
                    {
                        "fieldName": "Labels",
                        "newOrDeltaValue": "-restrict-view-commit"
                    }
                ]
            }
        ]
    },
    "fix_commit": "933b6b90a583b593efd8acb644603ab189226309",
    "repo_addr": "https://chromium.googlesource.com/webm/libvpx"
}