{
    "fix": "https://github.com/cesanta/mongoose/commit/d1204e8a66437b9c7a665d2da878c1bbf52f7f93",
    "verify": "0",
    "localId": 62609,
    "project": "mongoose",
    "fuzzer": "libfuzzer",
    "sanitizer": "ubsan",
    "crash_type": "UNKNOWN READ",
    "severity": "Medium",
    "report": {
        "comments": [
            {
                "projectName": "oss-fuzz",
                "localId": 62609,
                "commenter": {
                    "userId": "382749006",
                    "displayName": "ClusterFuzz-External"
                },
                "timestamp": 1695410533,
                "content": "Detailed Report: https://oss-fuzz.com/testcase?key=5073877744877568\n\nProject: mongoose\nFuzzing Engine: libFuzzer\nFuzz Target: fuzz\nJob Type: libfuzzer_ubsan_mongoose\nPlatform Id: linux\n\nCrash Type: UNKNOWN READ\nCrash Address: 0x78fabd5cb000\nCrash State:\n  deliver_chunked_chunks\n  http_cb\n  fuzz.c\n  \nSanitizer: undefined (UBSAN)\n\nRecommended Security Severity: Medium\n\nRegressed: https://oss-fuzz.com/revisions?job=libfuzzer_ubsan_mongoose&range=202308160616:202308170603\n\nReproducer Testcase: https://oss-fuzz.com/download?testcase_id=5073877744877568\n\nIssue filed automatically.\n\nSee https://google.github.io/oss-fuzz/advanced-topics/reproducing for instructions to reproduce this bug locally.\nWhen you fix this bug, please\n  * mention the fix revision(s).\n  * state whether the bug was a short-lived regression or an old bug in any stable releases.\n  * add any other useful information.\nThis information can help downstream consumers.\n\nIf you need to contact the OSS-Fuzz team with a question, concern, or any other feedback, please file an issue at https://github.com/google/oss-fuzz/issues. Comments on individual Monorail issues are not monitored.\n\nThis bug is subject to a 90 day disclosure deadline. If 90 days elapse\nwithout an upstream patch, then the bug report will automatically\nbecome visible to the public.",
                "descriptionNum": 1
            },
            {
                "projectName": "oss-fuzz",
                "localId": 62609,
                "sequenceNum": 1,
                "commenter": {
                    "userId": "382749006",
                    "displayName": "ClusterFuzz-External"
                },
                "timestamp": 1695458260,
                "content": "ClusterFuzz testcase 5073877744877568 is verified as fixed in https://oss-fuzz.com/revisions?job=libfuzzer_ubsan_mongoose&range=202309210600:202309220610\n\nIf this is incorrect, please file a bug on https://github.com/google/oss-fuzz/issues/new",
                "amendments": [
                    {
                        "fieldName": "Status",
                        "newOrDeltaValue": "Verified",
                        "oldValue": "New"
                    },
                    {
                        "fieldName": "Labels",
                        "newOrDeltaValue": "ClusterFuzz-Verified"
                    }
                ]
            },
            {
                "projectName": "oss-fuzz",
                "localId": 62609,
                "sequenceNum": 2,
                "commenter": {
                    "userId": "1950284618",
                    "displayName": "sheriffbot"
                },
                "timestamp": 1695495192,
                "content": "This bug has been fixed. It has been opened to the public.\n\n- Your friendly Sheriffbot",
                "amendments": [
                    {
                        "fieldName": "Labels",
                        "newOrDeltaValue": "-restrict-view-commit"
                    }
                ]
            }
        ]
    },
    "fix_commit": "d1204e8a66437b9c7a665d2da878c1bbf52f7f93",
    "repo_addr": "https://github.com/cesanta/mongoose"
}