{
    "localId": 12466,
    "project": "libarchive",
    "fix": "https://github.com/libarchive/libarchive/commit/4bd12b6f40cb4413c8970c52f15f3b6885b5e32f",
    "verify": "0",
    "fuzzer": "afl",
    "sanitizer": "asan",
    "crash_type": "Stack-buffer-overflow WRITE 7",
    "severity": "High",
    "report": {
        "comments": [
            {
                "localId": 12466,
                "descriptionNum": 1,
                "projectName": "oss-fuzz",
                "commenter": {
                    "displayName": "ClusterFuzz-External",
                    "userId": "382749006"
                },
                "content": "Detailed report: https://oss-fuzz.com/testcase?key=5700900719427584\n\nProject: libarchive\nFuzzer: afl_libarchive_fuzzer\nFuzz target binary: libarchive_fuzzer\nJob Type: afl_asan_libarchive\nPlatform Id: linux\n\nCrash Type: Stack-buffer-overflow WRITE 7\nCrash Address: 0x7f23f8d75c34\nCrash State:\n  parse_tables\n  process_block\n  do_uncompress_file\n  \nSanitizer: address (ASAN)\n\nRecommended Security Severity: High\n\nRegressed: https://oss-fuzz.com/revisions?job=afl_asan_libarchive&range=201810060205:201810070201\n\nReproducer Testcase: https://oss-fuzz.com/download?testcase_id=5700900719427584\n\nIssue filed automatically.\n\nSee https://github.com/google/oss-fuzz/blob/master/docs/reproducing.md for instructions to reproduce this bug locally.\n\nThis bug is subject to a 90 day disclosure deadline. If 90 days elapse\nwithout an upstream patch, then the bug report will automatically\nbecome visible to the public.\n\nWhen you fix this bug, please\n  * mention the fix revision(s).\n  * state whether the bug was a short-lived regression or an old bug in any stable releases.\n  * add any other useful information.\nThis information can help downstream consumers.\n\nIf you need to contact the OSS-Fuzz team with a question, concern, or any other feedback, please file an issue at https://github.com/google/oss-fuzz/issues.",
                "timestamp": 1547138576
            },
            {
                "amendments": [
                    {
                        "fieldName": "Labels",
                        "newOrDeltaValue": "OS-Linux"
                    }
                ],
                "localId": 12466,
                "projectName": "oss-fuzz",
                "commenter": {
                    "displayName": "ClusterFuzz-External",
                    "userId": "382749006"
                },
                "sequenceNum": 1,
                "timestamp": 1548015642
            },
            {
                "amendments": [
                    {
                        "fieldName": "Labels",
                        "newOrDeltaValue": "Fuzz-Blocker"
                    }
                ],
                "localId": 12466,
                "projectName": "oss-fuzz",
                "commenter": {
                    "displayName": "ClusterFuzz-External",
                    "userId": "382749006"
                },
                "content": "This crash occurs very frequently on linux platform and is likely preventing the fuzzer libarchive_fuzzer from making much progress. Fixing this will allow more bugs to be found.\n\nIf this is incorrect, please file a bug on https://github.com/google/oss-fuzz/issues/new",
                "sequenceNum": 2,
                "timestamp": 1549922244
            },
            {
                "amendments": [
                    {
                        "fieldName": "Labels",
                        "newOrDeltaValue": "Deadline-Approaching"
                    }
                ],
                "localId": 12466,
                "projectName": "oss-fuzz",
                "commenter": {
                    "displayName": "sheriffbot@chromium.org",
                    "userId": "4164592774"
                },
                "content": "This bug is approaching its deadline for being fixed, and will be automatically derestricted within 7 days. If a fix is planned within 2 weeks after the deadline has passed, a grace extension can be granted.\n\n- Your friendly Sheriffbot",
                "sequenceNum": 3,
                "timestamp": 1554304483
            },
            {
                "amendments": [
                    {
                        "fieldName": "Labels",
                        "newOrDeltaValue": "-restrict-view-commit -deadline-approaching Deadline-Exceeded"
                    }
                ],
                "localId": 12466,
                "projectName": "oss-fuzz",
                "commenter": {
                    "displayName": "sheriffbot@chromium.org",
                    "userId": "4164592774"
                },
                "content": "This bug has exceeded our disclosure deadline. It has been opened to the public.\n\n- Your friendly Sheriffbot",
                "sequenceNum": 4,
                "timestamp": 1554909674
            },
            {
                "localId": 12466,
                "projectName": "oss-fuzz",
                "commenter": {
                    "displayName": "ClusterFuzz-External",
                    "userId": "382749006"
                },
                "content": "ClusterFuzz has detected this issue as fixed in range 201905020210:201905030215.\n\nDetailed report: https://oss-fuzz.com/testcase?key=5700900719427584\n\nProject: libarchive\nFuzzer: afl_libarchive_fuzzer\nFuzz target binary: libarchive_fuzzer\nJob Type: afl_asan_libarchive\nPlatform Id: linux\n\nCrash Type: Stack-buffer-overflow WRITE 7\nCrash Address: 0x7f23f8d75c34\nCrash State:\n  parse_tables\n  process_block\n  do_uncompress_file\n  \nSanitizer: address (ASAN)\n\nRecommended Security Severity: High\n\nRegressed: https://oss-fuzz.com/revisions?job=afl_asan_libarchive&range=201810060205:201810070201\nFixed: https://oss-fuzz.com/revisions?job=afl_asan_libarchive&range=201905020210:201905030215\n\nReproducer Testcase: https://oss-fuzz.com/download?testcase_id=5700900719427584\n\nSee https://github.com/google/oss-fuzz/blob/master/docs/reproducing.md for instructions to reproduce this bug locally.\n\nIf you suspect that the result above is incorrect, try re-doing that job on the test case report page.",
                "sequenceNum": 5,
                "timestamp": 1556892657
            },
            {
                "amendments": [
                    {
                        "fieldName": "Status",
                        "oldValue": "New",
                        "newOrDeltaValue": "Verified"
                    },
                    {
                        "fieldName": "Labels",
                        "newOrDeltaValue": "ClusterFuzz-Verified"
                    }
                ],
                "localId": 12466,
                "projectName": "oss-fuzz",
                "commenter": {
                    "displayName": "ClusterFuzz-External",
                    "userId": "382749006"
                },
                "content": "ClusterFuzz testcase 5700900719427584 is verified as fixed, so closing issue as verified.\n\nIf this is incorrect, please file a bug on https://github.com/google/oss-fuzz/issues/new",
                "sequenceNum": 6,
                "timestamp": 1556894124
            }
        ]
    },
    "fix_commit": "4bd12b6f40cb4413c8970c52f15f3b6885b5e32f",
    "repo_addr": "https://github.com/libarchive/libarchive.git"
}