{
    "fix": "https://github.com/nih-at/libzip/commit/e907b0bda2f04c16eb7f10d5b2f41a3416a3e2b8",
    "verify": "0",
    "localId": 55365,
    "project": "libzip",
    "fuzzer": "honggfuzz",
    "sanitizer": "asan",
    "crash_type": "Heap-use-after-free READ 1",
    "severity": "High",
    "report": {
        "comments": [
            {
                "projectName": "oss-fuzz",
                "localId": 55365,
                "commenter": {
                    "userId": "382749006",
                    "displayName": "ClusterFuzz-External"
                },
                "timestamp": 1674566894,
                "content": "Detailed Report: https://oss-fuzz.com/testcase?key=4820171095408640\n\nProject: libzip\nFuzzing Engine: honggfuzz\nFuzz Target: zip_read_fuzzer\nJob Type: honggfuzz_asan_libzip\nPlatform Id: linux\n\nCrash Type: Heap-use-after-free READ 1\nCrash Address: 0x6080000000d8\nCrash State:\n  zip_source_open\n  zip_source_open\n  _zip_open\n  \nSanitizer: address (ASAN)\n\nRecommended Security Severity: High\n\nRegressed: https://oss-fuzz.com/revisions?job=honggfuzz_asan_libzip&range=202301230616:202301240606\n\nReproducer Testcase: https://oss-fuzz.com/download?testcase_id=4820171095408640\n\nIssue filed automatically.\n\nSee https://google.github.io/oss-fuzz/advanced-topics/reproducing for instructions to reproduce this bug locally.\nWhen you fix this bug, please\n  * mention the fix revision(s).\n  * state whether the bug was a short-lived regression or an old bug in any stable releases.\n  * add any other useful information.\nThis information can help downstream consumers.\n\nIf you need to contact the OSS-Fuzz team with a question, concern, or any other feedback, please file an issue at https://github.com/google/oss-fuzz/issues. Comments on individual Monorail issues are not monitored.\n\nThis bug is subject to a 90 day disclosure deadline. If 90 days elapse\nwithout an upstream patch, then the bug report will automatically\nbecome visible to the public.",
                "descriptionNum": 1
            },
            {
                "projectName": "oss-fuzz",
                "localId": 55365,
                "sequenceNum": 1,
                "commenter": {
                    "userId": "382749006",
                    "displayName": "ClusterFuzz-External"
                },
                "timestamp": 1674574518,
                "content": "This crash occurs very frequently on linux platform and is likely preventing the fuzzer zip_read_fuzzer from making much progress. Fixing this will allow more bugs to be found.\n\nIf this is incorrect, please file a bug on https://github.com/google/oss-fuzz/issues/new",
                "amendments": [
                    {
                        "fieldName": "Labels",
                        "newOrDeltaValue": "Fuzz-Blocker"
                    }
                ]
            },
            {
                "projectName": "oss-fuzz",
                "localId": 55365,
                "sequenceNum": 2,
                "commenter": {
                    "userId": "2782790439",
                    "displayName": "lib...@nih.at"
                },
                "timestamp": 1674576388,
                "content": "short-lived regression, should be fixed in the next run"
            },
            {
                "projectName": "oss-fuzz",
                "localId": 55365,
                "sequenceNum": 3,
                "commenter": {
                    "userId": "1950284618",
                    "displayName": "sheriffbot"
                },
                "timestamp": 1674590308,
                "amendments": [
                    {
                        "fieldName": "Labels",
                        "newOrDeltaValue": "Disclosure-2023-04-24"
                    }
                ]
            },
            {
                "projectName": "oss-fuzz",
                "localId": 55365,
                "sequenceNum": 4,
                "commenter": {
                    "userId": "382749006",
                    "displayName": "ClusterFuzz-External"
                },
                "timestamp": 1674667854,
                "content": "ClusterFuzz testcase 4820171095408640 is verified as fixed in https://oss-fuzz.com/revisions?job=honggfuzz_asan_libzip&range=202301240606:202301250618\n\nIf this is incorrect, please file a bug on https://github.com/google/oss-fuzz/issues/new",
                "amendments": [
                    {
                        "fieldName": "Status",
                        "newOrDeltaValue": "Verified",
                        "oldValue": "New"
                    },
                    {
                        "fieldName": "Labels",
                        "newOrDeltaValue": "ClusterFuzz-Verified"
                    }
                ]
            },
            {
                "projectName": "oss-fuzz",
                "localId": 55365,
                "sequenceNum": 5,
                "commenter": {
                    "userId": "1950284618",
                    "displayName": "sheriffbot"
                },
                "timestamp": 1674676074,
                "content": "This bug has been fixed. It has been opened to the public.\n\n- Your friendly Sheriffbot",
                "amendments": [
                    {
                        "fieldName": "Labels",
                        "newOrDeltaValue": "-restrict-view-commit"
                    }
                ]
            }
        ]
    },
    "fix_commit": "e907b0bda2f04c16eb7f10d5b2f41a3416a3e2b8",
    "repo_addr": "https://github.com/nih-at/libzip.git"
}