{
    "fix": "https://git.ffmpeg.org/gitweb/ffmpeg.git/commitdiff/ab160efa2850715de32e24fed846a0f6ef7244ab",
    "verify": "0",
    "localId": 12408,
    "project": "ffmpeg",
    "fuzzer": "afl",
    "sanitizer": "asan",
    "crash_type": "UNKNOWN WRITE",
    "severity": "High",
    "report": {
        "comments": [
            {
                "projectName": "oss-fuzz",
                "localId": 12408,
                "commenter": {
                    "userId": "382749006",
                    "displayName": "ClusterFuzz-External"
                },
                "timestamp": 1546735040,
                "content": "Detailed report: https://oss-fuzz.com/testcase?key=5729689379799040\n\nProject: ffmpeg\nFuzzer: afl_ffmpeg_AV_CODEC_ID_HYMT_fuzzer\nFuzz target binary: ffmpeg_AV_CODEC_ID_HYMT_fuzzer\nJob Type: afl_asan_ffmpeg\nPlatform Id: linux\n\nCrash Type: UNKNOWN WRITE\nCrash Address: 0x627ffffffd40\nCrash State:\n  ff_add_hfyu_left_pred_bgr32_sse2\n  \nSanitizer: address (ASAN)\n\nRecommended Security Severity: High\n\nRegressed: https://oss-fuzz.com/revisions?job=afl_asan_ffmpeg&range=201812260348:201901020404\n\nReproducer Testcase: https://oss-fuzz.com/download?testcase_id=5729689379799040\n\nIssue filed automatically.\n\nSee https://github.com/google/oss-fuzz/blob/master/docs/reproducing.md for instructions to reproduce this bug locally.\n\nThis bug is subject to a 90 day disclosure deadline. If 90 days elapse\nwithout an upstream patch, then the bug report will automatically\nbecome visible to the public.\n\nWhen you fix this bug, please\n  * mention the fix revision(s).\n  * state whether the bug was a short-lived regression or an old bug in any stable releases.\n  * add any other useful information.\nThis information can help downstream consumers.\n\nIf you need to contact the OSS-Fuzz team with a question, concern, or any other feedback, please file an issue at https://github.com/google/oss-fuzz/issues.",
                "descriptionNum": 1
            },
            {
                "projectName": "oss-fuzz",
                "localId": 12408,
                "sequenceNum": 1,
                "commenter": {
                    "userId": "382749006",
                    "displayName": "ClusterFuzz-External"
                },
                "timestamp": 1546735285,
                "amendments": [
                    {
                        "fieldName": "Labels",
                        "newOrDeltaValue": "OS-Linux"
                    }
                ]
            },
            {
                "projectName": "oss-fuzz",
                "localId": 12408,
                "sequenceNum": 2,
                "commenter": {
                    "userId": "382749006",
                    "displayName": "ClusterFuzz-External"
                },
                "timestamp": 1546879175,
                "content": "ClusterFuzz has detected this issue as fixed in range 201901060400:201901070400.\n\nDetailed report: https://oss-fuzz.com/testcase?key=5729689379799040\n\nProject: ffmpeg\nFuzzer: afl_ffmpeg_AV_CODEC_ID_HYMT_fuzzer\nFuzz target binary: ffmpeg_AV_CODEC_ID_HYMT_fuzzer\nJob Type: afl_asan_ffmpeg\nPlatform Id: linux\n\nCrash Type: UNKNOWN WRITE\nCrash Address: 0x627ffffffd40\nCrash State:\n  ff_add_hfyu_left_pred_bgr32_sse2\n  \nSanitizer: address (ASAN)\n\nRecommended Security Severity: High\n\nRegressed: https://oss-fuzz.com/revisions?job=afl_asan_ffmpeg&range=201812260348:201901020404\nFixed: https://oss-fuzz.com/revisions?job=afl_asan_ffmpeg&range=201901060400:201901070400\n\nReproducer Testcase: https://oss-fuzz.com/download?testcase_id=5729689379799040\n\nSee https://github.com/google/oss-fuzz/blob/master/docs/reproducing.md for instructions to reproduce this bug locally.\n\nIf you suspect that the result above is incorrect, try re-doing that job on the test case report page."
            },
            {
                "projectName": "oss-fuzz",
                "localId": 12408,
                "sequenceNum": 3,
                "commenter": {
                    "userId": "382749006",
                    "displayName": "ClusterFuzz-External"
                },
                "timestamp": 1546879245,
                "content": "ClusterFuzz testcase 5729689379799040 is verified as fixed, so closing issue as verified.\n\nIf this is incorrect, please file a bug on https://github.com/google/oss-fuzz/issues/new",
                "amendments": [
                    {
                        "fieldName": "Status",
                        "newOrDeltaValue": "Verified",
                        "oldValue": "New"
                    },
                    {
                        "fieldName": "Labels",
                        "newOrDeltaValue": "ClusterFuzz-Verified"
                    }
                ]
            },
            {
                "projectName": "oss-fuzz",
                "localId": 12408,
                "sequenceNum": 4,
                "commenter": {
                    "userId": "4164592774",
                    "displayName": "sheriffbot@chromium.org"
                },
                "timestamp": 1549556678,
                "content": "This bug has been fixed for 30 days. It has been opened to the public.\n\n- Your friendly Sheriffbot",
                "amendments": [
                    {
                        "fieldName": "Labels",
                        "newOrDeltaValue": "-restrict-view-commit"
                    }
                ]
            }
        ]
    },
    "fix_commit": [
        "07607a1db879d0d96e2c91e1354bc4e425937d3a",
        "fe17f9b956838e76e377ded48cc2b86f4dfecdcf",
        "5d9a69167cb1736ba6f866580e7ab31c2d81a022",
        "057328b29d749d03af9d205c6eec352621f5bc1c",
        "9520d51e21f9aa5adc807b0b89322bd822b06738",
        "6747a63397596b7c8b096ea396163dd494313a2a",
        "34f942c6c41f1560800ab64d0da07726dac5f52a",
        "c6db2e97dcd246234b958814450d3fd12a5c8c27",
        "8e1b5ba53839dca3951f9760b390456436ef96d1",
        "5079eca22a16e91da4c3d7bb1505a894c6ec4dc3",
        "2d9fe6321e320f9cef2a767af30a7b5b2f65d799",
        "bb2d8708f7bc463abbf918eb54a815c74d9bb613",
        "0505b35a38c5086ab21b4305907d48c35458ad98",
        "8b1099c288ab162f4316a8c1ae269f216520f52d",
        "eb49d259f42066f7f644231f35fd1128833c3d1c",
        "3ee323583993cab68bf9d245906d9778273504fa",
        "b33de557470471fe5d3a07fb441ec3f548f1d50a",
        "47c3a10b16f2721c7afa333869aafa8c007fb419",
        "796807022c939dc593aa2a3c0d1a4ad2b3770736",
        "5785e0e9c401e3bb2c5af5096209ba560c9a2c0e",
        "1b6695354d9e2da1967e51a76c5a87e1c78c7812",
        "044be48faeadf33d3ec75cad9a9fac4fbd47fe7a",
        "33d1fb06279c1febc64c7426eccd034fc59640ad",
        "052ad4d25540f9e3a4d46beb10a37257a2c38024",
        "9446c5887f99d1e02b836e7e134b833e591ca62b",
        "b89fc3d01b8ed586acbf69e520f748710c85347f",
        "1dcb5b7dca2bbaa7e2dfa062c0941f5509c238f4",
        "af5b6b45b4d8103a6daaa029beb64f7f6e521792",
        "25c7aa9974af21eaae97f85bcc83e1d815ba6f6b",
        "1139887ace7f15053527cbc8b0a354899bcfcf63",
        "e8d36ba47753ef791e4589efbf3673b8c1dd3233",
        "37af319086a6d305b96e34404815af64a2f3e26b",
        "8f585c3c550c2dd7b2a3575f3544a3bede28eb9f",
        "54109b1d1472bc49cec5e236508dffc96aa4f0a1",
        "3ba5eef2c7b21a1af48d8d9ccb58f2ed4ebc874a",
        "9b5bd665e105894919cdcfa0ed9818919538e5f6",
        "82043dfd2e50dd02d40ac7cb023f09090318e479",
        "ba89dc27b50cf6e1bcafe473ce8f2e4363be18ee",
        "5402c1886b97a0c46e843b5ae0c08de74d2e6091",
        "bf96937a961baeef75236ad0b986a1bb17906143",
        "6fcf813110fe390e835d14865d9f62cc3a7f23e5",
        "ef67af31ffec89087dcdc1b9056b06180a2e1b71",
        "2780cd33d938f1bfb627685a8b93c0a30b90fb0b",
        "eb81fd792fa88f9015b5e99e4940a464de9182a5",
        "b9523f2fd316110918747065af662a7446690970",
        "d7ef10f16d56c92404e74e8e4060ee79b906e00f",
        "1087b792c37630466716c3544539c583c14489a9",
        "807b57a31b4ecca5d8c5028e7df115cd40b81c2c",
        "796da4f3e0833c7133df50756f36ed3a72e1c844",
        "4fd6df6934d1e4f8ad20626b59db109a76c192d7",
        "e0686318ddd7a5138d1847d97fe967fb2e813802",
        "5faa1b8b5a04bd946bedd2648c802fbe9ba76599",
        "f2e2456294663b86dd7b410a24bd60dcb21cc1b7",
        "2d580d727cf2f6e857a9e46fd2dcdee6473e7c3c",
        "674b59c07515409eb815c91bee90fe4151905a10",
        "4ec2daf0de1a30bdeffbeffefcb7211e96c04980",
        "96e495082aedc4fcf444e2c7ef301867ba3e0b1f",
        "ab160efa2850715de32e24fed846a0f6ef7244ab"
    ],
    "repo_addr": "https://git.ffmpeg.org/ffmpeg.git"
}