{
    "fix": "https://git.ffmpeg.org/gitweb/ffmpeg.git/commitdiff/d9051f8f3e60768f68867c3e3116e980d855215a",
    "verify": "0",
    "localId": 1468,
    "project": "ffmpeg",
    "fuzzer": "libfuzzer",
    "sanitizer": "ubsan",
    "crash_type": "Index-out-of-bounds",
    "severity": "Medium",
    "report": {
        "comments": [
            {
                "projectName": "oss-fuzz",
                "localId": 1468,
                "commenter": {
                    "userId": "382749006",
                    "displayName": "ClusterFuzz-External"
                },
                "timestamp": 1494377020,
                "content": "Detailed report: https://oss-fuzz.com/testcase?key=5235964056174592\n\nProject: ffmpeg\nFuzzer: libFuzzer_ffmpeg_AV_CODEC_ID_MIMIC_fuzzer\nFuzz target binary: ffmpeg_AV_CODEC_ID_MIMIC_fuzzer\nJob Type: libfuzzer_ubsan_ffmpeg\nPlatform Id: linux\n\nCrash Type: Index-out-of-bounds\nCrash Address: \nCrash State:\n  vlc_decode_block\n  decode\n  mimic_decode_frame\n  \nSanitizer: undefined (UBSAN)\n\nRecommended Security Severity: Medium\n\nRegressed: https://oss-fuzz.com/revisions?job=libfuzzer_ubsan_ffmpeg&range=201705081931:201705091623\n\nReproducer Testcase: https://oss-fuzz.com/download?testcase_id=5235964056174592\n\n\nIssue filed automatically.\n\nSee https://github.com/google/oss-fuzz/blob/master/docs/reproducing.md for more information.\n\nThis bug is subject to a 90 day disclosure deadline. If 90 days elapse\nwithout an upstream patch, then the bug report will automatically\nbecome visible to the public.",
                "descriptionNum": 1
            },
            {
                "projectName": "oss-fuzz",
                "localId": 1468,
                "sequenceNum": 1,
                "commenter": {
                    "userId": "382749006",
                    "displayName": "ClusterFuzz-External"
                },
                "timestamp": 1494377207,
                "amendments": [
                    {
                        "fieldName": "Labels",
                        "newOrDeltaValue": "OS-Linux"
                    }
                ]
            },
            {
                "projectName": "oss-fuzz",
                "localId": 1468,
                "sequenceNum": 2,
                "commenter": {
                    "userId": "382749006",
                    "displayName": "ClusterFuzz-External"
                },
                "timestamp": 1494572954,
                "content": "ClusterFuzz has detected this issue as fixed in range 201705101624:201705111623.\n\nDetailed report: https://oss-fuzz.com/testcase?key=5235964056174592\n\nProject: ffmpeg\nFuzzer: libFuzzer_ffmpeg_AV_CODEC_ID_MIMIC_fuzzer\nFuzz target binary: ffmpeg_AV_CODEC_ID_MIMIC_fuzzer\nJob Type: libfuzzer_ubsan_ffmpeg\nPlatform Id: linux\n\nCrash Type: Index-out-of-bounds\nCrash Address: \nCrash State:\n  vlc_decode_block\n  decode\n  mimic_decode_frame\n  \nSanitizer: undefined (UBSAN)\n\nRecommended Security Severity: Medium\n\nRegressed: https://oss-fuzz.com/revisions?job=libfuzzer_ubsan_ffmpeg&range=201705081931:201705091623\nFixed: https://oss-fuzz.com/revisions?job=libfuzzer_ubsan_ffmpeg&range=201705101624:201705111623\n\nReproducer Testcase: https://oss-fuzz.com/download?testcase_id=5235964056174592\n\n\nSee https://github.com/google/oss-fuzz/blob/master/docs/reproducing.md for more information.\n\nIf you suspect that the result above is incorrect, try re-doing that job on the test case report page."
            },
            {
                "projectName": "oss-fuzz",
                "localId": 1468,
                "sequenceNum": 3,
                "commenter": {
                    "userId": "382749006",
                    "displayName": "ClusterFuzz-External"
                },
                "timestamp": 1494578813,
                "content": "ClusterFuzz testcase 5235964056174592 is verified as fixed, so closing issue.\n\nIf this is incorrect, please add ClusterFuzz-Wrong label and re-open the issue.",
                "amendments": [
                    {
                        "fieldName": "Status",
                        "newOrDeltaValue": "Verified",
                        "oldValue": "New"
                    },
                    {
                        "fieldName": "Labels",
                        "newOrDeltaValue": "ClusterFuzz-Verified"
                    }
                ]
            },
            {
                "projectName": "oss-fuzz",
                "localId": 1468,
                "sequenceNum": 4,
                "commenter": {
                    "userId": "4164592774",
                    "displayName": "sheriffbot@chromium.org"
                },
                "timestamp": 1497186231,
                "content": "This bug has been fixed for 30 days. It has been opened to the public.\n\n- Your friendly Sheriffbot",
                "amendments": [
                    {
                        "fieldName": "Labels",
                        "newOrDeltaValue": "-restrict-view-commit"
                    }
                ]
            }
        ]
    },
    "fix_commit": "d9051f8f3e60768f68867c3e3116e980d855215a",
    "repo_addr": "https://git.ffmpeg.org/ffmpeg.git"
}