{
    "fix": "https://git.ffmpeg.org/gitweb/ffmpeg.git/commitdiff/8e197a96388a0891b05e60dd79ef3817f7662cba",
    "verify": "0",
    "localId": 20742,
    "project": "ffmpeg",
    "fuzzer": "afl",
    "sanitizer": "asan",
    "crash_type": "Heap-buffer-overflow READ 1",
    "severity": "Medium",
    "report": {
        "comments": [
            {
                "projectName": "oss-fuzz",
                "localId": 20742,
                "commenter": {
                    "userId": "382749006",
                    "displayName": "ClusterFuzz-External"
                },
                "timestamp": 1581842897,
                "content": "Detailed Report: https://oss-fuzz.com/testcase?key=5738148607033344\n\nProject: ffmpeg\nFuzzing Engine: afl\nFuzz Target: ffmpeg_AV_CODEC_ID_CDTOONS_fuzzer\nJob Type: afl_asan_ffmpeg\nPlatform Id: linux\n\nCrash Type: Heap-buffer-overflow READ 1\nCrash Address: 0x61a000004d0a\nCrash State:\n  cdtoons_render_sprite\n  cdtoons_decode_frame\n  decode_simple_internal\n  \nSanitizer: address (ASAN)\n\nRecommended Security Severity: Medium\n\nRegressed: https://oss-fuzz.com/revisions?job=afl_asan_ffmpeg&range=202002150310:202002160309\n\nReproducer Testcase: https://oss-fuzz.com/download?testcase_id=5738148607033344\n\nIssue filed automatically.\n\nSee https://google.github.io/oss-fuzz/advanced-topics/reproducing for instructions to reproduce this bug locally.\nWhen you fix this bug, please\n  * mention the fix revision(s).\n  * state whether the bug was a short-lived regression or an old bug in any stable releases.\n  * add any other useful information.\nThis information can help downstream consumers.\n\nIf you need to contact the OSS-Fuzz team with a question, concern, or any other feedback, please file an issue at https://github.com/google/oss-fuzz/issues. Comments on individual Monorail issues are not monitored.\n\nThis bug is subject to a 90 day disclosure deadline. If 90 days elapse\nwithout an upstream patch, then the bug report will automatically\nbecome visible to the public.",
                "descriptionNum": 1
            },
            {
                "projectName": "oss-fuzz",
                "localId": 20742,
                "sequenceNum": 1,
                "commenter": {
                    "userId": "1950284618",
                    "displayName": "sheriffbot"
                },
                "timestamp": 1581877774,
                "amendments": [
                    {
                        "fieldName": "Labels",
                        "newOrDeltaValue": "Disclosure-2020-05-18"
                    }
                ]
            },
            {
                "projectName": "oss-fuzz",
                "localId": 20742,
                "sequenceNum": 2,
                "commenter": {
                    "userId": "382749006",
                    "displayName": "ClusterFuzz-External"
                },
                "timestamp": 1582386004,
                "content": "ClusterFuzz testcase 5738148607033344 is verified as fixed in https://oss-fuzz.com/revisions?job=afl_asan_ffmpeg&range=202002210312:202002220311\n\nIf this is incorrect, please file a bug on https://github.com/google/oss-fuzz/issues/new",
                "amendments": [
                    {
                        "fieldName": "Status",
                        "newOrDeltaValue": "Verified",
                        "oldValue": "New"
                    },
                    {
                        "fieldName": "Labels",
                        "newOrDeltaValue": "ClusterFuzz-Verified"
                    }
                ]
            },
            {
                "projectName": "oss-fuzz",
                "localId": 20742,
                "sequenceNum": 3,
                "commenter": {
                    "userId": "1950284618",
                    "displayName": "sheriffbot"
                },
                "timestamp": 1584989803,
                "content": "This bug has been fixed for 30 days. It has been opened to the public.\n\n- Your friendly Sheriffbot",
                "amendments": [
                    {
                        "fieldName": "Labels",
                        "newOrDeltaValue": "-restrict-view-commit"
                    }
                ]
            }
        ]
    },
    "fix_commit": "8e197a96388a0891b05e60dd79ef3817f7662cba",
    "repo_addr": "https://git.ffmpeg.org/ffmpeg.git"
}