{
    "fix": "https://git.ffmpeg.org/gitweb/ffmpeg.git/commitdiff/1cb4ef526dd1e5f547d0354efb0831d07e967919",
    "verify": "0",
    "localId": 2209,
    "project": "ffmpeg",
    "fuzzer": "libfuzzer",
    "sanitizer": "ubsan",
    "crash_type": "Index-out-of-bounds",
    "severity": "Medium",
    "report": {
        "comments": [
            {
                "projectName": "oss-fuzz",
                "localId": 2209,
                "commenter": {
                    "userId": "382749006",
                    "displayName": "ClusterFuzz-External"
                },
                "timestamp": 1497149097,
                "content": "Detailed report: https://oss-fuzz.com/testcase?key=5012343912136704\n\nProject: ffmpeg\nFuzzer: libFuzzer_ffmpeg_AV_CODEC_ID_HEVC_fuzzer\nFuzz target binary: ffmpeg_AV_CODEC_ID_HEVC_fuzzer\nJob Type: libfuzzer_ubsan_ffmpeg\nPlatform Id: linux\n\nCrash Type: Index-out-of-bounds\nCrash Address: \nCrash State:\n  add_candidate_ref\n  ff_hevc_frame_rps\n  hevc_frame_start\n  \nSanitizer: undefined (UBSAN)\n\nRecommended Security Severity: Medium\n\nRegressed: https://oss-fuzz.com/revisions?job=libfuzzer_ubsan_ffmpeg&range=201705081931:201705091623\n\nReproducer Testcase: https://oss-fuzz.com/download?testcase_id=5012343912136704\n\n\nIssue filed automatically.\n\nSee https://github.com/google/oss-fuzz/blob/master/docs/reproducing.md for more information.\n\nThis bug is subject to a 90 day disclosure deadline. If 90 days elapse\nwithout an upstream patch, then the bug report will automatically\nbecome visible to the public.\n\nWhen you fix this bug, please\n  * mention the fix revision(s).\n  * state whether the bug was a short-lived regression or an old bug in any stable releases.\n  * add any other useful information.\nThis information can help downstream consumers.\n\nIf you have questions for the OSS-Fuzz team, please file an issue at https://github.com/google/oss-fuzz/issues.",
                "descriptionNum": 1
            },
            {
                "projectName": "oss-fuzz",
                "localId": 2209,
                "sequenceNum": 1,
                "commenter": {
                    "userId": "382749006",
                    "displayName": "ClusterFuzz-External"
                },
                "timestamp": 1497149733,
                "amendments": [
                    {
                        "fieldName": "Labels",
                        "newOrDeltaValue": "OS-Linux"
                    }
                ]
            },
            {
                "projectName": "oss-fuzz",
                "localId": 2209,
                "sequenceNum": 2,
                "commenter": {
                    "userId": "382749006",
                    "displayName": "ClusterFuzz-External"
                },
                "timestamp": 1497511048,
                "content": "ClusterFuzz has detected this issue as fixed in range 201706140422:201706150425.\n\nDetailed report: https://oss-fuzz.com/testcase?key=5012343912136704\n\nProject: ffmpeg\nFuzzer: libFuzzer_ffmpeg_AV_CODEC_ID_HEVC_fuzzer\nFuzz target binary: ffmpeg_AV_CODEC_ID_HEVC_fuzzer\nJob Type: libfuzzer_ubsan_ffmpeg\nPlatform Id: linux\n\nCrash Type: Index-out-of-bounds\nCrash Address: \nCrash State:\n  add_candidate_ref\n  ff_hevc_frame_rps\n  hevc_frame_start\n  \nSanitizer: undefined (UBSAN)\n\nRecommended Security Severity: Medium\n\nRegressed: https://oss-fuzz.com/revisions?job=libfuzzer_ubsan_ffmpeg&range=201705081931:201705091623\nFixed: https://oss-fuzz.com/revisions?job=libfuzzer_ubsan_ffmpeg&range=201706140422:201706150425\n\nReproducer Testcase: https://oss-fuzz.com/download?testcase_id=5012343912136704\n\n\nSee https://github.com/google/oss-fuzz/blob/master/docs/reproducing.md for more information.\n\nIf you suspect that the result above is incorrect, try re-doing that job on the test case report page."
            },
            {
                "projectName": "oss-fuzz",
                "localId": 2209,
                "sequenceNum": 3,
                "commenter": {
                    "userId": "382749006",
                    "displayName": "ClusterFuzz-External"
                },
                "timestamp": 1497516573,
                "content": "ClusterFuzz testcase 5012343912136704 is verified as fixed, so closing issue.\n\nIf this is incorrect, please add ClusterFuzz-Wrong label and re-open the issue.",
                "amendments": [
                    {
                        "fieldName": "Status",
                        "newOrDeltaValue": "Verified",
                        "oldValue": "New"
                    },
                    {
                        "fieldName": "Labels",
                        "newOrDeltaValue": "ClusterFuzz-Verified"
                    }
                ]
            },
            {
                "projectName": "oss-fuzz",
                "localId": 2209,
                "sequenceNum": 4,
                "commenter": {
                    "userId": "2538991394",
                    "displayName": "micha...@gmx.at"
                },
                "timestamp": 1499910160,
                "content": "fixed in https://github.com/FFmpeg/FFmpeg/commit/1cb4ef526dd1e5f547d0354efb0831d07e967919"
            },
            {
                "projectName": "oss-fuzz",
                "localId": 2209,
                "sequenceNum": 5,
                "commenter": {
                    "userId": "4164592774",
                    "displayName": "sheriffbot@chromium.org"
                },
                "timestamp": 1500123866,
                "content": "This bug has been fixed for 30 days. It has been opened to the public.\n\n- Your friendly Sheriffbot",
                "amendments": [
                    {
                        "fieldName": "Labels",
                        "newOrDeltaValue": "-restrict-view-commit"
                    }
                ]
            }
        ]
    },
    "fix_commit": [
        "4993a68f0f9285f92a42a54305dc0244665b7db4",
        "1cb4ef526dd1e5f547d0354efb0831d07e967919"
    ],
    "repo_addr": "https://git.ffmpeg.org/ffmpeg.git"
}