{
    "fix": "https://git.ffmpeg.org/gitweb/ffmpeg.git/commitdiff/9d5e81d3b160cd6688a6c382e816d4b7db071f66",
    "verify": "0",
    "localId": 2478,
    "project": "ffmpeg",
    "fuzzer": "libfuzzer",
    "sanitizer": "asan",
    "crash_type": "UNKNOWN READ",
    "severity": "Medium",
    "report": {
        "comments": [
            {
                "projectName": "oss-fuzz",
                "localId": 2478,
                "commenter": {
                    "userId": "382749006",
                    "displayName": "ClusterFuzz-External"
                },
                "timestamp": 1499248060,
                "content": "Detailed report: https://oss-fuzz.com/testcase?key=4649584649306112\n\nProject: ffmpeg\nFuzzer: libFuzzer_ffmpeg_AV_CODEC_ID_AAC_fuzzer\nFuzz target binary: ffmpeg_AV_CODEC_ID_AAC_fuzzer\nJob Type: libfuzzer_asan_ffmpeg\nPlatform Id: linux\n\nCrash Type: UNKNOWN READ\nCrash Address: 0x000800820928\nCrash State:\n  ff_sbr_hf_apply_noise_3_sse2\n  \nSanitizer: address (ASAN)\n\nRecommended Security Severity: Medium\n\nRegressed: https://oss-fuzz.com/revisions?job=libfuzzer_asan_ffmpeg&range=201707040427:201707050427\n\nReproducer Testcase: https://oss-fuzz.com/download?testcase_id=4649584649306112\n\n\nIssue filed automatically.\n\nSee https://github.com/google/oss-fuzz/blob/master/docs/reproducing.md for more information.\n\nThis bug is subject to a 90 day disclosure deadline. If 90 days elapse\nwithout an upstream patch, then the bug report will automatically\nbecome visible to the public.\n\nWhen you fix this bug, please\n  * mention the fix revision(s).\n  * state whether the bug was a short-lived regression or an old bug in any stable releases.\n  * add any other useful information.\nThis information can help downstream consumers.\n\nIf you have questions for the OSS-Fuzz team, please file an issue at https://github.com/google/oss-fuzz/issues.",
                "descriptionNum": 1
            },
            {
                "projectName": "oss-fuzz",
                "localId": 2478,
                "sequenceNum": 1,
                "commenter": {
                    "userId": "382749006",
                    "displayName": "ClusterFuzz-External"
                },
                "timestamp": 1499251632,
                "amendments": [
                    {
                        "fieldName": "Labels",
                        "newOrDeltaValue": "OS-Linux"
                    }
                ]
            },
            {
                "projectName": "oss-fuzz",
                "localId": 2478,
                "sequenceNum": 2,
                "commenter": {
                    "userId": "382749006",
                    "displayName": "ClusterFuzz-External"
                },
                "timestamp": 1499325230,
                "content": "ClusterFuzz has detected this issue as fixed in range 201707050427:201707060427.\n\nDetailed report: https://oss-fuzz.com/testcase?key=4649584649306112\n\nProject: ffmpeg\nFuzzer: libFuzzer_ffmpeg_AV_CODEC_ID_AAC_fuzzer\nFuzz target binary: ffmpeg_AV_CODEC_ID_AAC_fuzzer\nJob Type: libfuzzer_asan_ffmpeg\nPlatform Id: linux\n\nCrash Type: UNKNOWN READ\nCrash Address: 0x000800820928\nCrash State:\n  ff_sbr_hf_apply_noise_3_sse2\n  \nSanitizer: address (ASAN)\n\nRecommended Security Severity: Medium\n\nRegressed: https://oss-fuzz.com/revisions?job=libfuzzer_asan_ffmpeg&range=201707040427:201707050427\nFixed: https://oss-fuzz.com/revisions?job=libfuzzer_asan_ffmpeg&range=201707050427:201707060427\n\nReproducer Testcase: https://oss-fuzz.com/download?testcase_id=4649584649306112\n\n\nSee https://github.com/google/oss-fuzz/blob/master/docs/reproducing.md for more information.\n\nIf you suspect that the result above is incorrect, try re-doing that job on the test case report page."
            },
            {
                "projectName": "oss-fuzz",
                "localId": 2478,
                "sequenceNum": 3,
                "commenter": {
                    "userId": "382749006",
                    "displayName": "ClusterFuzz-External"
                },
                "timestamp": 1499330871,
                "content": "ClusterFuzz testcase 4649584649306112 is verified as fixed, so closing issue.\n\nIf this is incorrect, please add ClusterFuzz-Wrong label and re-open the issue.",
                "amendments": [
                    {
                        "fieldName": "Status",
                        "newOrDeltaValue": "Verified",
                        "oldValue": "New"
                    },
                    {
                        "fieldName": "Labels",
                        "newOrDeltaValue": "ClusterFuzz-Verified"
                    }
                ]
            },
            {
                "projectName": "oss-fuzz",
                "localId": 2478,
                "sequenceNum": 4,
                "commenter": {
                    "userId": "4164592774",
                    "displayName": "sheriffbot@chromium.org"
                },
                "timestamp": 1501938325,
                "content": "This bug has been fixed for 30 days. It has been opened to the public.\n\n- Your friendly Sheriffbot",
                "amendments": [
                    {
                        "fieldName": "Labels",
                        "newOrDeltaValue": "-restrict-view-commit"
                    }
                ]
            }
        ]
    },
    "fix_commit": [
        "1912973a2d0a4d7f8e323eb23ee4e0e29d5852ca",
        "4d330da006fe48178a4c8047f06270925eaedf63",
        "89e632de9b3acb05938d0d1ce7d74590c0ac65f2",
        "7da9f4523159670d577a2808d4481e64008a8894",
        "158d2e15454a7f7e2db72204697b2fa0e6e75a52",
        "b40236d954c3283995d196bfd28ac4f4528c17ab",
        "1e12730e5df21f5bf9911f9c444f5614fd7ea522",
        "47cde2eabc1ae21b03a4cde52affeb516b60f3f3",
        "ed3b2a999d189771c9b0ada9a9200117595fa474",
        "5be9939b46a6a4d3860a1b1a872aa50897095970",
        "fd92dafaff8844b5fedf94679b93d953939a7f7b",
        "9d5e81d3b160cd6688a6c382e816d4b7db071f66"
    ],
    "repo_addr": "https://git.ffmpeg.org/ffmpeg.git"
}