{
    "fix": "https://github.com/mruby/mruby/commit/aa578c346db6058801a2b64781a50fab9ed1f74b",
    "verify": "0",
    "localId": 23801,
    "project": "mruby",
    "fuzzer": "honggfuzz",
    "sanitizer": "asan",
    "crash_type": "Heap-double-free",
    "severity": "High",
    "report": {
        "comments": [
            {
                "projectName": "oss-fuzz",
                "localId": 23801,
                "commenter": {
                    "userId": "382749006",
                    "displayName": "ClusterFuzz-External"
                },
                "timestamp": 1593503392,
                "content": "Detailed Report: https://oss-fuzz.com/testcase?key=4894663076216832\n\nProject: mruby\nFuzzing Engine: honggfuzz\nFuzz Target: mruby_proto_fuzzer\nJob Type: honggfuzz_asan_mruby\nPlatform Id: linux\n\nCrash Type: Heap-double-free\nCrash Address: 0x60300001c8a0\nCrash State:\n  mrb_default_allocf\n  mrb_free\n  obj_free\n  \nSanitizer: address (ASAN)\n\nRecommended Security Severity: High\n\nRegressed: https://oss-fuzz.com/revisions?job=honggfuzz_asan_mruby&range=202006070306:202006300453\n\nReproducer Testcase: https://oss-fuzz.com/download?testcase_id=4894663076216832\n\nIssue filed automatically.\n\nSee https://google.github.io/oss-fuzz/advanced-topics/reproducing for instructions to reproduce this bug locally.\nWhen you fix this bug, please\n  * mention the fix revision(s).\n  * state whether the bug was a short-lived regression or an old bug in any stable releases.\n  * add any other useful information.\nThis information can help downstream consumers.\n\nIf you need to contact the OSS-Fuzz team with a question, concern, or any other feedback, please file an issue at https://github.com/google/oss-fuzz/issues. Comments on individual Monorail issues are not monitored.\n\nThis bug is subject to a 90 day disclosure deadline. If 90 days elapse\nwithout an upstream patch, then the bug report will automatically\nbecome visible to the public.",
                "descriptionNum": 1
            },
            {
                "projectName": "oss-fuzz",
                "localId": 23801,
                "sequenceNum": 1,
                "commenter": {
                    "userId": "1950284618",
                    "displayName": "sheriffbot"
                },
                "timestamp": 1593548072,
                "amendments": [
                    {
                        "fieldName": "Labels",
                        "newOrDeltaValue": "Disclosure-2020-09-28"
                    }
                ]
            },
            {
                "projectName": "oss-fuzz",
                "localId": 23801,
                "sequenceNum": 2,
                "commenter": {
                    "userId": "382749006",
                    "displayName": "ClusterFuzz-External"
                },
                "timestamp": 1593700985,
                "content": "ClusterFuzz testcase 4894663076216832 is verified as fixed in https://oss-fuzz.com/revisions?job=honggfuzz_asan_mruby&range=202007010342:202007020339\n\nIf this is incorrect, please file a bug on https://github.com/google/oss-fuzz/issues/new",
                "amendments": [
                    {
                        "fieldName": "Status",
                        "newOrDeltaValue": "Verified",
                        "oldValue": "New"
                    },
                    {
                        "fieldName": "Labels",
                        "newOrDeltaValue": "ClusterFuzz-Verified"
                    }
                ]
            },
            {
                "projectName": "oss-fuzz",
                "localId": 23801,
                "sequenceNum": 3,
                "commenter": {
                    "userId": "1950284618",
                    "displayName": "sheriffbot"
                },
                "timestamp": 1596312421,
                "content": "This bug has been fixed for 30 days. It has been opened to the public.\n\n- Your friendly Sheriffbot",
                "amendments": [
                    {
                        "fieldName": "Labels",
                        "newOrDeltaValue": "-restrict-view-commit"
                    }
                ]
            }
        ]
    },
    "fix_commit": "aa578c346db6058801a2b64781a50fab9ed1f74b",
    "repo_addr": "https://github.com/mruby/mruby"
}