{
    "fix": "https://github.com/mruby/mruby/commit/9a72869043e0377ec549a325a074e592f82ef5ed",
    "verify": "0",
    "localId": 34691,
    "project": "mruby",
    "fuzzer": "honggfuzz",
    "sanitizer": "asan",
    "crash_type": "UNKNOWN READ",
    "severity": "High",
    "report": {
        "comments": [
            {
                "projectName": "oss-fuzz",
                "localId": 34691,
                "commenter": {
                    "userId": "382749006",
                    "displayName": "ClusterFuzz-External"
                },
                "timestamp": 1622008362,
                "content": "Detailed Report: https://oss-fuzz.com/testcase?key=4642920853536768\n\nProject: mruby\nFuzzing Engine: honggfuzz\nFuzz Target: mruby_fuzzer\nJob Type: honggfuzz_asan_mruby\nPlatform Id: linux\n\nCrash Type: UNKNOWN READ\nCrash Address: 0x605ffffffe08\nCrash State:\n  mrb_ary_shift_m\n  mrb_vm_exec\n  mrb_vm_run\n  \nSanitizer: address (ASAN)\n\nRecommended Security Severity: High\n\nRegressed: https://oss-fuzz.com/revisions?job=honggfuzz_asan_mruby&range=202104260608:202104270619\n\nReproducer Testcase: https://oss-fuzz.com/download?testcase_id=4642920853536768\n\nIssue filed automatically.\n\nSee https://google.github.io/oss-fuzz/advanced-topics/reproducing for instructions to reproduce this bug locally.\nWhen you fix this bug, please\n  * mention the fix revision(s).\n  * state whether the bug was a short-lived regression or an old bug in any stable releases.\n  * add any other useful information.\nThis information can help downstream consumers.\n\nIf you need to contact the OSS-Fuzz team with a question, concern, or any other feedback, please file an issue at https://github.com/google/oss-fuzz/issues. Comments on individual Monorail issues are not monitored.\n\nThis bug is subject to a 90 day disclosure deadline. If 90 days elapse\nwithout an upstream patch, then the bug report will automatically\nbecome visible to the public.",
                "descriptionNum": 1
            },
            {
                "projectName": "oss-fuzz",
                "localId": 34691,
                "sequenceNum": 1,
                "commenter": {
                    "userId": "1950284618",
                    "displayName": "sheriffbot"
                },
                "timestamp": 1622056386,
                "amendments": [
                    {
                        "fieldName": "Labels",
                        "newOrDeltaValue": "Disclosure-2021-08-24"
                    }
                ]
            },
            {
                "projectName": "oss-fuzz",
                "localId": 34691,
                "sequenceNum": 2,
                "commenter": {
                    "userId": "3755171593",
                    "displayName": "yukih...@gmail.com"
                },
                "timestamp": 1622070912,
                "content": "Fixed by 9a72869043e0377ec549a325a074e592f82ef5ed"
            },
            {
                "projectName": "oss-fuzz",
                "localId": 34691,
                "sequenceNum": 3,
                "commenter": {
                    "userId": "382749006",
                    "displayName": "ClusterFuzz-External"
                },
                "timestamp": 1622128378,
                "content": "ClusterFuzz testcase 4642920853536768 is verified as fixed in https://oss-fuzz.com/revisions?job=honggfuzz_asan_mruby&range=202105260619:202105270604\n\nIf this is incorrect, please file a bug on https://github.com/google/oss-fuzz/issues/new",
                "amendments": [
                    {
                        "fieldName": "Status",
                        "newOrDeltaValue": "Verified",
                        "oldValue": "New"
                    },
                    {
                        "fieldName": "Labels",
                        "newOrDeltaValue": "ClusterFuzz-Verified"
                    }
                ]
            },
            {
                "projectName": "oss-fuzz",
                "localId": 34691,
                "sequenceNum": 4,
                "commenter": {
                    "userId": "1950284618",
                    "displayName": "sheriffbot"
                },
                "timestamp": 1622141992,
                "content": "This bug has been fixed. It has been opened to the public.\n\n- Your friendly Sheriffbot",
                "amendments": [
                    {
                        "fieldName": "Labels",
                        "newOrDeltaValue": "-restrict-view-commit"
                    }
                ]
            }
        ]
    },
    "fix_commit": "9a72869043e0377ec549a325a074e592f82ef5ed",
    "repo_addr": "https://github.com/mruby/mruby"
}