{
    "fix": "https://github.com/mruby/mruby/commit/06f49b3f84e799f08a80b16054eda916f2d32819",
    "verify": "0",
    "localId": 36930,
    "project": "mruby",
    "fuzzer": "libfuzzer",
    "sanitizer": "asan",
    "crash_type": "UNKNOWN READ",
    "severity": "Medium",
    "report": {
        "comments": [
            {
                "projectName": "oss-fuzz",
                "localId": 36930,
                "commenter": {
                    "userId": "382749006",
                    "displayName": "ClusterFuzz-External"
                },
                "timestamp": 1628298462,
                "content": "Detailed Report: https://oss-fuzz.com/testcase?key=5644639578226688\n\nProject: mruby\nFuzzing Engine: libFuzzer\nFuzz Target: mruby_fuzzer\nJob Type: libfuzzer_asan_mruby\nPlatform Id: linux\n\nCrash Type: UNKNOWN READ\nCrash Address: 0x009c5fff8002\nCrash State:\n  mrb_check_frozen\n  mrb_str_modify_keep_ascii\n  mrb_str_modify\n  \nSanitizer: address (ASAN)\n\nRecommended Security Severity: Medium\n\nRegressed: https://oss-fuzz.com/revisions?job=libfuzzer_asan_mruby&range=202108010605:202108020611\n\nReproducer Testcase: https://oss-fuzz.com/download?testcase_id=5644639578226688\n\nIssue filed automatically.\n\nSee https://google.github.io/oss-fuzz/advanced-topics/reproducing for instructions to reproduce this bug locally.\nWhen you fix this bug, please\n  * mention the fix revision(s).\n  * state whether the bug was a short-lived regression or an old bug in any stable releases.\n  * add any other useful information.\nThis information can help downstream consumers.\n\nIf you need to contact the OSS-Fuzz team with a question, concern, or any other feedback, please file an issue at https://github.com/google/oss-fuzz/issues. Comments on individual Monorail issues are not monitored.\n\nThis bug is subject to a 90 day disclosure deadline. If 90 days elapse\nwithout an upstream patch, then the bug report will automatically\nbecome visible to the public.",
                "descriptionNum": 1
            },
            {
                "projectName": "oss-fuzz",
                "localId": 36930,
                "sequenceNum": 1,
                "commenter": {
                    "userId": "3755171593",
                    "displayName": "yukih...@gmail.com"
                },
                "timestamp": 1628306256,
                "content": "Caused by 1315e8751e70937e4cf43ba9225ea0cfaa67689d\nFixed by 06f49b3f84e799f08a80b16054eda916f2d32819"
            },
            {
                "projectName": "oss-fuzz",
                "localId": 36930,
                "sequenceNum": 2,
                "commenter": {
                    "userId": "382749006",
                    "displayName": "ClusterFuzz-External"
                },
                "timestamp": 1628346542,
                "content": "ClusterFuzz testcase 5644639578226688 is verified as fixed in https://oss-fuzz.com/revisions?job=libfuzzer_asan_mruby&range=202108060612:202108070607\n\nIf this is incorrect, please file a bug on https://github.com/google/oss-fuzz/issues/new",
                "amendments": [
                    {
                        "fieldName": "Status",
                        "newOrDeltaValue": "Verified",
                        "oldValue": "New"
                    },
                    {
                        "fieldName": "Labels",
                        "newOrDeltaValue": "ClusterFuzz-Verified"
                    }
                ]
            },
            {
                "projectName": "oss-fuzz",
                "localId": 36930,
                "sequenceNum": 3,
                "commenter": {
                    "userId": "1950284618",
                    "displayName": "sheriffbot"
                },
                "timestamp": 1628361695,
                "content": "This bug has been fixed. It has been opened to the public.\n\n- Your friendly Sheriffbot",
                "amendments": [
                    {
                        "fieldName": "Labels",
                        "newOrDeltaValue": "-restrict-view-commit"
                    }
                ]
            }
        ]
    },
    "fix_commit": "06f49b3f84e799f08a80b16054eda916f2d32819",
    "repo_addr": "https://github.com/mruby/mruby"
}