{
    "fix": "https://github.com/mruby/mruby/commit/26ce85bd5de515906e01fdeeac774316628ad599",
    "verify": "0",
    "localId": 49493,
    "project": "mruby",
    "fuzzer": "libfuzzer",
    "sanitizer": "asan",
    "crash_type": "Segv on unknown address",
    "report": {
        "comments": [
            {
                "projectName": "oss-fuzz",
                "localId": 49493,
                "commenter": {
                    "userId": "382749006",
                    "displayName": "ClusterFuzz-External"
                },
                "timestamp": 1658772397,
                "content": "Detailed Report: https://oss-fuzz.com/testcase?key=5928940010602496\n\nProject: mruby\nFuzzing Engine: libFuzzer\nFuzz Target: mruby_fuzzer\nJob Type: libfuzzer_asan_mruby\nPlatform Id: linux\n\nCrash Type: Segv on unknown address\nCrash Address: \nCrash State:\n  mrb_bint_cmp\n  cmpnum\n  num_cmp\n  \nSanitizer: address (ASAN)\n\nRegressed: https://oss-fuzz.com/revisions?job=libfuzzer_asan_mruby&range=202207230610:202207240606\n\nReproducer Testcase: https://oss-fuzz.com/download?testcase_id=5928940010602496\n\nIssue filed automatically.\n\nSee https://google.github.io/oss-fuzz/advanced-topics/reproducing for instructions to reproduce this bug locally.\nWhen you fix this bug, please\n  * mention the fix revision(s).\n  * state whether the bug was a short-lived regression or an old bug in any stable releases.\n  * add any other useful information.\nThis information can help downstream consumers.\n\nIf you need to contact the OSS-Fuzz team with a question, concern, or any other feedback, please file an issue at https://github.com/google/oss-fuzz/issues. Comments on individual Monorail issues are not monitored.\n\nThis bug is subject to a 90 day disclosure deadline. If 90 days elapse\nwithout an upstream patch, then the bug report will automatically\nbecome visible to the public.",
                "descriptionNum": 1
            },
            {
                "projectName": "oss-fuzz",
                "localId": 49493,
                "sequenceNum": 1,
                "commenter": {
                    "userId": "1950284618",
                    "displayName": "sheriffbot"
                },
                "timestamp": 1658775619,
                "amendments": [
                    {
                        "fieldName": "Labels",
                        "newOrDeltaValue": "Disclosure-2022-10-24"
                    }
                ]
            },
            {
                "projectName": "oss-fuzz",
                "localId": 49493,
                "sequenceNum": 2,
                "commenter": {
                    "userId": "3755171593",
                    "displayName": "yukih...@gmail.com"
                },
                "timestamp": 1658790419,
                "content": "Fixed by 26ce85bd5de515906e01fdeeac774316628ad599"
            },
            {
                "projectName": "oss-fuzz",
                "localId": 49493,
                "sequenceNum": 3,
                "commenter": {
                    "userId": "382749006",
                    "displayName": "ClusterFuzz-External"
                },
                "timestamp": 1658851387,
                "content": "ClusterFuzz testcase 5928940010602496 is verified as fixed in https://oss-fuzz.com/revisions?job=libfuzzer_asan_mruby&range=202207250608:202207260607\n\nIf this is incorrect, please file a bug on https://github.com/google/oss-fuzz/issues/new",
                "amendments": [
                    {
                        "fieldName": "Status",
                        "newOrDeltaValue": "Verified",
                        "oldValue": "New"
                    },
                    {
                        "fieldName": "Labels",
                        "newOrDeltaValue": "ClusterFuzz-Verified"
                    }
                ]
            },
            {
                "projectName": "oss-fuzz",
                "localId": 49493,
                "sequenceNum": 4,
                "commenter": {
                    "userId": "1950284618",
                    "displayName": "sheriffbot"
                },
                "timestamp": 1658861283,
                "content": "This bug has been fixed. It has been opened to the public.\n\n- Your friendly Sheriffbot",
                "amendments": [
                    {
                        "fieldName": "Labels",
                        "newOrDeltaValue": "-restrict-view-commit"
                    }
                ]
            }
        ]
    },
    "fix_commit": "26ce85bd5de515906e01fdeeac774316628ad599",
    "repo_addr": "https://github.com/mruby/mruby"
}