{
    "fix": "https://github.com/mruby/mruby/commit/9fcfd01f205fdd092be0932ac0b7a6a4eb29d2b3",
    "verify": "0",
    "localId": 53161,
    "project": "mruby",
    "fuzzer": "libfuzzer",
    "sanitizer": "asan",
    "crash_type": "UNKNOWN READ",
    "severity": "Medium",
    "report": {
        "comments": [
            {
                "projectName": "oss-fuzz",
                "localId": 53161,
                "commenter": {
                    "userId": "382749006",
                    "displayName": "ClusterFuzz-External"
                },
                "timestamp": 1667983035,
                "content": "Detailed Report: https://oss-fuzz.com/testcase?key=6294122415915008\n\nProject: mruby\nFuzzing Engine: libFuzzer\nFuzz Target: mruby_fuzzer\nJob Type: libfuzzer_asan_mruby\nPlatform Id: linux\n\nCrash Type: UNKNOWN READ\nCrash Address: 0x62efa1e50b28\nCrash State:\n  pack_unpack\n  mrb_pack_unpack\n  mrb_vm_exec\n  \nSanitizer: address (ASAN)\n\nRecommended Security Severity: Medium\n\nRegressed: https://oss-fuzz.com/revisions?job=libfuzzer_asan_mruby&range=202211070614:202211080612\n\nReproducer Testcase: https://oss-fuzz.com/download?testcase_id=6294122415915008\n\nIssue filed automatically.\n\nSee https://google.github.io/oss-fuzz/advanced-topics/reproducing for instructions to reproduce this bug locally.\nWhen you fix this bug, please\n  * mention the fix revision(s).\n  * state whether the bug was a short-lived regression or an old bug in any stable releases.\n  * add any other useful information.\nThis information can help downstream consumers.\n\nIf you need to contact the OSS-Fuzz team with a question, concern, or any other feedback, please file an issue at https://github.com/google/oss-fuzz/issues. Comments on individual Monorail issues are not monitored.\n\nThis bug is subject to a 90 day disclosure deadline. If 90 days elapse\nwithout an upstream patch, then the bug report will automatically\nbecome visible to the public.",
                "descriptionNum": 1
            },
            {
                "projectName": "oss-fuzz",
                "localId": 53161,
                "sequenceNum": 1,
                "commenter": {
                    "userId": "1950284618",
                    "displayName": "sheriffbot"
                },
                "timestamp": 1668023852,
                "amendments": [
                    {
                        "fieldName": "Labels",
                        "newOrDeltaValue": "Disclosure-2023-02-07"
                    }
                ]
            },
            {
                "projectName": "oss-fuzz",
                "localId": 53161,
                "sequenceNum": 2,
                "commenter": {
                    "userId": "3755171593",
                    "displayName": "yukih...@gmail.com"
                },
                "timestamp": 1668121957,
                "content": "Fixed by 9fcfd01f205fdd092be0932ac0b7a6a4eb29d2b3"
            },
            {
                "projectName": "oss-fuzz",
                "localId": 53161,
                "sequenceNum": 3,
                "commenter": {
                    "userId": "382749006",
                    "displayName": "ClusterFuzz-External"
                },
                "timestamp": 1668182841,
                "content": "ClusterFuzz testcase 6294122415915008 is verified as fixed in https://oss-fuzz.com/revisions?job=libfuzzer_asan_mruby&range=202211100606:202211110611\n\nIf this is incorrect, please file a bug on https://github.com/google/oss-fuzz/issues/new",
                "amendments": [
                    {
                        "fieldName": "Status",
                        "newOrDeltaValue": "Verified",
                        "oldValue": "New"
                    },
                    {
                        "fieldName": "Labels",
                        "newOrDeltaValue": "ClusterFuzz-Verified"
                    }
                ]
            },
            {
                "projectName": "oss-fuzz",
                "localId": 53161,
                "sequenceNum": 4,
                "commenter": {
                    "userId": "1950284618",
                    "displayName": "sheriffbot"
                },
                "timestamp": 1668196065,
                "content": "This bug has been fixed. It has been opened to the public.\n\n- Your friendly Sheriffbot",
                "amendments": [
                    {
                        "fieldName": "Labels",
                        "newOrDeltaValue": "-restrict-view-commit"
                    }
                ]
            }
        ]
    },
    "fix_commit": "9fcfd01f205fdd092be0932ac0b7a6a4eb29d2b3",
    "repo_addr": "https://github.com/mruby/mruby"
}