{
    "fix": "https://github.com/mruby/mruby/commit/af59e30710ea72aa479e6d26ae5c6951d1954d11",
    "verify": "0",
    "localId": 56687,
    "project": "mruby",
    "fuzzer": "libfuzzer",
    "sanitizer": "asan",
    "crash_type": "UNKNOWN READ",
    "severity": "Medium",
    "report": {
        "comments": [
            {
                "projectName": "oss-fuzz",
                "localId": 56687,
                "commenter": {
                    "userId": "382749006",
                    "displayName": "ClusterFuzz-External"
                },
                "timestamp": 1677989938,
                "content": "Detailed Report: https://oss-fuzz.com/testcase?key=6373983743508480\n\nProject: mruby\nFuzzing Engine: libFuzzer\nFuzz Target: mruby_fuzzer\nJob Type: libfuzzer_asan_mruby\nPlatform Id: linux\n\nCrash Type: UNKNOWN READ\nCrash Address: 0x383832313034\nCrash State:\n  mrb_vm_find_method\n  mrb_vm_exec\n  mrb_vm_run\n  \nSanitizer: address (ASAN)\n\nRecommended Security Severity: Medium\n\nRegressed: https://oss-fuzz.com/revisions?job=libfuzzer_asan_mruby&range=202212060611:202212070606\n\nReproducer Testcase: https://oss-fuzz.com/download?testcase_id=6373983743508480\n\nIssue filed automatically.\n\nSee https://google.github.io/oss-fuzz/advanced-topics/reproducing for instructions to reproduce this bug locally.\nWhen you fix this bug, please\n  * mention the fix revision(s).\n  * state whether the bug was a short-lived regression or an old bug in any stable releases.\n  * add any other useful information.\nThis information can help downstream consumers.\n\nIf you need to contact the OSS-Fuzz team with a question, concern, or any other feedback, please file an issue at https://github.com/google/oss-fuzz/issues. Comments on individual Monorail issues are not monitored.\n\nThis bug is subject to a 90 day disclosure deadline. If 90 days elapse\nwithout an upstream patch, then the bug report will automatically\nbecome visible to the public.",
                "descriptionNum": 1
            },
            {
                "projectName": "oss-fuzz",
                "localId": 56687,
                "sequenceNum": 1,
                "commenter": {
                    "userId": "1950284618",
                    "displayName": "sheriffbot"
                },
                "timestamp": 1678046204,
                "amendments": [
                    {
                        "fieldName": "Labels",
                        "newOrDeltaValue": "Disclosure-2023-06-05"
                    }
                ]
            },
            {
                "projectName": "oss-fuzz",
                "localId": 56687,
                "sequenceNum": 2,
                "commenter": {
                    "userId": "3755171593",
                    "displayName": "yukih...@gmail.com"
                },
                "timestamp": 1678701843,
                "content": "Fixed by 8d1192f8a28034b1931a41e8c55cd86715101d0c"
            },
            {
                "projectName": "oss-fuzz",
                "localId": 56687,
                "sequenceNum": 3,
                "commenter": {
                    "userId": "382749006",
                    "displayName": "ClusterFuzz-External"
                },
                "timestamp": 1678809431,
                "content": "ClusterFuzz testcase 6373983743508480 is verified as fixed in https://oss-fuzz.com/revisions?job=libfuzzer_asan_mruby&range=202303130610:202303140619\n\nIf this is incorrect, please file a bug on https://github.com/google/oss-fuzz/issues/new",
                "amendments": [
                    {
                        "fieldName": "Status",
                        "newOrDeltaValue": "Verified",
                        "oldValue": "New"
                    },
                    {
                        "fieldName": "Labels",
                        "newOrDeltaValue": "ClusterFuzz-Verified"
                    }
                ]
            },
            {
                "projectName": "oss-fuzz",
                "localId": 56687,
                "sequenceNum": 4,
                "commenter": {
                    "userId": "1950284618",
                    "displayName": "sheriffbot"
                },
                "timestamp": 1678819696,
                "content": "This bug has been fixed. It has been opened to the public.\n\n- Your friendly Sheriffbot",
                "amendments": [
                    {
                        "fieldName": "Labels",
                        "newOrDeltaValue": "-restrict-view-commit"
                    }
                ]
            }
        ]
    },
    "fix_commit": "af59e30710ea72aa479e6d26ae5c6951d1954d11",
    "repo_addr": "https://github.com/mruby/mruby"
}