{
    "fix": "https://github.com/mruby/mruby/commit/393aaada64a7ec77313ef2516fce1c2052b547c8",
    "verify": "0",
    "localId": 62500,
    "project": "mruby",
    "fuzzer": "afl",
    "sanitizer": "asan",
    "crash_type": "Heap-buffer-overflow READ 1",
    "severity": "Medium",
    "report": {
        "comments": [
            {
                "projectName": "oss-fuzz",
                "localId": 62500,
                "commenter": {
                    "userId": "382749006",
                    "displayName": "ClusterFuzz-External"
                },
                "timestamp": 1695106637,
                "content": "Detailed Report: https://oss-fuzz.com/testcase?key=5584468330807296\n\nProject: mruby\nFuzzing Engine: afl\nFuzz Target: mruby_fuzzer\nJob Type: afl_asan_mruby\nPlatform Id: linux\n\nCrash Type: Heap-buffer-overflow READ 1\nCrash Address: 0x60300000047d\nCrash State:\n  read_tmpl\n  mrb_pack_pack\n  mrb_vm_exec\n  \nSanitizer: address (ASAN)\n\nRecommended Security Severity: Medium\n\nRegressed: https://oss-fuzz.com/revisions?job=afl_asan_mruby&range=202307300622:202307310617\n\nReproducer Testcase: https://oss-fuzz.com/download?testcase_id=5584468330807296\n\nIssue filed automatically.\n\nSee https://google.github.io/oss-fuzz/advanced-topics/reproducing for instructions to reproduce this bug locally.\nWhen you fix this bug, please\n  * mention the fix revision(s).\n  * state whether the bug was a short-lived regression or an old bug in any stable releases.\n  * add any other useful information.\nThis information can help downstream consumers.\n\nIf you need to contact the OSS-Fuzz team with a question, concern, or any other feedback, please file an issue at https://github.com/google/oss-fuzz/issues. Comments on individual Monorail issues are not monitored.\n\nThis bug is subject to a 90 day disclosure deadline. If 90 days elapse\nwithout an upstream patch, then the bug report will automatically\nbecome visible to the public.",
                "descriptionNum": 1
            },
            {
                "projectName": "oss-fuzz",
                "localId": 62500,
                "sequenceNum": 1,
                "commenter": {
                    "userId": "1950284618",
                    "displayName": "sheriffbot"
                },
                "timestamp": 1695150582,
                "amendments": [
                    {
                        "fieldName": "Labels",
                        "newOrDeltaValue": "Disclosure-2023-12-18"
                    }
                ]
            },
            {
                "projectName": "oss-fuzz",
                "localId": 62500,
                "sequenceNum": 2,
                "commenter": {
                    "userId": "3755171593",
                    "displayName": "yukih...@gmail.com"
                },
                "timestamp": 1695171179,
                "content": "Fixed by 393aaada64a7ec77313ef2516fce1c2052b547c8"
            },
            {
                "projectName": "oss-fuzz",
                "localId": 62500,
                "sequenceNum": 3,
                "commenter": {
                    "userId": "382749006",
                    "displayName": "ClusterFuzz-External"
                },
                "timestamp": 1695210592,
                "content": "ClusterFuzz testcase 5584468330807296 is verified as fixed in https://oss-fuzz.com/revisions?job=afl_asan_mruby&range=202309190605:202309200616\n\nIf this is incorrect, please file a bug on https://github.com/google/oss-fuzz/issues/new",
                "amendments": [
                    {
                        "fieldName": "Status",
                        "newOrDeltaValue": "Verified",
                        "oldValue": "New"
                    },
                    {
                        "fieldName": "Labels",
                        "newOrDeltaValue": "ClusterFuzz-Verified"
                    }
                ]
            },
            {
                "projectName": "oss-fuzz",
                "localId": 62500,
                "sequenceNum": 4,
                "commenter": {
                    "userId": "1950284618",
                    "displayName": "sheriffbot"
                },
                "timestamp": 1695236091,
                "content": "This bug has been fixed. It has been opened to the public.\n\n- Your friendly Sheriffbot",
                "amendments": [
                    {
                        "fieldName": "Labels",
                        "newOrDeltaValue": "-restrict-view-commit"
                    }
                ]
            }
        ]
    },
    "fix_commit": "393aaada64a7ec77313ef2516fce1c2052b547c8",
    "repo_addr": "https://github.com/mruby/mruby"
}