{
    "fix": "https://github.com/mruby/mruby/commit/abcad36bae43f2c7cb8c2b1753dc94ab4cf25366",
    "verify": "0",
    "localId": 66426,
    "project": "mruby",
    "fuzzer": "afl",
    "sanitizer": "asan",
    "crash_type": "Heap-buffer-overflow READ 8",
    "severity": "Medium",
    "report": {
        "comments": [
            {
                "projectName": "oss-fuzz",
                "localId": 66426,
                "commenter": {
                    "userId": "382749006",
                    "displayName": "ClusterFuzz-External"
                },
                "timestamp": 1706964868,
                "content": "Detailed Report: https://oss-fuzz.com/testcase?key=4655387206811648\n\nProject: mruby\nFuzzing Engine: afl\nFuzz Target: mruby_fuzzer\nJob Type: afl_asan_mruby\nPlatform Id: linux\n\nCrash Type: Heap-buffer-overflow READ 8\nCrash Address: 0x6030000003ed\nCrash State:\n  mrb_memsearch\n  str_convert_range\n  mrb_str_aref\n  \nSanitizer: address (ASAN)\n\nRecommended Security Severity: Medium\n\nRegressed: https://oss-fuzz.com/revisions?job=afl_asan_mruby&range=202401260603:202401270600\n\nReproducer Testcase: https://oss-fuzz.com/download?testcase_id=4655387206811648\n\nIssue filed automatically.\n\nSee https://google.github.io/oss-fuzz/advanced-topics/reproducing for instructions to reproduce this bug locally.\nWhen you fix this bug, please\n  * mention the fix revision(s).\n  * state whether the bug was a short-lived regression or an old bug in any stable releases.\n  * add any other useful information.\nThis information can help downstream consumers.\n\nIf you need to contact the OSS-Fuzz team with a question, concern, or any other feedback, please file an issue at https://github.com/google/oss-fuzz/issues. Comments on individual Monorail issues are not monitored.\n\nThis bug is subject to a 90 day disclosure deadline. If 90 days elapse\nwithout an upstream patch, then the bug report will automatically\nbecome visible to the public.",
                "descriptionNum": 1
            },
            {
                "projectName": "oss-fuzz",
                "localId": 66426,
                "sequenceNum": 1,
                "commenter": {
                    "userId": "382749006",
                    "displayName": "ClusterFuzz-External"
                },
                "timestamp": 1706975042,
                "content": "This crash occurs very frequently on linux platform and is likely preventing the fuzzer mruby_fuzzer from making much progress. Fixing this will allow more bugs to be found.\n\nIf this is incorrect, please file a bug on https://github.com/google/oss-fuzz/issues/new",
                "amendments": [
                    {
                        "fieldName": "Labels",
                        "newOrDeltaValue": "Fuzz-Blocker"
                    }
                ]
            },
            {
                "projectName": "oss-fuzz",
                "localId": 66426,
                "sequenceNum": 2,
                "commenter": {
                    "userId": "1950284618",
                    "displayName": "sheriffbot"
                },
                "timestamp": 1706989599,
                "amendments": [
                    {
                        "fieldName": "Labels",
                        "newOrDeltaValue": "Disclosure-2024-05-03"
                    }
                ]
            },
            {
                "projectName": "oss-fuzz",
                "localId": 66426,
                "sequenceNum": 3,
                "commenter": {
                    "userId": "3755171593",
                    "displayName": "yukih...@gmail.com"
                },
                "timestamp": 1707473390,
                "content": "Fixed by abcad36bae43f2c7cb8c2b1753dc94ab4cf25366"
            },
            {
                "projectName": "oss-fuzz",
                "localId": 66426,
                "sequenceNum": 4,
                "commenter": {
                    "userId": "382749006",
                    "displayName": "ClusterFuzz-External"
                },
                "timestamp": 1707645246,
                "content": "ClusterFuzz testcase 4655387206811648 is verified as fixed in https://oss-fuzz.com/revisions?job=afl_asan_mruby&range=202402090624:202402100609\n\nIf this is incorrect, please file a bug on https://github.com/google/oss-fuzz/issues/new",
                "amendments": [
                    {
                        "fieldName": "Status",
                        "newOrDeltaValue": "Verified",
                        "oldValue": "New"
                    },
                    {
                        "fieldName": "Labels",
                        "newOrDeltaValue": "ClusterFuzz-Verified"
                    }
                ]
            },
            {
                "projectName": "oss-fuzz",
                "localId": 66426,
                "sequenceNum": 5,
                "commenter": {
                    "userId": "1950284618",
                    "displayName": "sheriffbot"
                },
                "timestamp": 1707680516,
                "content": "This bug has been fixed. It has been opened to the public.\n\n- Your friendly Sheriffbot",
                "amendments": [
                    {
                        "fieldName": "Labels",
                        "newOrDeltaValue": "-restrict-view-commit"
                    }
                ]
            }
        ]
    },
    "fix_commit": "abcad36bae43f2c7cb8c2b1753dc94ab4cf25366",
    "repo_addr": "https://github.com/mruby/mruby"
}