{
    "fix": "https://github.com/bellard/quickjs/commit/df3781d08265c1a295aef9136c249b408d3a7c95",
    "verify": "0",
    "localId": 65393,
    "project": "quickjs",
    "fuzzer": "libfuzzer",
    "sanitizer": "asan",
    "crash_type": "Heap-use-after-free WRITE 8",
    "severity": "High",
    "report": {
        "comments": [
            {
                "projectName": "oss-fuzz",
                "localId": 65393,
                "commenter": {
                    "userId": "382749006",
                    "displayName": "ClusterFuzz-External"
                },
                "timestamp": 1703790777,
                "content": "Detailed Report: https://oss-fuzz.com/testcase?key=5135147590549504\n\nProject: quickjs\nFuzzing Engine: libFuzzer\nFuzz Target: fuzz_eval\nJob Type: libfuzzer_asan_quickjs\nPlatform Id: linux\n\nCrash Type: Heap-use-after-free WRITE 8\nCrash Address: 0x60f000c04f40\nCrash State:\n  JS_NewObjectFromShape\n  js_parse_template\n  js_parse_postfix_expr\n  \nSanitizer: address (ASAN)\n\nRecommended Security Severity: High\n\nRegressed: https://oss-fuzz.com/revisions?job=libfuzzer_asan_quickjs&range=202312270609:202312280611\n\nReproducer Testcase: https://oss-fuzz.com/download?testcase_id=5135147590549504\n\nIssue filed automatically.\n\nSee https://google.github.io/oss-fuzz/advanced-topics/reproducing for instructions to reproduce this bug locally.\nWhen you fix this bug, please\n  * mention the fix revision(s).\n  * state whether the bug was a short-lived regression or an old bug in any stable releases.\n  * add any other useful information.\nThis information can help downstream consumers.\n\nIf you need to contact the OSS-Fuzz team with a question, concern, or any other feedback, please file an issue at https://github.com/google/oss-fuzz/issues. Comments on individual Monorail issues are not monitored.\n\nThis bug is subject to a 90 day disclosure deadline. If 90 days elapse\nwithout an upstream patch, then the bug report will automatically\nbecome visible to the public.",
                "descriptionNum": 1
            },
            {
                "projectName": "oss-fuzz",
                "localId": 65393,
                "sequenceNum": 1,
                "commenter": {
                    "userId": "1950284618",
                    "displayName": "sheriffbot"
                },
                "timestamp": 1703793998,
                "amendments": [
                    {
                        "fieldName": "Labels",
                        "newOrDeltaValue": "Disclosure-2024-03-27"
                    }
                ]
            },
            {
                "projectName": "oss-fuzz",
                "localId": 65393,
                "sequenceNum": 2,
                "commenter": {
                    "userId": "382749006",
                    "displayName": "ClusterFuzz-External"
                },
                "timestamp": 1704710824,
                "content": "ClusterFuzz testcase 5135147590549504 is verified as fixed in https://oss-fuzz.com/revisions?job=libfuzzer_asan_quickjs&range=202401060627:202401070612\n\nIf this is incorrect, please file a bug on https://github.com/google/oss-fuzz/issues/new",
                "amendments": [
                    {
                        "fieldName": "Status",
                        "newOrDeltaValue": "Verified",
                        "oldValue": "New"
                    },
                    {
                        "fieldName": "Labels",
                        "newOrDeltaValue": "ClusterFuzz-Verified"
                    }
                ]
            },
            {
                "projectName": "oss-fuzz",
                "localId": 65393,
                "sequenceNum": 3,
                "commenter": {
                    "userId": "1950284618",
                    "displayName": "sheriffbot"
                },
                "timestamp": 1704743966,
                "content": "This bug has been fixed. It has been opened to the public.\n\n- Your friendly Sheriffbot",
                "amendments": [
                    {
                        "fieldName": "Labels",
                        "newOrDeltaValue": "-restrict-view-commit"
                    }
                ]
            }
        ]
    },
    "fix_commit": "df3781d08265c1a295aef9136c249b408d3a7c95",
    "repo_addr": "https://github.com/bellard/quickjs"
}