{
    "fix": "https://github.com/mm2/Little-CMS/commit/959064542d2ea82f97bb409dda4df471efc53feb",
    "verify": "0",
    "localId": 49461,
    "project": "lcms",
    "fuzzer": "libfuzzer",
    "sanitizer": "asan",
    "crash_type": "Heap-buffer-overflow READ 2",
    "severity": "Medium",
    "report": {
        "comments": [
            {
                "localId": 49461,
                "descriptionNum": 1,
                "projectName": "oss-fuzz",
                "commenter": {
                    "displayName": "ClusterFuzz-External",
                    "userId": "382749006"
                },
                "content": "Detailed Report: https://oss-fuzz.com/testcase?key=4642337661255680\n\nProject: lcms\nFuzzing Engine: libFuzzer\nFuzz Target: cms_profile_fuzzer\nJob Type: libfuzzer_asan_lcms\nPlatform Id: linux\n\nCrash Type: Heap-buffer-overflow READ 2\nCrash Address: 0x6020000001f4\nCrash State:\n  Write16bitTables\n  Type_LUT16_Write\n  SaveTags\n  \nSanitizer: address (ASAN)\n\nRecommended Security Severity: Medium\n\nRegressed: https://oss-fuzz.com/revisions?job=libfuzzer_asan_lcms&range=202207230605:202207240600\n\nReproducer Testcase: https://oss-fuzz.com/download?testcase_id=4642337661255680\n\nIssue filed automatically.\n\nSee https://google.github.io/oss-fuzz/advanced-topics/reproducing for instructions to reproduce this bug locally.\nWhen you fix this bug, please\n  * mention the fix revision(s).\n  * state whether the bug was a short-lived regression or an old bug in any stable releases.\n  * add any other useful information.\nThis information can help downstream consumers.\n\nIf you need to contact the OSS-Fuzz team with a question, concern, or any other feedback, please file an issue at https://github.com/google/oss-fuzz/issues. Comments on individual Monorail issues are not monitored.\n\nThis bug is subject to a 90 day disclosure deadline. If 90 days elapse\nwithout an upstream patch, then the bug report will automatically\nbecome visible to the public.",
                "timestamp": 1658702906
            },
            {
                "amendments": [
                    {
                        "fieldName": "Labels",
                        "newOrDeltaValue": "Disclosure-2022-10-24"
                    }
                ],
                "localId": 49461,
                "projectName": "oss-fuzz",
                "commenter": {
                    "displayName": "sheriffbot",
                    "userId": "1950284618"
                },
                "sequenceNum": 1,
                "timestamp": 1658775605
            },
            {
                "amendments": [
                    {
                        "fieldName": "Cc",
                        "newOrDeltaValue": "da...@adalogics.com"
                    }
                ],
                "localId": 49461,
                "projectName": "oss-fuzz",
                "commenter": {
                    "displayName": "ClusterFuzz-External",
                    "userId": "382749006"
                },
                "sequenceNum": 2,
                "timestamp": 1658783359
            },
            {
                "amendments": [
                    {
                        "fieldName": "Labels",
                        "newOrDeltaValue": "Fuzz-Blocker"
                    }
                ],
                "localId": 49461,
                "projectName": "oss-fuzz",
                "commenter": {
                    "displayName": "ClusterFuzz-External",
                    "userId": "382749006"
                },
                "content": "This crash occurs very frequently on linux platform and is likely preventing the fuzzer cms_profile_fuzzer from making much progress. Fixing this will allow more bugs to be found.\n\nIf this is incorrect, please file a bug on https://github.com/google/oss-fuzz/issues/new",
                "sequenceNum": 3,
                "timestamp": 1659132752
            },
            {
                "amendments": [
                    {
                        "fieldName": "Status",
                        "oldValue": "New",
                        "newOrDeltaValue": "Verified"
                    },
                    {
                        "fieldName": "Labels",
                        "newOrDeltaValue": "ClusterFuzz-Verified"
                    }
                ],
                "localId": 49461,
                "projectName": "oss-fuzz",
                "commenter": {
                    "displayName": "ClusterFuzz-External",
                    "userId": "382749006"
                },
                "content": "ClusterFuzz testcase 4642337661255680 is verified as fixed in https://oss-fuzz.com/revisions?job=libfuzzer_asan_lcms&range=202208120601:202208130601\n\nIf this is incorrect, please file a bug on https://github.com/google/oss-fuzz/issues/new",
                "sequenceNum": 4,
                "timestamp": 1660400254
            },
            {
                "amendments": [
                    {
                        "fieldName": "Labels",
                        "newOrDeltaValue": "-restrict-view-commit"
                    }
                ],
                "localId": 49461,
                "projectName": "oss-fuzz",
                "commenter": {
                    "displayName": "sheriffbot",
                    "userId": "1950284618"
                },
                "content": "This bug has been fixed. It has been opened to the public.\n\n- Your friendly Sheriffbot",
                "sequenceNum": 5,
                "timestamp": 1660415894
            }
        ]
    },
    "fix_commit": "959064542d2ea82f97bb409dda4df471efc53feb",
    "repo_addr": "https://github.com/mm2/Little-CMS.git"
}