{
    "fix": "https://github.com/mm2/Little-CMS/commit/62aca4b8148bcfb85d798e2a70612e0ce833551b",
    "verify": "0",
    "localId": 50833,
    "project": "lcms",
    "fuzzer": "libfuzzer",
    "sanitizer": "asan",
    "crash_type": "Null-dereference READ",
    "report": {
        "comments": [
            {
                "localId": 50833,
                "descriptionNum": 1,
                "projectName": "oss-fuzz",
                "commenter": {
                    "displayName": "ClusterFuzz-External",
                    "userId": "382749006"
                },
                "content": "Detailed Report: https://oss-fuzz.com/testcase?key=5199561756377088\n\nProject: lcms\nFuzzing Engine: libFuzzer\nFuzz Target: cms_universal_transform_fuzzer\nJob Type: libfuzzer_asan_i386_lcms\nPlatform Id: linux\n\nCrash Type: Null-dereference READ\nCrash Address: 0x00000000\nCrash State:\n  NULL\nSanitizer: address (ASAN)\n\nRegressed: https://oss-fuzz.com/revisions?job=libfuzzer_asan_i386_lcms&range=202208300606:202208310613\n\nReproducer Testcase: https://oss-fuzz.com/download?testcase_id=5199561756377088\n\nIssue filed automatically.\n\nSee https://google.github.io/oss-fuzz/advanced-topics/reproducing for instructions to reproduce this bug locally.\nWhen you fix this bug, please\n  * mention the fix revision(s).\n  * state whether the bug was a short-lived regression or an old bug in any stable releases.\n  * add any other useful information.\nThis information can help downstream consumers.\n\nIf you need to contact the OSS-Fuzz team with a question, concern, or any other feedback, please file an issue at https://github.com/google/oss-fuzz/issues. Comments on individual Monorail issues are not monitored.\n\nThis bug is subject to a 90 day disclosure deadline. If 90 days elapse\nwithout an upstream patch, then the bug report will automatically\nbecome visible to the public.",
                "timestamp": 1661970820
            },
            {
                "amendments": [
                    {
                        "fieldName": "Labels",
                        "newOrDeltaValue": "Disclosure-2022-11-29"
                    }
                ],
                "localId": 50833,
                "projectName": "oss-fuzz",
                "commenter": {
                    "displayName": "sheriffbot",
                    "userId": "1950284618"
                },
                "sequenceNum": 1,
                "timestamp": 1661971934
            },
            {
                "amendments": [
                    {
                        "fieldName": "Status",
                        "oldValue": "New",
                        "newOrDeltaValue": "Verified"
                    },
                    {
                        "fieldName": "Labels",
                        "newOrDeltaValue": "ClusterFuzz-Verified"
                    }
                ],
                "localId": 50833,
                "projectName": "oss-fuzz",
                "commenter": {
                    "displayName": "ClusterFuzz-External",
                    "userId": "382749006"
                },
                "content": "ClusterFuzz testcase 5199561756377088 is verified as fixed in https://oss-fuzz.com/revisions?job=libfuzzer_asan_i386_lcms&range=202208310613:202209010604\n\nIf this is incorrect, please file a bug on https://github.com/google/oss-fuzz/issues/new",
                "sequenceNum": 2,
                "timestamp": 1662046108
            },
            {
                "amendments": [
                    {
                        "fieldName": "Labels",
                        "newOrDeltaValue": "-restrict-view-commit"
                    }
                ],
                "localId": 50833,
                "projectName": "oss-fuzz",
                "commenter": {
                    "displayName": "sheriffbot",
                    "userId": "1950284618"
                },
                "content": "This bug has been fixed. It has been opened to the public.\n\n- Your friendly Sheriffbot",
                "sequenceNum": 3,
                "timestamp": 1662576817
            }
        ]
    },
    "fix_commit": "62aca4b8148bcfb85d798e2a70612e0ce833551b",
    "repo_addr": "https://github.com/mm2/Little-CMS.git"
}