{
    "fix": "https://github.com/mm2/Little-CMS/commit/c3c1ec2e0ad166586dda191a9aba268d7ce98e3b",
    "verify": "0",
    "localId": 63954,
    "project": "lcms",
    "fuzzer": "libfuzzer",
    "sanitizer": "asan",
    "crash_type": "UNKNOWN READ",
    "severity": "Medium",
    "report": {
        "comments": [
            {
                "projectName": "oss-fuzz",
                "localId": 63954,
                "commenter": {
                    "userId": "382749006",
                    "displayName": "ClusterFuzz-External"
                },
                "timestamp": 1699393140,
                "content": "Detailed Report: https://oss-fuzz.com/testcase?key=5109523450560512\n\nProject: lcms\nFuzzing Engine: libFuzzer\nFuzz Target: cms_cgats_fuzzer\nJob Type: libfuzzer_asan_lcms\nPlatform Id: linux\n\nCrash Type: UNKNOWN READ\nCrash Address: 0x629f37f87d98\nCrash State:\n  cmsIT8GetDataRowColDbl\n  cms_cgats_fuzzer.c\n  \nSanitizer: address (ASAN)\n\nRecommended Security Severity: Medium\n\nRegressed: https://oss-fuzz.com/revisions?job=libfuzzer_asan_lcms&range=202311060610:202311070626\n\nReproducer Testcase: https://oss-fuzz.com/download?testcase_id=5109523450560512\n\nIssue filed automatically.\n\nSee https://google.github.io/oss-fuzz/advanced-topics/reproducing for instructions to reproduce this bug locally.\nWhen you fix this bug, please\n  * mention the fix revision(s).\n  * state whether the bug was a short-lived regression or an old bug in any stable releases.\n  * add any other useful information.\nThis information can help downstream consumers.\n\nIf you need to contact the OSS-Fuzz team with a question, concern, or any other feedback, please file an issue at https://github.com/google/oss-fuzz/issues. Comments on individual Monorail issues are not monitored.\n\nThis bug is subject to a 90 day disclosure deadline. If 90 days elapse\nwithout an upstream patch, then the bug report will automatically\nbecome visible to the public.",
                "descriptionNum": 1
            },
            {
                "projectName": "oss-fuzz",
                "localId": 63954,
                "sequenceNum": 1,
                "commenter": {
                    "userId": "1950284618",
                    "displayName": "sheriffbot"
                },
                "timestamp": 1699474165,
                "amendments": [
                    {
                        "fieldName": "Labels",
                        "newOrDeltaValue": "Disclosure-2024-02-05"
                    }
                ]
            },
            {
                "projectName": "oss-fuzz",
                "localId": 63954,
                "sequenceNum": 2,
                "commenter": {
                    "userId": "382749006",
                    "displayName": "ClusterFuzz-External"
                },
                "timestamp": 1699517824,
                "content": "ClusterFuzz testcase 5109523450560512 is verified as fixed in https://oss-fuzz.com/revisions?job=libfuzzer_asan_lcms&range=202311080604:202311090621\n\nIf this is incorrect, please file a bug on https://github.com/google/oss-fuzz/issues/new",
                "amendments": [
                    {
                        "fieldName": "Status",
                        "newOrDeltaValue": "Verified",
                        "oldValue": "New"
                    },
                    {
                        "fieldName": "Labels",
                        "newOrDeltaValue": "ClusterFuzz-Verified"
                    }
                ]
            },
            {
                "projectName": "oss-fuzz",
                "localId": 63954,
                "sequenceNum": 3,
                "commenter": {
                    "userId": "1950284618",
                    "displayName": "sheriffbot"
                },
                "timestamp": 1699559858,
                "content": "This bug has been fixed. It has been opened to the public.\n\n- Your friendly Sheriffbot",
                "amendments": [
                    {
                        "fieldName": "Labels",
                        "newOrDeltaValue": "-restrict-view-commit"
                    }
                ]
            }
        ]
    },
    "fix_commit": "c3c1ec2e0ad166586dda191a9aba268d7ce98e3b",
    "repo_addr": "https://github.com/mm2/Little-CMS.git"
}