{
    "fix": "https://github.com/mm2/Little-CMS/commit/dbb4a1a4fbb4fe3708155cfa15947ccd2c3d290b",
    "verify": "0",
    "localId": 67968,
    "project": "lcms",
    "fuzzer": "libfuzzer",
    "sanitizer": "asan",
    "crash_type": "Heap-buffer-overflow WRITE {*}",
    "severity": "High",
    "report": {
        "comments": [
            {
                "projectName": "oss-fuzz",
                "localId": 67968,
                "commenter": {
                    "userId": "382749006",
                    "displayName": "ClusterFuzz-External"
                },
                "timestamp": 1712815480,
                "content": "Detailed Report: https://oss-fuzz.com/testcase?key=5931248909352960\n\nProject: lcms\nFuzzing Engine: libFuzzer\nFuzz Target: cmsIT8_load_fuzzer\nJob Type: libfuzzer_asan_lcms\nPlatform Id: linux\n\nCrash Type: Heap-buffer-overflow WRITE {*}\nCrash Address: 0x7867d1aadff8\nCrash State:\n  ParseIT8\n  cmsIT8LoadFromMem\n  cmsIT8_load_fuzzer.c\n  \nSanitizer: address (ASAN)\n\nRecommended Security Severity: High\n\nRegressed: https://oss-fuzz.com/revisions?job=libfuzzer_asan_lcms&range=201708120506:201708130506\n\nReproducer Testcase: https://oss-fuzz.com/download?testcase_id=5931248909352960\n\nIssue filed automatically.\n\nSee https://google.github.io/oss-fuzz/advanced-topics/reproducing for instructions to reproduce this bug locally.\nWhen you fix this bug, please\n  * mention the fix revision(s).\n  * state whether the bug was a short-lived regression or an old bug in any stable releases.\n  * add any other useful information.\nThis information can help downstream consumers.\n\nIf you need to contact the OSS-Fuzz team with a question, concern, or any other feedback, please file an issue at https://github.com/google/oss-fuzz/issues. Comments on individual Monorail issues are not monitored.\n\nThis bug is subject to a 90 day disclosure deadline. If 90 days elapse\nwithout an upstream patch, then the bug report will automatically\nbecome visible to the public.",
                "descriptionNum": 1
            },
            {
                "projectName": "oss-fuzz",
                "localId": 67968,
                "sequenceNum": 1,
                "commenter": {
                    "userId": "1950284618",
                    "displayName": "sheriffbot"
                },
                "timestamp": 1712841688,
                "amendments": [
                    {
                        "fieldName": "Labels",
                        "newOrDeltaValue": "Disclosure-2024-07-10"
                    }
                ]
            },
            {
                "projectName": "oss-fuzz",
                "localId": 67968,
                "sequenceNum": 2,
                "commenter": {
                    "userId": "382749006",
                    "displayName": "ClusterFuzz-External"
                },
                "timestamp": 1713000461,
                "content": "ClusterFuzz testcase 5931248909352960 is verified as fixed in https://oss-fuzz.com/revisions?job=libfuzzer_asan_lcms&range=202404110627:202404120633\n\nIf this is incorrect, please file a bug on https://github.com/google/oss-fuzz/issues/new",
                "amendments": [
                    {
                        "fieldName": "Status",
                        "newOrDeltaValue": "Verified",
                        "oldValue": "New"
                    },
                    {
                        "fieldName": "Labels",
                        "newOrDeltaValue": "ClusterFuzz-Verified"
                    }
                ]
            },
            {
                "projectName": "oss-fuzz",
                "localId": 67968,
                "sequenceNum": 3,
                "commenter": {
                    "userId": "1950284618",
                    "displayName": "sheriffbot"
                },
                "timestamp": 1713013838,
                "content": "This bug has been fixed. It has been opened to the public.\n\n- Your friendly Sheriffbot",
                "amendments": [
                    {
                        "fieldName": "Labels",
                        "newOrDeltaValue": "-restrict-view-commit"
                    }
                ]
            }
        ]
    },
    "fix_commit": "dbb4a1a4fbb4fe3708155cfa15947ccd2c3d290b",
    "repo_addr": "https://github.com/mm2/Little-CMS.git"
}