{
    "fix": "https://gitlab.freedesktop.org/libspectre/libspectre.git920c30cf1d4353b28266fc91f88b2ae72e0f5e4f",
    "verify": "0",
    "localId": 19780,
    "project": "libspectre",
    "fuzzer": "libfuzzer",
    "sanitizer": "asan",
    "crash_type": "Heap-buffer-overflow READ 4",
    "severity": "Medium",
    "report": {
        "comments": [
            {
                "projectName": "oss-fuzz",
                "localId": 19780,
                "commenter": {
                    "userId": "382749006",
                    "displayName": "ClusterFuzz-External"
                },
                "timestamp": 1578044676,
                "content": "Detailed Report: https://oss-fuzz.com/testcase?key=5703675452588032\n\nProject: libspectre\nFuzzing Engine: libFuzzer\nFuzz Target: spectre_read_fuzzer\nJob Type: libfuzzer_asan_libspectre\nPlatform Id: linux\n\nCrash Type: Heap-buffer-overflow READ 4\nCrash Address: 0x62a000227050\nCrash State:\n  gc_mark_string\n  gc_trace\n  gs_gc_reclaim\n  \nSanitizer: address (ASAN)\n\nRecommended Security Severity: Medium\n\nCrash Revision: https://oss-fuzz.com/revisions?job=libfuzzer_asan_libspectre&revision=201912290238\n\nReproducer Testcase: https://oss-fuzz.com/download?testcase_id=5703675452588032\n\nIssue filed automatically.\n\nSee https://google.github.io/oss-fuzz/advanced-topics/reproducing for instructions to reproduce this bug locally.\nWhen you fix this bug, please\n  * mention the fix revision(s).\n  * state whether the bug was a short-lived regression or an old bug in any stable releases.\n  * add any other useful information.\nThis information can help downstream consumers.\n\nIf you need to contact the OSS-Fuzz team with a question, concern, or any other feedback, please file an issue at https://github.com/google/oss-fuzz/issues. Comments on individual Monorail issues are not monitored.\n\nThis bug is subject to a 90 day disclosure deadline. If 90 days elapse\nwithout an upstream patch, then the bug report will automatically\nbecome visible to the public.",
                "descriptionNum": 1
            },
            {
                "projectName": "oss-fuzz",
                "localId": 19780,
                "sequenceNum": 1,
                "commenter": {
                    "userId": "4164592774",
                    "displayName": "sheriffbot@chromium.org"
                },
                "timestamp": 1578070208,
                "amendments": [
                    {
                        "fieldName": "Labels",
                        "newOrDeltaValue": "Disclosure-2020-04-02"
                    }
                ]
            },
            {
                "projectName": "oss-fuzz",
                "localId": 19780,
                "sequenceNum": 2,
                "commenter": {
                    "userId": "914560328",
                    "displayName": "randy...@gmail.com"
                },
                "timestamp": 1579048542,
                "content": "I have contacted the ghostscripts devs about this."
            },
            {
                "projectName": "oss-fuzz",
                "localId": 19780,
                "sequenceNum": 3,
                "commenter": {
                    "userId": "382749006",
                    "displayName": "ClusterFuzz-External"
                },
                "timestamp": 1583077833,
                "content": "ClusterFuzz testcase 5703675452588032 is verified as fixed in https://oss-fuzz.com/revisions?job=libfuzzer_asan_libspectre&range=202002281627:202003010238\n\nIf this is incorrect, please file a bug on https://github.com/google/oss-fuzz/issues/new",
                "amendments": [
                    {
                        "fieldName": "Status",
                        "newOrDeltaValue": "Verified",
                        "oldValue": "New"
                    },
                    {
                        "fieldName": "Labels",
                        "newOrDeltaValue": "ClusterFuzz-Verified"
                    }
                ]
            },
            {
                "projectName": "oss-fuzz",
                "localId": 19780,
                "sequenceNum": 4,
                "commenter": {
                    "userId": "1950284618",
                    "displayName": "sheriffbot"
                },
                "timestamp": 1585680746,
                "content": "This bug has been fixed for 30 days. It has been opened to the public.\n\n- Your friendly Sheriffbot",
                "amendments": [
                    {
                        "fieldName": "Labels",
                        "newOrDeltaValue": "-restrict-view-commit"
                    }
                ]
            }
        ]
    },
    "fix_commit": "920c30cf1d4353b28266fc91f88b2ae72e0f5e4f",
    "repo_addr": "https://gitlab.freedesktop.org/libspectre/libspectre.git"
}