{
    "fix": "https://github.com/ArtifexSoftware/ghostpdl/commit/82b097fe8e76ea92f69ef483f45c0cf491a98d43",
    "verify": "0",
    "localId": 42266,
    "project": "ghostpdl",
    "fuzzer": "libfuzzer",
    "sanitizer": "asan",
    "crash_type": "Global-buffer-overflow READ 1",
    "report": {
        "comments": [
            {
                "projectName": "oss-fuzz",
                "localId": 42266,
                "commenter": {
                    "userId": "382749006",
                    "displayName": "ClusterFuzz-External"
                },
                "timestamp": 1639326954,
                "content": "Detailed Report: https://oss-fuzz.com/testcase?key=6284166386286592\n\nProject: ghostscript\nFuzzing Engine: libFuzzer\nFuzz Target: gstoraster_fuzzer\nJob Type: libfuzzer_asan_ghostscript\nPlatform Id: linux\n\nCrash Type: Global-buffer-overflow READ 1\nCrash Address: 0x000002cdccfb\nCrash State:\n  search_table_1\n  split_bogus_operator\n  pdfi_interpret_stream_operator\n  \nSanitizer: address (ASAN)\n\nRegressed: https://oss-fuzz.com/revisions?job=libfuzzer_asan_ghostscript&range=202112010601:202112120609\n\nReproducer Testcase: https://oss-fuzz.com/download?testcase_id=6284166386286592\n\nIssue filed automatically.\n\nSee https://google.github.io/oss-fuzz/advanced-topics/reproducing for instructions to reproduce this bug locally.\nWhen you fix this bug, please\n  * mention the fix revision(s).\n  * state whether the bug was a short-lived regression or an old bug in any stable releases.\n  * add any other useful information.\nThis information can help downstream consumers.\n\nIf you need to contact the OSS-Fuzz team with a question, concern, or any other feedback, please file an issue at https://github.com/google/oss-fuzz/issues. Comments on individual Monorail issues are not monitored.\n\nThis bug is subject to a 90 day disclosure deadline. If 90 days elapse\nwithout an upstream patch, then the bug report will automatically\nbecome visible to the public.",
                "descriptionNum": 1
            },
            {
                "projectName": "oss-fuzz",
                "localId": 42266,
                "sequenceNum": 1,
                "commenter": {
                    "userId": "1950284618",
                    "displayName": "sheriffbot"
                },
                "timestamp": 1639338666,
                "amendments": [
                    {
                        "fieldName": "Labels",
                        "newOrDeltaValue": "Disclosure-2022-03-14"
                    }
                ]
            },
            {
                "projectName": "oss-fuzz",
                "localId": 42266,
                "sequenceNum": 2,
                "commenter": {
                    "userId": "382749006",
                    "displayName": "ClusterFuzz-External"
                },
                "timestamp": 1639369474,
                "content": "This crash occurs very frequently on linux platform and is likely preventing the fuzzer gstoraster_fuzzer from making much progress. Fixing this will allow more bugs to be found.\n\nIf this is incorrect, please file a bug on https://github.com/google/oss-fuzz/issues/new",
                "amendments": [
                    {
                        "fieldName": "Labels",
                        "newOrDeltaValue": "Fuzz-Blocker"
                    }
                ]
            },
            {
                "projectName": "oss-fuzz",
                "localId": 42266,
                "sequenceNum": 3,
                "commenter": {
                    "userId": "382749006",
                    "displayName": "ClusterFuzz-External"
                },
                "timestamp": 1639483141,
                "amendments": [
                    {
                        "fieldName": "Cc",
                        "newOrDeltaValue": "ken.s...@artifex.com"
                    }
                ]
            },
            {
                "projectName": "oss-fuzz",
                "localId": 42266,
                "sequenceNum": 4,
                "commenter": {
                    "userId": "2472507505",
                    "displayName": "chris...@artifex.com"
                },
                "timestamp": 1639498870,
                "content": "Upstream fix committed"
            },
            {
                "projectName": "oss-fuzz",
                "localId": 42266,
                "sequenceNum": 5,
                "commenter": {
                    "userId": "382749006",
                    "displayName": "ClusterFuzz-External"
                },
                "timestamp": 1639588520,
                "content": "ClusterFuzz testcase 6284166386286592 is verified as fixed in https://oss-fuzz.com/revisions?job=libfuzzer_asan_ghostscript&range=202112140606:202112150601\n\nIf this is incorrect, please file a bug on https://github.com/google/oss-fuzz/issues/new",
                "amendments": [
                    {
                        "fieldName": "Status",
                        "newOrDeltaValue": "Verified",
                        "oldValue": "New"
                    },
                    {
                        "fieldName": "Labels",
                        "newOrDeltaValue": "ClusterFuzz-Verified"
                    }
                ]
            },
            {
                "projectName": "oss-fuzz",
                "localId": 42266,
                "sequenceNum": 6,
                "commenter": {
                    "userId": "1950284618",
                    "displayName": "sheriffbot"
                },
                "timestamp": 1639683854,
                "content": "This bug has been fixed. It has been opened to the public.\n\n- Your friendly Sheriffbot",
                "amendments": [
                    {
                        "fieldName": "Labels",
                        "newOrDeltaValue": "-restrict-view-commit"
                    }
                ]
            }
        ]
    },
    "fix_commit": "82b097fe8e76ea92f69ef483f45c0cf491a98d43",
    "repo_addr": "git://git.ghostscript.com/ghostpdl.git"
}