{
    "fix": "https://github.com/ArtifexSoftware/ghostpdl/commit/0f8c0b5742577e31e419e84fbf0bcd42db0c5f41",
    "verify": "0",
    "localId": 42656,
    "project": "ghostpdl",
    "fuzzer": "libfuzzer",
    "sanitizer": "asan",
    "crash_type": "Memcpy-param-overlap",
    "severity": "Medium",
    "report": {
        "comments": [
            {
                "projectName": "oss-fuzz",
                "localId": 42656,
                "commenter": {
                    "userId": "382749006",
                    "displayName": "ClusterFuzz-External"
                },
                "timestamp": 1639929088,
                "content": "Detailed Report: https://oss-fuzz.com/testcase?key=6377410830925824\n\nProject: ghostscript\nFuzzing Engine: libFuzzer\nFuzz Target: gstoraster_fuzzer\nJob Type: libfuzzer_asan_ghostscript\nPlatform Id: linux\n\nCrash Type: Memcpy-param-overlap\nCrash Address: [0x6310000008a8,0x6311121e08a8) and [0x631000086680, 0x631112266680)\nCrash State:\n  gs_fapi_do_char\n  pdfi_fapi_build_char\n  show_proceed\n  \nSanitizer: address (ASAN)\n\nRecommended Security Severity: Medium\n\nRegressed: https://oss-fuzz.com/revisions?job=libfuzzer_asan_ghostscript&range=202112010601:202112120609\n\nReproducer Testcase: https://oss-fuzz.com/download?testcase_id=6377410830925824\n\nIssue filed automatically.\n\nSee https://google.github.io/oss-fuzz/advanced-topics/reproducing for instructions to reproduce this bug locally.\nWhen you fix this bug, please\n  * mention the fix revision(s).\n  * state whether the bug was a short-lived regression or an old bug in any stable releases.\n  * add any other useful information.\nThis information can help downstream consumers.\n\nIf you need to contact the OSS-Fuzz team with a question, concern, or any other feedback, please file an issue at https://github.com/google/oss-fuzz/issues. Comments on individual Monorail issues are not monitored.\n\nThis bug is subject to a 90 day disclosure deadline. If 90 days elapse\nwithout an upstream patch, then the bug report will automatically\nbecome visible to the public.",
                "descriptionNum": 1
            },
            {
                "projectName": "oss-fuzz",
                "localId": 42656,
                "sequenceNum": 1,
                "commenter": {
                    "userId": "1950284618",
                    "displayName": "sheriffbot"
                },
                "timestamp": 1639943485,
                "amendments": [
                    {
                        "fieldName": "Labels",
                        "newOrDeltaValue": "Disclosure-2022-03-21"
                    }
                ]
            },
            {
                "projectName": "oss-fuzz",
                "localId": 42656,
                "sequenceNum": 2,
                "commenter": {
                    "userId": "2472507505",
                    "displayName": "chris...@artifex.com"
                },
                "timestamp": 1641915389,
                "content": "Fix committed upstream."
            },
            {
                "projectName": "oss-fuzz",
                "localId": 42656,
                "sequenceNum": 3,
                "commenter": {
                    "userId": "382749006",
                    "displayName": "ClusterFuzz-External"
                },
                "timestamp": 1642003138,
                "content": "ClusterFuzz testcase 6377410830925824 is verified as fixed in https://oss-fuzz.com/revisions?job=libfuzzer_asan_ghostscript&range=202201110607:202201120602\n\nIf this is incorrect, please file a bug on https://github.com/google/oss-fuzz/issues/new",
                "amendments": [
                    {
                        "fieldName": "Status",
                        "newOrDeltaValue": "Verified",
                        "oldValue": "New"
                    },
                    {
                        "fieldName": "Labels",
                        "newOrDeltaValue": "ClusterFuzz-Verified"
                    }
                ]
            },
            {
                "projectName": "oss-fuzz",
                "localId": 42656,
                "sequenceNum": 4,
                "commenter": {
                    "userId": "1950284618",
                    "displayName": "sheriffbot"
                },
                "timestamp": 1642016657,
                "content": "This bug has been fixed. It has been opened to the public.\n\n- Your friendly Sheriffbot",
                "amendments": [
                    {
                        "fieldName": "Labels",
                        "newOrDeltaValue": "-restrict-view-commit"
                    }
                ]
            }
        ]
    },
    "fix_commit": "0f8c0b5742577e31e419e84fbf0bcd42db0c5f41",
    "repo_addr": "git://git.ghostscript.com/ghostpdl.git"
}