{
    "fix": "https://github.com/ArtifexSoftware/ghostpdl/commit/7f5d467726db47da4102a6d6f1d49e63d3c0b77f",
    "verify": "0",
    "localId": 42736,
    "project": "ghostpdl",
    "fuzzer": "libfuzzer",
    "sanitizer": "asan",
    "crash_type": "Stack-buffer-overflow WRITE {*}",
    "severity": "High",
    "report": {
        "comments": [
            {
                "projectName": "oss-fuzz",
                "localId": 42736,
                "commenter": {
                    "userId": "382749006",
                    "displayName": "ClusterFuzz-External"
                },
                "timestamp": 1640046070,
                "content": "Detailed Report: https://oss-fuzz.com/testcase?key=5727155433111552\n\nProject: ghostscript\nFuzzing Engine: libFuzzer\nFuzz Target: gstoraster_fuzzer\nJob Type: libfuzzer_asan_ghostscript\nPlatform Id: linux\n\nCrash Type: Stack-buffer-overflow WRITE {*}\nCrash Address: 0x7f8b486f5840\nCrash State:\n  strncat\n  pdf_cmap_open_file\n  pdfi_read_cmap\n  \nSanitizer: address (ASAN)\n\nRecommended Security Severity: High\n\nRegressed: https://oss-fuzz.com/revisions?job=libfuzzer_asan_ghostscript&range=202112010601:202112120609\n\nReproducer Testcase: https://oss-fuzz.com/download?testcase_id=5727155433111552\n\nIssue filed automatically.\n\nSee https://google.github.io/oss-fuzz/advanced-topics/reproducing for instructions to reproduce this bug locally.\nWhen you fix this bug, please\n  * mention the fix revision(s).\n  * state whether the bug was a short-lived regression or an old bug in any stable releases.\n  * add any other useful information.\nThis information can help downstream consumers.\n\nIf you need to contact the OSS-Fuzz team with a question, concern, or any other feedback, please file an issue at https://github.com/google/oss-fuzz/issues. Comments on individual Monorail issues are not monitored.\n\nThis bug is subject to a 90 day disclosure deadline. If 90 days elapse\nwithout an upstream patch, then the bug report will automatically\nbecome visible to the public.",
                "descriptionNum": 1
            },
            {
                "projectName": "oss-fuzz",
                "localId": 42736,
                "sequenceNum": 1,
                "commenter": {
                    "userId": "4278272173",
                    "displayName": "ken.s...@artifex.com"
                },
                "timestamp": 1640100905,
                "content": "Fix committed upstream"
            },
            {
                "projectName": "oss-fuzz",
                "localId": 42736,
                "sequenceNum": 2,
                "commenter": {
                    "userId": "1950284618",
                    "displayName": "sheriffbot"
                },
                "timestamp": 1640116312,
                "amendments": [
                    {
                        "fieldName": "Labels",
                        "newOrDeltaValue": "Disclosure-2022-03-21"
                    }
                ]
            },
            {
                "projectName": "oss-fuzz",
                "localId": 42736,
                "sequenceNum": 3,
                "commenter": {
                    "userId": "382749006",
                    "displayName": "ClusterFuzz-External"
                },
                "timestamp": 1640187365,
                "content": "ClusterFuzz testcase 5727155433111552 is verified as fixed in https://oss-fuzz.com/revisions?job=libfuzzer_asan_ghostscript&range=202112210610:202112220602\n\nIf this is incorrect, please file a bug on https://github.com/google/oss-fuzz/issues/new",
                "amendments": [
                    {
                        "fieldName": "Status",
                        "newOrDeltaValue": "Verified",
                        "oldValue": "New"
                    },
                    {
                        "fieldName": "Labels",
                        "newOrDeltaValue": "ClusterFuzz-Verified"
                    }
                ]
            },
            {
                "projectName": "oss-fuzz",
                "localId": 42736,
                "sequenceNum": 4,
                "commenter": {
                    "userId": "1950284618",
                    "displayName": "sheriffbot"
                },
                "timestamp": 1640202100,
                "content": "This bug has been fixed. It has been opened to the public.\n\n- Your friendly Sheriffbot",
                "amendments": [
                    {
                        "fieldName": "Labels",
                        "newOrDeltaValue": "-restrict-view-commit"
                    }
                ]
            }
        ]
    },
    "fix_commit": "7f5d467726db47da4102a6d6f1d49e63d3c0b77f",
    "repo_addr": "git://git.ghostscript.com/ghostpdl.git"
}