{
    "fix": "https://github.com/ArtifexSoftware/ghostpdl/commit/4affbf8fe0e5982058c498a33689cc5182eab0ed",
    "verify": "0",
    "localId": 42998,
    "project": "ghostpdl",
    "fuzzer": "libfuzzer",
    "sanitizer": "asan",
    "crash_type": "UNKNOWN READ",
    "severity": "Medium",
    "report": {
        "comments": [
            {
                "projectName": "oss-fuzz",
                "localId": 42998,
                "commenter": {
                    "userId": "382749006",
                    "displayName": "ClusterFuzz-External"
                },
                "timestamp": 1640539867,
                "content": "Detailed Report: https://oss-fuzz.com/testcase?key=5977871162671104\n\nProject: ghostscript\nFuzzing Engine: libFuzzer\nFuzz Target: gstoraster_fuzzer\nJob Type: libfuzzer_asan_ghostscript\nPlatform Id: linux\n\nCrash Type: UNKNOWN READ\nCrash Address: 0x4936f3ff8006\nCrash State:\n  chunk_free_object\n  gs_font_dir_finalize\n  chunk_free_object\n  \nSanitizer: address (ASAN)\n\nRecommended Security Severity: Medium\n\nRegressed: https://oss-fuzz.com/revisions?job=libfuzzer_asan_ghostscript&range=202112140606:202112150601\n\nReproducer Testcase: https://oss-fuzz.com/download?testcase_id=5977871162671104\n\nIssue filed automatically.\n\nSee https://google.github.io/oss-fuzz/advanced-topics/reproducing for instructions to reproduce this bug locally.\nWhen you fix this bug, please\n  * mention the fix revision(s).\n  * state whether the bug was a short-lived regression or an old bug in any stable releases.\n  * add any other useful information.\nThis information can help downstream consumers.\n\nIf you need to contact the OSS-Fuzz team with a question, concern, or any other feedback, please file an issue at https://github.com/google/oss-fuzz/issues. Comments on individual Monorail issues are not monitored.\n\nThis bug is subject to a 90 day disclosure deadline. If 90 days elapse\nwithout an upstream patch, then the bug report will automatically\nbecome visible to the public.",
                "descriptionNum": 1
            },
            {
                "projectName": "oss-fuzz",
                "localId": 42998,
                "sequenceNum": 1,
                "commenter": {
                    "userId": "1950284618",
                    "displayName": "sheriffbot"
                },
                "timestamp": 1640548241,
                "amendments": [
                    {
                        "fieldName": "Labels",
                        "newOrDeltaValue": "Disclosure-2022-03-28"
                    }
                ]
            },
            {
                "projectName": "oss-fuzz",
                "localId": 42998,
                "sequenceNum": 2,
                "commenter": {
                    "userId": "382749006",
                    "displayName": "ClusterFuzz-External"
                },
                "timestamp": 1642089559,
                "content": "ClusterFuzz testcase 5977871162671104 is verified as fixed in https://oss-fuzz.com/revisions?job=libfuzzer_asan_ghostscript&range=202201120602:202201130610\n\nIf this is incorrect, please file a bug on https://github.com/google/oss-fuzz/issues/new",
                "amendments": [
                    {
                        "fieldName": "Status",
                        "newOrDeltaValue": "Verified",
                        "oldValue": "New"
                    },
                    {
                        "fieldName": "Labels",
                        "newOrDeltaValue": "ClusterFuzz-Verified"
                    }
                ]
            },
            {
                "projectName": "oss-fuzz",
                "localId": 42998,
                "sequenceNum": 3,
                "commenter": {
                    "userId": "1950284618",
                    "displayName": "sheriffbot"
                },
                "timestamp": 1642102941,
                "content": "This bug has been fixed. It has been opened to the public.\n\n- Your friendly Sheriffbot",
                "amendments": [
                    {
                        "fieldName": "Labels",
                        "newOrDeltaValue": "-restrict-view-commit"
                    }
                ]
            }
        ]
    },
    "fix_commit": "4affbf8fe0e5982058c498a33689cc5182eab0ed",
    "repo_addr": "git://git.ghostscript.com/ghostpdl.git"
}