{
    "fix": "https://github.com/ArtifexSoftware/ghostpdl/commit/a9c7640b90bc583e04be7b1eebccd5c07e79c063",
    "verify": "0",
    "localId": 45347,
    "project": "ghostpdl",
    "fuzzer": "libfuzzer",
    "sanitizer": "asan",
    "crash_type": "UNKNOWN READ",
    "severity": "Medium",
    "report": {
        "comments": [
            {
                "projectName": "oss-fuzz",
                "localId": 45347,
                "commenter": {
                    "userId": "382749006",
                    "displayName": "ClusterFuzz-External"
                },
                "timestamp": 1646697367,
                "content": "Detailed Report: https://oss-fuzz.com/testcase?key=6076188597026816\n\nProject: ghostscript\nFuzzing Engine: libFuzzer\nFuzz Target: gstoraster_fuzzer\nJob Type: libfuzzer_asan_ghostscript\nPlatform Id: linux\n\nCrash Type: UNKNOWN READ\nCrash Address: 0x62a1002ebc0b\nCrash State:\n  spgetcc\n  pdfi_read_byte\n  pdfi_read_token\n  \nSanitizer: address (ASAN)\n\nRecommended Security Severity: Medium\n\nRegressed: https://oss-fuzz.com/revisions?job=libfuzzer_asan_ghostscript&range=202202070612:202202080608\n\nReproducer Testcase: https://oss-fuzz.com/download?testcase_id=6076188597026816\n\nIssue filed automatically.\n\nSee https://google.github.io/oss-fuzz/advanced-topics/reproducing for instructions to reproduce this bug locally.\nWhen you fix this bug, please\n  * mention the fix revision(s).\n  * state whether the bug was a short-lived regression or an old bug in any stable releases.\n  * add any other useful information.\nThis information can help downstream consumers.\n\nIf you need to contact the OSS-Fuzz team with a question, concern, or any other feedback, please file an issue at https://github.com/google/oss-fuzz/issues. Comments on individual Monorail issues are not monitored.\n\nThis bug is subject to a 90 day disclosure deadline. If 90 days elapse\nwithout an upstream patch, then the bug report will automatically\nbecome visible to the public.",
                "descriptionNum": 1
            },
            {
                "projectName": "oss-fuzz",
                "localId": 45347,
                "sequenceNum": 1,
                "commenter": {
                    "userId": "4278272173",
                    "displayName": "ken.s...@artifex.com"
                },
                "timestamp": 1646735989,
                "content": "Fix committed upstream"
            },
            {
                "projectName": "oss-fuzz",
                "localId": 45347,
                "sequenceNum": 2,
                "commenter": {
                    "userId": "1950284618",
                    "displayName": "sheriffbot"
                },
                "timestamp": 1646769203,
                "amendments": [
                    {
                        "fieldName": "Labels",
                        "newOrDeltaValue": "Disclosure-2022-06-06"
                    }
                ]
            },
            {
                "projectName": "oss-fuzz",
                "localId": 45347,
                "sequenceNum": 3,
                "commenter": {
                    "userId": "382749006",
                    "displayName": "ClusterFuzz-External"
                },
                "timestamp": 1646846422,
                "content": "ClusterFuzz testcase 6076188597026816 is verified as fixed in https://oss-fuzz.com/revisions?job=libfuzzer_asan_ghostscript&range=202203080603:202203090612\n\nIf this is incorrect, please file a bug on https://github.com/google/oss-fuzz/issues/new",
                "amendments": [
                    {
                        "fieldName": "Status",
                        "newOrDeltaValue": "Verified",
                        "oldValue": "New"
                    },
                    {
                        "fieldName": "Labels",
                        "newOrDeltaValue": "ClusterFuzz-Verified"
                    }
                ]
            },
            {
                "projectName": "oss-fuzz",
                "localId": 45347,
                "sequenceNum": 4,
                "commenter": {
                    "userId": "1950284618",
                    "displayName": "sheriffbot"
                },
                "timestamp": 1646855017,
                "content": "This bug has been fixed. It has been opened to the public.\n\n- Your friendly Sheriffbot",
                "amendments": [
                    {
                        "fieldName": "Labels",
                        "newOrDeltaValue": "-restrict-view-commit"
                    }
                ]
            }
        ]
    },
    "fix_commit": "a9c7640b90bc583e04be7b1eebccd5c07e79c063",
    "repo_addr": "git://git.ghostscript.com/ghostpdl.git"
}