{
    "fix": "https://github.com/ArtifexSoftware/ghostpdl/commit/1d8d9605e251d1b51281efe5ef8db07640e49203",
    "verify": "0",
    "localId": 50406,
    "project": "ghostpdl",
    "fuzzer": "libfuzzer",
    "sanitizer": "asan",
    "crash_type": "UNKNOWN WRITE",
    "severity": "High",
    "report": {
        "comments": [
            {
                "projectName": "oss-fuzz",
                "localId": 50406,
                "commenter": {
                    "userId": "382749006",
                    "displayName": "ClusterFuzz-External"
                },
                "timestamp": 1660840613,
                "content": "Detailed Report: https://oss-fuzz.com/testcase?key=5644472402182144\n\nProject: ghostscript\nFuzzing Engine: libFuzzer\nFuzz Target: gs_device_pdfwrite_fuzzer\nJob Type: libfuzzer_asan_ghostscript\nPlatform Id: linux\n\nCrash Type: UNKNOWN WRITE\nCrash Address: 0x000001b81ba8\nCrash State:\n  pdfi_free_array\n  pdfi_free_object\n  pdfi_clear_to_mark\n  \nSanitizer: address (ASAN)\n\nRecommended Security Severity: High\n\nRegressed: https://oss-fuzz.com/revisions?job=libfuzzer_asan_ghostscript&range=202208160612:202208170608\n\nReproducer Testcase: https://oss-fuzz.com/download?testcase_id=5644472402182144\n\nIssue filed automatically.\n\nSee https://google.github.io/oss-fuzz/advanced-topics/reproducing for instructions to reproduce this bug locally.\nWhen you fix this bug, please\n  * mention the fix revision(s).\n  * state whether the bug was a short-lived regression or an old bug in any stable releases.\n  * add any other useful information.\nThis information can help downstream consumers.\n\nIf you need to contact the OSS-Fuzz team with a question, concern, or any other feedback, please file an issue at https://github.com/google/oss-fuzz/issues. Comments on individual Monorail issues are not monitored.\n\nThis bug is subject to a 90 day disclosure deadline. If 90 days elapse\nwithout an upstream patch, then the bug report will automatically\nbecome visible to the public.",
                "descriptionNum": 1
            },
            {
                "projectName": "oss-fuzz",
                "localId": 50406,
                "sequenceNum": 1,
                "commenter": {
                    "userId": "4278272173",
                    "displayName": "ken.s...@artifex.com"
                },
                "timestamp": 1660846475,
                "content": "I suspect this is another manifestation of the bug fixed in https://git.ghostscript.com/?p=ghostpdl.git;a=commit;h=1d8d9605e251d1b51281efe5ef8db07640e49203\n\nIf so it should disappear shortly\n"
            },
            {
                "projectName": "oss-fuzz",
                "localId": 50406,
                "sequenceNum": 2,
                "commenter": {
                    "userId": "1950284618",
                    "displayName": "sheriffbot"
                },
                "timestamp": 1660848635,
                "amendments": [
                    {
                        "fieldName": "Labels",
                        "newOrDeltaValue": "Disclosure-2022-11-16"
                    }
                ]
            },
            {
                "projectName": "oss-fuzz",
                "localId": 50406,
                "sequenceNum": 3,
                "commenter": {
                    "userId": "382749006",
                    "displayName": "ClusterFuzz-External"
                },
                "timestamp": 1660925410,
                "content": "ClusterFuzz testcase 5644472402182144 is verified as fixed in https://oss-fuzz.com/revisions?job=libfuzzer_asan_ghostscript&range=202208180605:202208190603\n\nIf this is incorrect, please file a bug on https://github.com/google/oss-fuzz/issues/new",
                "amendments": [
                    {
                        "fieldName": "Status",
                        "newOrDeltaValue": "Verified",
                        "oldValue": "New"
                    },
                    {
                        "fieldName": "Labels",
                        "newOrDeltaValue": "ClusterFuzz-Verified"
                    }
                ]
            },
            {
                "projectName": "oss-fuzz",
                "localId": 50406,
                "sequenceNum": 4,
                "commenter": {
                    "userId": "1950284618",
                    "displayName": "sheriffbot"
                },
                "timestamp": 1660934349,
                "content": "This bug has been fixed. It has been opened to the public.\n\n- Your friendly Sheriffbot",
                "amendments": [
                    {
                        "fieldName": "Labels",
                        "newOrDeltaValue": "-restrict-view-commit"
                    }
                ]
            }
        ]
    },
    "fix_commit": "1d8d9605e251d1b51281efe5ef8db07640e49203",
    "repo_addr": "git://git.ghostscript.com/ghostpdl.git"
}