{
    "fix": "https://github.com/ArtifexSoftware/ghostpdl/commit/00897ae3a48a4f36b84fe61a1e3aa6252bf418e5",
    "verify": "0",
    "localId": 50834,
    "project": "ghostpdl",
    "fuzzer": "libfuzzer",
    "sanitizer": "asan",
    "crash_type": "Heap-buffer-overflow READ 1",
    "severity": "Medium",
    "report": {
        "comments": [
            {
                "projectName": "oss-fuzz",
                "localId": 50834,
                "commenter": {
                    "userId": "382749006",
                    "displayName": "ClusterFuzz-External"
                },
                "timestamp": 1661970981,
                "content": "Detailed Report: https://oss-fuzz.com/testcase?key=5279742755995648\n\nProject: ghostscript\nFuzzing Engine: libFuzzer\nFuzz Target: gs_device_pdfwrite_fuzzer\nJob Type: libfuzzer_asan_ghostscript\nPlatform Id: linux\n\nCrash Type: Heap-buffer-overflow READ 1\nCrash Address: 0x631000128830\nCrash State:\n  Ins_NPUSHW\n  RunIns\n  Instance_Reset\n  \nSanitizer: address (ASAN)\n\nRecommended Security Severity: Medium\n\nRegressed: https://oss-fuzz.com/revisions?job=libfuzzer_asan_ghostscript&range=202207050604:202207060612\n\nReproducer Testcase: https://oss-fuzz.com/download?testcase_id=5279742755995648\n\nIssue filed automatically.\n\nSee https://google.github.io/oss-fuzz/advanced-topics/reproducing for instructions to reproduce this bug locally.\nWhen you fix this bug, please\n  * mention the fix revision(s).\n  * state whether the bug was a short-lived regression or an old bug in any stable releases.\n  * add any other useful information.\nThis information can help downstream consumers.\n\nIf you need to contact the OSS-Fuzz team with a question, concern, or any other feedback, please file an issue at https://github.com/google/oss-fuzz/issues. Comments on individual Monorail issues are not monitored.\n\nThis bug is subject to a 90 day disclosure deadline. If 90 days elapse\nwithout an upstream patch, then the bug report will automatically\nbecome visible to the public.",
                "descriptionNum": 1
            },
            {
                "projectName": "oss-fuzz",
                "localId": 50834,
                "sequenceNum": 1,
                "commenter": {
                    "userId": "1950284618",
                    "displayName": "sheriffbot"
                },
                "timestamp": 1661971934,
                "amendments": [
                    {
                        "fieldName": "Labels",
                        "newOrDeltaValue": "Disclosure-2022-11-29"
                    }
                ]
            },
            {
                "projectName": "oss-fuzz",
                "localId": 50834,
                "sequenceNum": 2,
                "commenter": {
                    "userId": "2472507505",
                    "displayName": "chris...@artifex.com"
                },
                "timestamp": 1662118127,
                "content": "Fix committed upstream"
            },
            {
                "projectName": "oss-fuzz",
                "localId": 50834,
                "sequenceNum": 3,
                "commenter": {
                    "userId": "382749006",
                    "displayName": "ClusterFuzz-External"
                },
                "timestamp": 1662215914,
                "content": "ClusterFuzz testcase 5279742755995648 is verified as fixed in https://oss-fuzz.com/revisions?job=libfuzzer_asan_ghostscript&range=202209020604:202209030609\n\nIf this is incorrect, please file a bug on https://github.com/google/oss-fuzz/issues/new",
                "amendments": [
                    {
                        "fieldName": "Status",
                        "newOrDeltaValue": "Verified",
                        "oldValue": "New"
                    },
                    {
                        "fieldName": "Labels",
                        "newOrDeltaValue": "ClusterFuzz-Verified"
                    }
                ]
            },
            {
                "projectName": "oss-fuzz",
                "localId": 50834,
                "sequenceNum": 4,
                "commenter": {
                    "userId": "1950284618",
                    "displayName": "sheriffbot"
                },
                "timestamp": 1662576818,
                "content": "This bug has been fixed. It has been opened to the public.\n\n- Your friendly Sheriffbot",
                "amendments": [
                    {
                        "fieldName": "Labels",
                        "newOrDeltaValue": "-restrict-view-commit"
                    }
                ]
            }
        ]
    },
    "fix_commit": "00897ae3a48a4f36b84fe61a1e3aa6252bf418e5",
    "repo_addr": "git://git.ghostscript.com/ghostpdl.git"
}