{
    "fix": "https://github.com/ArtifexSoftware/ghostpdl/commit/21380a712bb427670db47a0193d450c35e72856a",
    "verify": "0",
    "localId": 51011,
    "project": "ghostpdl",
    "fuzzer": "libfuzzer",
    "sanitizer": "asan",
    "crash_type": "Stack-buffer-underflow READ 4",
    "report": {
        "comments": [
            {
                "projectName": "oss-fuzz",
                "localId": 51011,
                "commenter": {
                    "userId": "382749006",
                    "displayName": "ClusterFuzz-External"
                },
                "timestamp": 1662366130,
                "content": "Detailed Report: https://oss-fuzz.com/testcase?key=6048427783356416\n\nProject: ghostscript\nFuzzing Engine: libFuzzer\nFuzz Target: gs_device_pdfwrite_fuzzer\nJob Type: libfuzzer_asan_ghostscript\nPlatform Id: linux\n\nCrash Type: Stack-buffer-underflow READ 4\nCrash Address: 0x7fff06cf82dc\nCrash State:\n  gs_type1_piece_codes\n  gs_type1_glyph_info\n  pdfi_cff_glyph_info\n  \nSanitizer: address (ASAN)\n\nRegressed: https://oss-fuzz.com/revisions?job=libfuzzer_asan_ghostscript&range=202206280605:202206290610\n\nReproducer Testcase: https://oss-fuzz.com/download?testcase_id=6048427783356416\n\nIssue filed automatically.\n\nSee https://google.github.io/oss-fuzz/advanced-topics/reproducing for instructions to reproduce this bug locally.\nWhen you fix this bug, please\n  * mention the fix revision(s).\n  * state whether the bug was a short-lived regression or an old bug in any stable releases.\n  * add any other useful information.\nThis information can help downstream consumers.\n\nIf you need to contact the OSS-Fuzz team with a question, concern, or any other feedback, please file an issue at https://github.com/google/oss-fuzz/issues. Comments on individual Monorail issues are not monitored.\n\nThis bug is subject to a 90 day disclosure deadline. If 90 days elapse\nwithout an upstream patch, then the bug report will automatically\nbecome visible to the public.",
                "descriptionNum": 1
            },
            {
                "projectName": "oss-fuzz",
                "localId": 51011,
                "sequenceNum": 1,
                "commenter": {
                    "userId": "4278272173",
                    "displayName": "ken.s...@artifex.com"
                },
                "timestamp": 1662477064,
                "content": "Fixed in commit https://git.ghostscript.com/?p=ghostpdl.git;a=commit;h=ffa8e1dc1bc47ccaa5c86b1a59477386f994ea25 though I anticipate doing a more general fix in the near future.\n"
            },
            {
                "projectName": "oss-fuzz",
                "localId": 51011,
                "sequenceNum": 2,
                "commenter": {
                    "userId": "2472507505",
                    "displayName": "chris...@artifex.com"
                },
                "timestamp": 1662479766,
                "content": "Actually, fixed in: https://git.ghostscript.com/?p=ghostpdl.git;a=commitdiff;h=21380a712bb427670db47a0193d450c35e72856a"
            },
            {
                "projectName": "oss-fuzz",
                "localId": 51011,
                "sequenceNum": 3,
                "commenter": {
                    "userId": "382749006",
                    "displayName": "ClusterFuzz-External"
                },
                "timestamp": 1662563797,
                "content": "ClusterFuzz testcase 6048427783356416 is verified as fixed in https://oss-fuzz.com/revisions?job=libfuzzer_asan_ghostscript&range=202209060600:202209070605\n\nIf this is incorrect, please file a bug on https://github.com/google/oss-fuzz/issues/new",
                "amendments": [
                    {
                        "fieldName": "Status",
                        "newOrDeltaValue": "Verified",
                        "oldValue": "New"
                    },
                    {
                        "fieldName": "Labels",
                        "newOrDeltaValue": "ClusterFuzz-Verified"
                    }
                ]
            },
            {
                "projectName": "oss-fuzz",
                "localId": 51011,
                "sequenceNum": 4,
                "commenter": {
                    "userId": "1950284618",
                    "displayName": "sheriffbot"
                },
                "timestamp": 1662576860,
                "content": "This bug has been fixed. It has been opened to the public.\n\n- Your friendly Sheriffbot",
                "amendments": [
                    {
                        "fieldName": "Labels",
                        "newOrDeltaValue": "-restrict-view-commit"
                    }
                ]
            }
        ]
    },
    "fix_commit": "21380a712bb427670db47a0193d450c35e72856a",
    "repo_addr": "git://git.ghostscript.com/ghostpdl.git"
}