{
    "fix": "https://github.com/ArtifexSoftware/ghostpdl/commit/c745108a1b72b7b14899e048ee76b99ee49d9d80",
    "verify": "0",
    "localId": 53619,
    "project": "ghostpdl",
    "fuzzer": "libfuzzer",
    "sanitizer": "asan",
    "crash_type": "Heap-buffer-overflow READ {*}",
    "severity": "Medium",
    "report": {
        "comments": [
            {
                "projectName": "oss-fuzz",
                "localId": 53619,
                "commenter": {
                    "userId": "382749006",
                    "displayName": "ClusterFuzz-External"
                },
                "timestamp": 1669093158,
                "content": "Detailed Report: https://oss-fuzz.com/testcase?key=4993238444670976\n\nProject: ghostscript\nFuzzing Engine: libFuzzer\nFuzz Target: gs_device_pdfwrite_fuzzer\nJob Type: libfuzzer_asan_ghostscript\nPlatform Id: linux\n\nCrash Type: Heap-buffer-overflow READ {*}\nCrash Address: 0x6310000b0830\nCrash State:\n  sputs\n  gx_serialize_Indexed\n  pdf_color_space_named\n  \nSanitizer: address (ASAN)\n\nRecommended Security Severity: Medium\n\nRegressed: https://oss-fuzz.com/revisions?job=libfuzzer_asan_ghostscript&range=202206280605:202206290610\n\nReproducer Testcase: https://oss-fuzz.com/download?testcase_id=4993238444670976\n\nIssue filed automatically.\n\nSee https://google.github.io/oss-fuzz/advanced-topics/reproducing for instructions to reproduce this bug locally.\nWhen you fix this bug, please\n  * mention the fix revision(s).\n  * state whether the bug was a short-lived regression or an old bug in any stable releases.\n  * add any other useful information.\nThis information can help downstream consumers.\n\nIf you need to contact the OSS-Fuzz team with a question, concern, or any other feedback, please file an issue at https://github.com/google/oss-fuzz/issues. Comments on individual Monorail issues are not monitored.\n\nThis bug is subject to a 90 day disclosure deadline. If 90 days elapse\nwithout an upstream patch, then the bug report will automatically\nbecome visible to the public.",
                "descriptionNum": 1
            },
            {
                "projectName": "oss-fuzz",
                "localId": 53619,
                "sequenceNum": 1,
                "commenter": {
                    "userId": "4278272173",
                    "displayName": "ken.s...@artifex.com"
                },
                "timestamp": 1669126350,
                "content": "Fix committed upstream https://git.ghostscript.com/?p=ghostpdl.git;a=commit;h=c745108a1b72b7b14899e048ee76b99ee49d9d80\n"
            },
            {
                "projectName": "oss-fuzz",
                "localId": 53619,
                "sequenceNum": 2,
                "commenter": {
                    "userId": "382749006",
                    "displayName": "ClusterFuzz-External"
                },
                "timestamp": 1669224088,
                "content": "ClusterFuzz testcase 4993238444670976 is verified as fixed in https://oss-fuzz.com/revisions?job=libfuzzer_asan_ghostscript&range=202211220600:202211230617\n\nIf this is incorrect, please file a bug on https://github.com/google/oss-fuzz/issues/new",
                "amendments": [
                    {
                        "fieldName": "Status",
                        "newOrDeltaValue": "Verified",
                        "oldValue": "New"
                    },
                    {
                        "fieldName": "Labels",
                        "newOrDeltaValue": "ClusterFuzz-Verified"
                    }
                ]
            },
            {
                "projectName": "oss-fuzz",
                "localId": 53619,
                "sequenceNum": 3,
                "commenter": {
                    "userId": "1950284618",
                    "displayName": "sheriffbot"
                },
                "timestamp": 1669233186,
                "content": "This bug has been fixed. It has been opened to the public.\n\n- Your friendly Sheriffbot",
                "amendments": [
                    {
                        "fieldName": "Labels",
                        "newOrDeltaValue": "-restrict-view-commit"
                    }
                ]
            }
        ]
    },
    "fix_commit": "c745108a1b72b7b14899e048ee76b99ee49d9d80",
    "repo_addr": "git://git.ghostscript.com/ghostpdl.git"
}