{
    "fix": "https://github.com/ArtifexSoftware/ghostpdl/commit/f4bcc37667d82541eaf8a29e0b021fe1d7aa7b5b",
    "verify": "0",
    "localId": 53711,
    "project": "ghostpdl",
    "fuzzer": "libfuzzer",
    "sanitizer": "asan",
    "crash_type": "Stack-buffer-overflow READ 1",
    "severity": "Medium",
    "report": {
        "comments": [
            {
                "projectName": "oss-fuzz",
                "localId": 53711,
                "commenter": {
                    "userId": "382749006",
                    "displayName": "ClusterFuzz-External"
                },
                "timestamp": 1669296944,
                "content": "Detailed Report: https://oss-fuzz.com/testcase?key=5131595420139520\n\nProject: ghostscript\nFuzzing Engine: libFuzzer\nFuzz Target: gs_device_pdfwrite_fuzzer\nJob Type: libfuzzer_asan_ghostscript\nPlatform Id: linux\n\nCrash Type: Stack-buffer-overflow READ 1\nCrash Address: 0x7f24a2371520\nCrash State:\n  cmap_put_ranges\n  psf_write_cmap\n  pdf_write_cmap\n  \nSanitizer: address (ASAN)\n\nRecommended Security Severity: Medium\n\nRegressed: https://oss-fuzz.com/revisions?job=libfuzzer_asan_ghostscript&range=202210050608:202210060615\n\nReproducer Testcase: https://oss-fuzz.com/download?testcase_id=5131595420139520\n\nIssue filed automatically.\n\nSee https://google.github.io/oss-fuzz/advanced-topics/reproducing for instructions to reproduce this bug locally.\nWhen you fix this bug, please\n  * mention the fix revision(s).\n  * state whether the bug was a short-lived regression or an old bug in any stable releases.\n  * add any other useful information.\nThis information can help downstream consumers.\n\nIf you need to contact the OSS-Fuzz team with a question, concern, or any other feedback, please file an issue at https://github.com/google/oss-fuzz/issues. Comments on individual Monorail issues are not monitored.\n\nThis bug is subject to a 90 day disclosure deadline. If 90 days elapse\nwithout an upstream patch, then the bug report will automatically\nbecome visible to the public.",
                "descriptionNum": 1
            },
            {
                "projectName": "oss-fuzz",
                "localId": 53711,
                "sequenceNum": 1,
                "commenter": {
                    "userId": "1950284618",
                    "displayName": "sheriffbot"
                },
                "timestamp": 1669320000,
                "amendments": [
                    {
                        "fieldName": "Labels",
                        "newOrDeltaValue": "Disclosure-2023-02-22"
                    }
                ]
            },
            {
                "projectName": "oss-fuzz",
                "localId": 53711,
                "sequenceNum": 2,
                "commenter": {
                    "userId": "2472507505",
                    "displayName": "chris...@artifex.com"
                },
                "timestamp": 1669368246,
                "content": "Fixed: https://git.ghostscript.com/?p=ghostpdl.git;a=commitdiff;h=19d241ddb9aa65370bd176522e6c3317bd3be64d"
            },
            {
                "projectName": "oss-fuzz",
                "localId": 53711,
                "sequenceNum": 3,
                "commenter": {
                    "userId": "382749006",
                    "displayName": "ClusterFuzz-External"
                },
                "timestamp": 1669396846,
                "content": "ClusterFuzz testcase 5131595420139520 is verified as fixed in https://oss-fuzz.com/revisions?job=libfuzzer_asan_ghostscript&range=202211240601:202211250607\n\nIf this is incorrect, please file a bug on https://github.com/google/oss-fuzz/issues/new",
                "amendments": [
                    {
                        "fieldName": "Status",
                        "newOrDeltaValue": "Verified",
                        "oldValue": "New"
                    },
                    {
                        "fieldName": "Labels",
                        "newOrDeltaValue": "ClusterFuzz-Verified"
                    }
                ]
            },
            {
                "projectName": "oss-fuzz",
                "localId": 53711,
                "sequenceNum": 4,
                "commenter": {
                    "userId": "1950284618",
                    "displayName": "sheriffbot"
                },
                "timestamp": 1669405821,
                "content": "This bug has been fixed. It has been opened to the public.\n\n- Your friendly Sheriffbot",
                "amendments": [
                    {
                        "fieldName": "Labels",
                        "newOrDeltaValue": "-restrict-view-commit"
                    }
                ]
            }
        ]
    },
    "fix_commit": "f4bcc37667d82541eaf8a29e0b021fe1d7aa7b5b",
    "repo_addr": "git://git.ghostscript.com/ghostpdl.git"
}