{
    "fix": "https://github.com/ArtifexSoftware/ghostpdl/commit/1b5facd696e036ce738b93505ffd5ad03f0cb63c",
    "verify": "0",
    "localId": 54436,
    "project": "ghostpdl",
    "fuzzer": "libfuzzer",
    "sanitizer": "asan",
    "crash_type": "Segv on unknown address",
    "report": {
        "comments": [
            {
                "projectName": "oss-fuzz",
                "localId": 54436,
                "commenter": {
                    "userId": "382749006",
                    "displayName": "ClusterFuzz-External"
                },
                "timestamp": 1671472892,
                "content": "Detailed Report: https://oss-fuzz.com/testcase?key=5361473184727040\n\nProject: ghostscript\nFuzzing Engine: libFuzzer\nFuzz Target: gs_device_bmpmono_fuzzer\nJob Type: libfuzzer_asan_ghostscript\nPlatform Id: linux\n\nCrash Type: Segv on unknown address\nCrash Address: \nCrash State:\n  chunk_free_object\n  read_xref_stream_entries\n  pdfi_read_xref_stream_dict\n  \nSanitizer: address (ASAN)\n\nRegressed: https://oss-fuzz.com/revisions?job=libfuzzer_asan_ghostscript&range=202212180609:202212190619\n\nReproducer Testcase: https://oss-fuzz.com/download?testcase_id=5361473184727040\n\nIssue filed automatically.\n\nSee https://google.github.io/oss-fuzz/advanced-topics/reproducing for instructions to reproduce this bug locally.\nWhen you fix this bug, please\n  * mention the fix revision(s).\n  * state whether the bug was a short-lived regression or an old bug in any stable releases.\n  * add any other useful information.\nThis information can help downstream consumers.\n\nIf you need to contact the OSS-Fuzz team with a question, concern, or any other feedback, please file an issue at https://github.com/google/oss-fuzz/issues. Comments on individual Monorail issues are not monitored.\n\nThis bug is subject to a 90 day disclosure deadline. If 90 days elapse\nwithout an upstream patch, then the bug report will automatically\nbecome visible to the public.",
                "descriptionNum": 1
            },
            {
                "projectName": "oss-fuzz",
                "localId": 54436,
                "sequenceNum": 1,
                "commenter": {
                    "userId": "1950284618",
                    "displayName": "sheriffbot"
                },
                "timestamp": 1671479753,
                "amendments": [
                    {
                        "fieldName": "Labels",
                        "newOrDeltaValue": "Disclosure-2023-03-20"
                    }
                ]
            },
            {
                "projectName": "oss-fuzz",
                "localId": 54436,
                "sequenceNum": 2,
                "commenter": {
                    "userId": "4278272173",
                    "displayName": "ken.s...@artifex.com"
                },
                "timestamp": 1671546995,
                "content": "I'm afraid I'm going to have to wait for Chris again for this one. I cannot reproduce the problem, and in fact I cannot even see how the execution could reach the point of the error. For me it exits with an error before getting there.\n\nI do see a different potential problem, which I will fix, but I don't see how it could affect this report."
            },
            {
                "projectName": "oss-fuzz",
                "localId": 54436,
                "sequenceNum": 3,
                "commenter": {
                    "userId": "4278272173",
                    "displayName": "ken.s...@artifex.com"
                },
                "timestamp": 1672749886,
                "content": "Fixed upstream https://git.ghostscript.com/?p=ghostpdl.git;a=commit;h=1b5facd696e036ce738b93505ffd5ad03f0cb63c\n"
            },
            {
                "projectName": "oss-fuzz",
                "localId": 54436,
                "sequenceNum": 4,
                "commenter": {
                    "userId": "382749006",
                    "displayName": "ClusterFuzz-External"
                },
                "timestamp": 1672851935,
                "content": "ClusterFuzz testcase 5361473184727040 is verified as fixed in https://oss-fuzz.com/revisions?job=libfuzzer_asan_ghostscript&range=202301030603:202301040607\n\nIf this is incorrect, please file a bug on https://github.com/google/oss-fuzz/issues/new",
                "amendments": [
                    {
                        "fieldName": "Status",
                        "newOrDeltaValue": "Verified",
                        "oldValue": "New"
                    },
                    {
                        "fieldName": "Labels",
                        "newOrDeltaValue": "ClusterFuzz-Verified"
                    }
                ]
            },
            {
                "projectName": "oss-fuzz",
                "localId": 54436,
                "sequenceNum": 5,
                "commenter": {
                    "userId": "1950284618",
                    "displayName": "sheriffbot"
                },
                "timestamp": 1672861625,
                "content": "This bug has been fixed. It has been opened to the public.\n\n- Your friendly Sheriffbot",
                "amendments": [
                    {
                        "fieldName": "Labels",
                        "newOrDeltaValue": "-restrict-view-commit"
                    }
                ]
            }
        ]
    },
    "fix_commit": "1b5facd696e036ce738b93505ffd5ad03f0cb63c",
    "repo_addr": "git://git.ghostscript.com/ghostpdl.git"
}