{
    "fix": "https://github.com/ArtifexSoftware/ghostpdl/commit/ba57f3868fd9539d008032976da44b152332627d",
    "verify": "0",
    "localId": 58423,
    "project": "ghostpdl",
    "fuzzer": "libfuzzer",
    "sanitizer": "asan",
    "crash_type": "Heap-use-after-free READ 8",
    "severity": "High",
    "report": {
        "comments": [
            {
                "projectName": "oss-fuzz",
                "localId": 58423,
                "commenter": {
                    "userId": "382749006",
                    "displayName": "ClusterFuzz-External"
                },
                "timestamp": 1682665691,
                "content": "Detailed Report: https://oss-fuzz.com/testcase?key=5012590379270144\n\nProject: ghostscript\nFuzzing Engine: libFuzzer\nFuzz Target: gs_device_psdcmyk_fuzzer\nJob Type: libfuzzer_asan_ghostscript\nPlatform Id: linux\n\nCrash Type: Heap-use-after-free READ 8\nCrash Address: 0x631000118868\nCrash State:\n  pdfi_cspace_free_callback\n  gs_cspace_final\n  alloc_restore_step_in\n  \nSanitizer: address (ASAN)\n\nRecommended Security Severity: High\n\nRegressed: https://oss-fuzz.com/revisions?job=libfuzzer_asan_ghostscript&range=202304260613:202304270616\n\nReproducer Testcase: https://oss-fuzz.com/download?testcase_id=5012590379270144\n\nIssue filed automatically.\n\nSee https://google.github.io/oss-fuzz/advanced-topics/reproducing for instructions to reproduce this bug locally.\nWhen you fix this bug, please\n  * mention the fix revision(s).\n  * state whether the bug was a short-lived regression or an old bug in any stable releases.\n  * add any other useful information.\nThis information can help downstream consumers.\n\nIf you need to contact the OSS-Fuzz team with a question, concern, or any other feedback, please file an issue at https://github.com/google/oss-fuzz/issues. Comments on individual Monorail issues are not monitored.\n\nThis bug is subject to a 90 day disclosure deadline. If 90 days elapse\nwithout an upstream patch, then the bug report will automatically\nbecome visible to the public.",
                "descriptionNum": 1
            },
            {
                "projectName": "oss-fuzz",
                "localId": 58423,
                "sequenceNum": 1,
                "commenter": {
                    "userId": "1950284618",
                    "displayName": "sheriffbot"
                },
                "timestamp": 1682794661,
                "amendments": [
                    {
                        "fieldName": "Labels",
                        "newOrDeltaValue": "Disclosure-2023-07-27"
                    }
                ]
            },
            {
                "projectName": "oss-fuzz",
                "localId": 58423,
                "sequenceNum": 2,
                "commenter": {
                    "userId": "4278272173",
                    "displayName": "ken.s...@artifex.com"
                },
                "timestamp": 1683122866,
                "content": "I couldn't reproduce the 'use after free' with address sanitiser, but I do see an error reported by the interpreter which (essentially) boils down to a use after free. So I fixed that here:\n\nhttps://git.ghostscript.com/?p=ghostpdl.git;a=commit;h=1e2dc072cd7c71620e5e2810566f3996945b02e5\n\nI'm hopeful this will resolve the bug.\n",
                "amendments": [
                    {
                        "fieldName": "Status",
                        "newOrDeltaValue": "Fixed",
                        "oldValue": "New"
                    }
                ]
            },
            {
                "projectName": "oss-fuzz",
                "localId": 58423,
                "sequenceNum": 3,
                "commenter": {
                    "userId": "1950284618",
                    "displayName": "sheriffbot"
                },
                "timestamp": 1683139708,
                "content": "This bug has been fixed. It has been opened to the public.\n\n- Your friendly Sheriffbot",
                "amendments": [
                    {
                        "fieldName": "Labels",
                        "newOrDeltaValue": "-restrict-view-commit"
                    }
                ]
            },
            {
                "projectName": "oss-fuzz",
                "localId": 58423,
                "sequenceNum": 4,
                "commenter": {
                    "userId": "382749006",
                    "displayName": "ClusterFuzz-External"
                },
                "timestamp": 1683212444,
                "content": "ClusterFuzz testcase 5012590379270144 is verified as fixed in https://oss-fuzz.com/revisions?job=libfuzzer_asan_ghostscript&range=202305030609:202305040601\n\nIf this is incorrect, please file a bug on https://github.com/google/oss-fuzz/issues/new",
                "amendments": [
                    {
                        "fieldName": "Status",
                        "newOrDeltaValue": "Verified",
                        "oldValue": "Fixed"
                    },
                    {
                        "fieldName": "Labels",
                        "newOrDeltaValue": "ClusterFuzz-Verified"
                    }
                ]
            }
        ]
    },
    "fix_commit": [
        "02402b4f07b9889df87522bd0dac52c46dcde947",
        "fc2f216537216654521b86dc26be4ce88837b8e0",
        "e1750d4385e0d7fa56044cf1ed3d377478f72d27",
        "b2992b7fa5dfae682c3c6f8fccb6b16733978e48",
        "f62a3f606db3163b85666a0b8997e52987c87e97",
        "38e5e7a1f535c85f0c0c699214aca533ba552a79",
        "ce43049e4d96507d130fb24fe0c6428e4adeb627",
        "58b8cb0eb5a69d05de97002075763475d481fc7c",
        "fb5e02a1f491a98726de12b754d18ff34aaa3e2d",
        "7cf36fb5bd48c18a793fccc3c89e70587c312fa5",
        "e4ccbacf2a3f39aec058d2d538db1f910301492b",
        "1e2dc072cd7c71620e5e2810566f3996945b02e5",
        "ba57f3868fd9539d008032976da44b152332627d"
    ],
    "repo_addr": "git://git.ghostscript.com/ghostpdl.git"
}