{
    "fix": "https://github.com/open-source-parsers/jsoncpp/commit/2e33c218cbd53b8d016e9230c2f600411b6146b8",
    "verify": "0",
    "localId": 18140,
    "project": "jsoncpp",
    "fuzzer": "libfuzzer",
    "sanitizer": "asan",
    "crash_type": "Heap-buffer-overflow READ 1",
    "severity": "Medium",
    "report": {
        "comments": [
            {
                "projectName": "oss-fuzz",
                "localId": 18140,
                "commenter": {
                    "userId": "382749006",
                    "displayName": "ClusterFuzz-External"
                },
                "timestamp": 1570816927,
                "content": "Detailed Report: https://oss-fuzz.com/testcase?key=4831282042765312\n\nProject: jsoncpp\nFuzzing Engine: libFuzzer\nFuzz Target: jsoncpp_fuzzer\nJob Type: libfuzzer_asan_jsoncpp\nPlatform Id: linux\n\nCrash Type: Heap-buffer-overflow READ 1\nCrash Address: 0x6020000000ba\nCrash State:\n  Json::OurReader::readComment\n  Json::OurReader::readToken\n  Json::OurReader::parse\n  \nSanitizer: address (ASAN)\n\nRecommended Security Severity: Medium\n\nCrash Revision: https://oss-fuzz.com/revisions?job=libfuzzer_asan_jsoncpp&revision=201910111654\n\nReproducer Testcase: https://oss-fuzz.com/download?testcase_id=4831282042765312\n\nIssue filed automatically.\n\nSee https://google.github.io/oss-fuzz/advanced-topics/reproducing for instructions to reproduce this bug locally.\nWhen you fix this bug, please\n  * mention the fix revision(s).\n  * state whether the bug was a short-lived regression or an old bug in any stable releases.\n  * add any other useful information.\nThis information can help downstream consumers.\n\nIf you need to contact the OSS-Fuzz team with a question, concern, or any other feedback, please file an issue at https://github.com/google/oss-fuzz/issues. Comments on individual Monorail issues are not monitored.\n\nThis bug is subject to a 90 day disclosure deadline. If 90 days elapse\nwithout an upstream patch, then the bug report will automatically\nbecome visible to the public.",
                "descriptionNum": 1
            },
            {
                "projectName": "oss-fuzz",
                "localId": 18140,
                "sequenceNum": 1,
                "commenter": {
                    "userId": "382749006",
                    "displayName": "ClusterFuzz-External"
                },
                "timestamp": 1570821705,
                "content": "This crash occurs very frequently on linux platform and is likely preventing the fuzzer jsoncpp_fuzzer from making much progress. Fixing this will allow more bugs to be found.\n\nIf this is incorrect, please file a bug on https://github.com/google/oss-fuzz/issues/new",
                "amendments": [
                    {
                        "fieldName": "Labels",
                        "newOrDeltaValue": "Fuzz-Blocker"
                    }
                ]
            },
            {
                "projectName": "oss-fuzz",
                "localId": 18140,
                "sequenceNum": 2,
                "commenter": {
                    "userId": "1370081956",
                    "displayName": "jophba@chromium.org"
                },
                "timestamp": 1570829206,
                "content": "This looks like an off-by-one error in the fuzzer logic. I have put up a patch here:\n\nhttps://github.com/open-source-parsers/jsoncpp/pull/1047/files"
            },
            {
                "projectName": "oss-fuzz",
                "localId": 18140,
                "sequenceNum": 3,
                "commenter": {
                    "userId": "382749006",
                    "displayName": "ClusterFuzz-External"
                },
                "timestamp": 1570834036,
                "content": "ClusterFuzz testcase 4831282042765312 is verified as fixed in https://oss-fuzz.com/revisions?job=libfuzzer_asan_jsoncpp&range=201910111654:201910112218\n\nIf this is incorrect, please file a bug on https://github.com/google/oss-fuzz/issues/new",
                "amendments": [
                    {
                        "fieldName": "Status",
                        "newOrDeltaValue": "Verified",
                        "oldValue": "New"
                    },
                    {
                        "fieldName": "Labels",
                        "newOrDeltaValue": "ClusterFuzz-Verified"
                    }
                ]
            },
            {
                "projectName": "oss-fuzz",
                "localId": 18140,
                "sequenceNum": 4,
                "commenter": {
                    "userId": "2492115259",
                    "displayName": "mmoroz@google.com"
                },
                "timestamp": 1572042462,
                "amendments": [
                    {
                        "fieldName": "Labels",
                        "newOrDeltaValue": "FuzzIt-2019-OSS-Bugs"
                    }
                ]
            },
            {
                "projectName": "oss-fuzz",
                "localId": 18140,
                "sequenceNum": 5,
                "commenter": {
                    "userId": "4164592774",
                    "displayName": "sheriffbot@chromium.org"
                },
                "timestamp": 1573490379,
                "content": "This bug has been fixed for 30 days. It has been opened to the public.\n\n- Your friendly Sheriffbot",
                "amendments": [
                    {
                        "fieldName": "Labels",
                        "newOrDeltaValue": "-restrict-view-commit"
                    }
                ]
            }
        ]
    },
    "fix_commit": "2e33c218cbd53b8d016e9230c2f600411b6146b8",
    "repo_addr": "https://github.com/open-source-parsers/jsoncpp"
}