{
    "fix": "https://foss.heptapod.net/graphicsmagick/graphicsmagickf9154aa8139f5761d61b8108a2252c55187b0602",
    "verify": "0",
    "localId": 10096,
    "project": "graphicsmagick",
    "fuzzer": "afl",
    "sanitizer": "asan",
    "crash_type": "Heap-buffer-overflow WRITE 4",
    "severity": "High",
    "report": {
        "comments": [
            {
                "projectName": "oss-fuzz",
                "localId": 10096,
                "commenter": {
                    "userId": "382749006",
                    "displayName": "ClusterFuzz-External"
                },
                "timestamp": 1535522691,
                "content": "Detailed report: https://oss-fuzz.com/testcase?key=5093626565099520\n\nProject: graphicsmagick\nFuzzer: afl_graphicsmagick_coder_MVG_fuzzer\nFuzz target binary: coder_MVG_fuzzer\nJob Type: afl_asan_graphicsmagick\nPlatform Id: linux\n\nCrash Type: Heap-buffer-overflow WRITE 4\nCrash Address: 0x6150000004d8\nCrash State:\n  ConvertPrimitiveToPath\n  DrawPolygonPrimitive\n  DrawPrimitive\n  \nSanitizer: address (ASAN)\n\nRecommended Security Severity: High\n\nRegressed: https://oss-fuzz.com/revisions?job=afl_asan_graphicsmagick&range=201807190219:201807200025\n\nReproducer Testcase: https://oss-fuzz.com/download?testcase_id=5093626565099520\n\nIssue filed automatically.\n\nSee https://github.com/google/oss-fuzz/blob/master/docs/reproducing.md for more information.\n\nThis bug is subject to a 90 day disclosure deadline. If 90 days elapse\nwithout an upstream patch, then the bug report will automatically\nbecome visible to the public.\n\nWhen you fix this bug, please\n  * mention the fix revision(s).\n  * state whether the bug was a short-lived regression or an old bug in any stable releases.\n  * add any other useful information.\nThis information can help downstream consumers.\n\nIf you need to contact the OSS-Fuzz team with a question, concern, or any other feedback, please file an issue at https://github.com/google/oss-fuzz/issues.",
                "descriptionNum": 1
            },
            {
                "projectName": "oss-fuzz",
                "localId": 10096,
                "sequenceNum": 1,
                "commenter": {
                    "userId": "382749006",
                    "displayName": "ClusterFuzz-External"
                },
                "timestamp": 1535523068,
                "amendments": [
                    {
                        "fieldName": "Labels",
                        "newOrDeltaValue": "OS-Linux"
                    }
                ]
            },
            {
                "projectName": "oss-fuzz",
                "localId": 10096,
                "sequenceNum": 2,
                "commenter": {
                    "userId": "382749006",
                    "displayName": "ClusterFuzz-External"
                },
                "timestamp": 1535613018,
                "content": "ClusterFuzz has detected this issue as fixed in range 201808290219:201808300221.\n\nDetailed report: https://oss-fuzz.com/testcase?key=5093626565099520\n\nProject: graphicsmagick\nFuzzer: afl_graphicsmagick_coder_MVG_fuzzer\nFuzz target binary: coder_MVG_fuzzer\nJob Type: afl_asan_graphicsmagick\nPlatform Id: linux\n\nCrash Type: Heap-buffer-overflow WRITE 4\nCrash Address: 0x6150000004d8\nCrash State:\n  ConvertPrimitiveToPath\n  DrawPolygonPrimitive\n  DrawPrimitive\n  \nSanitizer: address (ASAN)\n\nRecommended Security Severity: High\n\nRegressed: https://oss-fuzz.com/revisions?job=afl_asan_graphicsmagick&range=201807190219:201807200025\nFixed: https://oss-fuzz.com/revisions?job=afl_asan_graphicsmagick&range=201808290219:201808300221\n\nReproducer Testcase: https://oss-fuzz.com/download?testcase_id=5093626565099520\n\nSee https://github.com/google/oss-fuzz/blob/master/docs/reproducing.md for more information.\n\nIf you suspect that the result above is incorrect, try re-doing that job on the test case report page."
            },
            {
                "projectName": "oss-fuzz",
                "localId": 10096,
                "sequenceNum": 3,
                "commenter": {
                    "userId": "382749006",
                    "displayName": "ClusterFuzz-External"
                },
                "timestamp": 1535613315,
                "content": "ClusterFuzz testcase 5093626565099520 is verified as fixed, so closing issue as verified.\n\nIf this is incorrect, please file a bug on https://github.com/google/oss-fuzz/issues/new",
                "amendments": [
                    {
                        "fieldName": "Status",
                        "newOrDeltaValue": "Verified",
                        "oldValue": "New"
                    },
                    {
                        "fieldName": "Labels",
                        "newOrDeltaValue": "ClusterFuzz-Verified"
                    }
                ]
            },
            {
                "projectName": "oss-fuzz",
                "localId": 10096,
                "sequenceNum": 4,
                "commenter": {
                    "userId": "4164592774",
                    "displayName": "sheriffbot@chromium.org"
                },
                "timestamp": 1538234587,
                "content": "This bug has been fixed for 30 days. It has been opened to the public.\n\n- Your friendly Sheriffbot",
                "amendments": [
                    {
                        "fieldName": "Labels",
                        "newOrDeltaValue": "-restrict-view-commit"
                    }
                ]
            }
        ]
    },
    "fix_commit": "f9154aa8139f5761d61b8108a2252c55187b0602",
    "repo_addr": "https://foss.heptapod.net/graphicsmagick/graphicsmagick"
}