{
    "fix": "https://foss.heptapod.net/graphicsmagick/graphicsmagickcba247b8e1f16e37cf2744fee3d71cb323e5d387",
    "verify": "0",
    "localId": 13160,
    "project": "graphicsmagick",
    "fuzzer": "afl",
    "sanitizer": "asan",
    "crash_type": "Heap-buffer-overflow READ 8",
    "severity": "Medium",
    "report": {
        "comments": [
            {
                "projectName": "oss-fuzz",
                "localId": 13160,
                "commenter": {
                    "userId": "382749006",
                    "displayName": "ClusterFuzz-External"
                },
                "timestamp": 1550422516,
                "content": "Detailed report: https://oss-fuzz.com/testcase?key=5741583656288256\n\nProject: graphicsmagick\nFuzzer: afl_graphicsmagick_coder_MVG_fuzzer\nFuzz target binary: coder_MVG_fuzzer\nJob Type: afl_asan_graphicsmagick\nPlatform Id: linux\n\nCrash Type: Heap-buffer-overflow READ 8\nCrash Address: 0x611000040358\nCrash State:\n  DrawDashPolygon\n  DrawPrimitive\n  DrawImage\n  \nSanitizer: address (ASAN)\n\nRecommended Security Severity: Medium\n\nRegressed: https://oss-fuzz.com/revisions?job=afl_asan_graphicsmagick&range=201807190219:201807200025\n\nReproducer Testcase: https://oss-fuzz.com/download?testcase_id=5741583656288256\n\nIssue filed automatically.\n\nSee https://github.com/google/oss-fuzz/blob/master/docs/reproducing.md for instructions to reproduce this bug locally.\n\nThis bug is subject to a 90 day disclosure deadline. If 90 days elapse\nwithout an upstream patch, then the bug report will automatically\nbecome visible to the public.\n\nWhen you fix this bug, please\n  * mention the fix revision(s).\n  * state whether the bug was a short-lived regression or an old bug in any stable releases.\n  * add any other useful information.\nThis information can help downstream consumers.\n\nIf you need to contact the OSS-Fuzz team with a question, concern, or any other feedback, please file an issue at https://github.com/google/oss-fuzz/issues.",
                "descriptionNum": 1
            },
            {
                "projectName": "oss-fuzz",
                "localId": 13160,
                "sequenceNum": 1,
                "commenter": {
                    "userId": "382749006",
                    "displayName": "ClusterFuzz-External"
                },
                "timestamp": 1550503006,
                "content": "ClusterFuzz has detected this issue as fixed in range 201902170227:201902180224.\n\nDetailed report: https://oss-fuzz.com/testcase?key=5741583656288256\n\nProject: graphicsmagick\nFuzzer: afl_graphicsmagick_coder_MVG_fuzzer\nFuzz target binary: coder_MVG_fuzzer\nJob Type: afl_asan_graphicsmagick\nPlatform Id: linux\n\nCrash Type: Heap-buffer-overflow READ 8\nCrash Address: 0x611000040358\nCrash State:\n  DrawDashPolygon\n  DrawPrimitive\n  DrawImage\n  \nSanitizer: address (ASAN)\n\nRecommended Security Severity: Medium\n\nRegressed: https://oss-fuzz.com/revisions?job=afl_asan_graphicsmagick&range=201807190219:201807200025\nFixed: https://oss-fuzz.com/revisions?job=afl_asan_graphicsmagick&range=201902170227:201902180224\n\nReproducer Testcase: https://oss-fuzz.com/download?testcase_id=5741583656288256\n\nSee https://github.com/google/oss-fuzz/blob/master/docs/reproducing.md for instructions to reproduce this bug locally.\n\nIf you suspect that the result above is incorrect, try re-doing that job on the test case report page."
            },
            {
                "projectName": "oss-fuzz",
                "localId": 13160,
                "sequenceNum": 2,
                "commenter": {
                    "userId": "382749006",
                    "displayName": "ClusterFuzz-External"
                },
                "timestamp": 1550504829,
                "content": "ClusterFuzz testcase 5741583656288256 is verified as fixed, so closing issue as verified.\n\nIf this is incorrect, please file a bug on https://github.com/google/oss-fuzz/issues/new",
                "amendments": [
                    {
                        "fieldName": "Status",
                        "newOrDeltaValue": "Verified",
                        "oldValue": "New"
                    },
                    {
                        "fieldName": "Labels",
                        "newOrDeltaValue": "ClusterFuzz-Verified"
                    }
                ]
            },
            {
                "projectName": "oss-fuzz",
                "localId": 13160,
                "sequenceNum": 3,
                "commenter": {
                    "userId": "4164592774",
                    "displayName": "sheriffbot@chromium.org"
                },
                "timestamp": 1553181843,
                "content": "This bug has been fixed for 30 days. It has been opened to the public.\n\n- Your friendly Sheriffbot",
                "amendments": [
                    {
                        "fieldName": "Labels",
                        "newOrDeltaValue": "-restrict-view-commit"
                    }
                ]
            }
        ]
    },
    "fix_commit": "cba247b8e1f16e37cf2744fee3d71cb323e5d387",
    "repo_addr": "https://foss.heptapod.net/graphicsmagick/graphicsmagick"
}