{
    "fix": "https://foss.heptapod.net/graphicsmagick/graphicsmagick83b4d2b4b873dc2cb29cd7dff5c209c2b8f05682",
    "verify": "0",
    "localId": 22046,
    "project": "graphicsmagick",
    "fuzzer": "afl",
    "sanitizer": "asan",
    "crash_type": "Heap-use-after-free WRITE 2",
    "severity": "High",
    "report": {
        "comments": [
            {
                "projectName": "oss-fuzz",
                "localId": 22046,
                "commenter": {
                    "userId": "382749006",
                    "displayName": "ClusterFuzz-External"
                },
                "timestamp": 1588736488,
                "content": "Detailed Report: https://oss-fuzz.com/testcase?key=6294798204141568\n\nProject: graphicsmagick\nFuzzing Engine: afl\nFuzz Target: coder_WPG_fuzzer\nJob Type: afl_asan_graphicsmagick\nPlatform Id: linux\n\nCrash Type: Heap-use-after-free WRITE 2\nCrash Address: 0x62100059c64c\nCrash State:\n  ImportGrayQuantumType\n  ImportViewPixelArea\n  InsertRow\n  \nSanitizer: address (ASAN)\n\nRecommended Security Severity: High\n\nRegressed: https://oss-fuzz.com/revisions?job=afl_asan_graphicsmagick&range=202001110239:202001120238\n\nReproducer Testcase: https://oss-fuzz.com/download?testcase_id=6294798204141568\n\nIssue filed automatically.\n\nSee https://google.github.io/oss-fuzz/advanced-topics/reproducing for instructions to reproduce this bug locally.\nWhen you fix this bug, please\n  * mention the fix revision(s).\n  * state whether the bug was a short-lived regression or an old bug in any stable releases.\n  * add any other useful information.\nThis information can help downstream consumers.\n\nIf you need to contact the OSS-Fuzz team with a question, concern, or any other feedback, please file an issue at https://github.com/google/oss-fuzz/issues. Comments on individual Monorail issues are not monitored.\n\nThis bug is subject to a 90 day disclosure deadline. If 90 days elapse\nwithout an upstream patch, then the bug report will automatically\nbecome visible to the public.",
                "descriptionNum": 1
            },
            {
                "projectName": "oss-fuzz",
                "localId": 22046,
                "sequenceNum": 1,
                "commenter": {
                    "userId": "1950284618",
                    "displayName": "sheriffbot"
                },
                "timestamp": 1589055205,
                "amendments": [
                    {
                        "fieldName": "Labels",
                        "newOrDeltaValue": "Disclosure-2020-08-04"
                    }
                ]
            },
            {
                "projectName": "oss-fuzz",
                "localId": 22046,
                "sequenceNum": 2,
                "commenter": {
                    "userId": "517868923",
                    "displayName": "bobjf...@gmail.com"
                },
                "timestamp": 1590932755,
                "content": "Fixed by Mercurial changeset 16292:83b4d2b4b873."
            },
            {
                "projectName": "oss-fuzz",
                "localId": 22046,
                "sequenceNum": 3,
                "commenter": {
                    "userId": "382749006",
                    "displayName": "ClusterFuzz-External"
                },
                "timestamp": 1590935905,
                "content": "ClusterFuzz testcase 6294798204141568 is verified as fixed in https://oss-fuzz.com/revisions?job=afl_asan_graphicsmagick&range=202005300143:202005310142\n\nIf this is incorrect, please file a bug on https://github.com/google/oss-fuzz/issues/new",
                "amendments": [
                    {
                        "fieldName": "Status",
                        "newOrDeltaValue": "Verified",
                        "oldValue": "New"
                    },
                    {
                        "fieldName": "Labels",
                        "newOrDeltaValue": "ClusterFuzz-Verified"
                    }
                ]
            },
            {
                "projectName": "oss-fuzz",
                "localId": 22046,
                "sequenceNum": 4,
                "commenter": {
                    "userId": "1950284618",
                    "displayName": "sheriffbot"
                },
                "timestamp": 1593547407,
                "content": "This bug has been fixed for 30 days. It has been opened to the public.\n\n- Your friendly Sheriffbot",
                "amendments": [
                    {
                        "fieldName": "Labels",
                        "newOrDeltaValue": "-restrict-view-commit"
                    }
                ]
            }
        ]
    },
    "fix_commit": "83b4d2b4b873dc2cb29cd7dff5c209c2b8f05682",
    "repo_addr": "https://foss.heptapod.net/graphicsmagick/graphicsmagick"
}