{
    "fix": "https://foss.heptapod.net/graphicsmagick/graphicsmagick14b2a9e3380ab3b57821f361509eac7032f1e67a",
    "verify": "0",
    "localId": 46843,
    "project": "graphicsmagick",
    "fuzzer": "libfuzzer",
    "sanitizer": "asan",
    "crash_type": "Heap-use-after-free READ 4",
    "severity": "High",
    "report": {
        "comments": [
            {
                "projectName": "oss-fuzz",
                "localId": 46843,
                "commenter": {
                    "userId": "382749006",
                    "displayName": "ClusterFuzz-External"
                },
                "timestamp": 1650386263,
                "content": "Detailed Report: https://oss-fuzz.com/testcase?key=5386410326097920\n\nProject: graphicsmagick\nFuzzing Engine: libFuzzer\nFuzz Target: enhance_fuzzer\nJob Type: libfuzzer_asan_i386_graphicsmagick\nPlatform Id: linux\n\nCrash Type: Heap-use-after-free READ 4\nCrash Address: 0xf2a0a700\nCrash State:\n  CloseBlob\n  ReadMNGImage\n  ReadImage\n  \nSanitizer: address (ASAN)\n\nRecommended Security Severity: High\n\nRegressed: https://oss-fuzz.com/revisions?job=libfuzzer_asan_i386_graphicsmagick&range=202112210606:202112220607\n\nReproducer Testcase: https://oss-fuzz.com/download?testcase_id=5386410326097920\n\nIssue filed automatically.\n\nSee https://google.github.io/oss-fuzz/advanced-topics/reproducing for instructions to reproduce this bug locally.\nWhen you fix this bug, please\n  * mention the fix revision(s).\n  * state whether the bug was a short-lived regression or an old bug in any stable releases.\n  * add any other useful information.\nThis information can help downstream consumers.\n\nIf you need to contact the OSS-Fuzz team with a question, concern, or any other feedback, please file an issue at https://github.com/google/oss-fuzz/issues. Comments on individual Monorail issues are not monitored.\n\nThis bug is subject to a 90 day disclosure deadline. If 90 days elapse\nwithout an upstream patch, then the bug report will automatically\nbecome visible to the public.",
                "descriptionNum": 1
            },
            {
                "projectName": "oss-fuzz",
                "localId": 46843,
                "sequenceNum": 1,
                "commenter": {
                    "userId": "1950284618",
                    "displayName": "sheriffbot"
                },
                "timestamp": 1650394391,
                "amendments": [
                    {
                        "fieldName": "Labels",
                        "newOrDeltaValue": "Disclosure-2022-07-18"
                    }
                ]
            },
            {
                "projectName": "oss-fuzz",
                "localId": 46843,
                "sequenceNum": 2,
                "commenter": {
                    "userId": "382749006",
                    "displayName": "ClusterFuzz-External"
                },
                "timestamp": 1650554930,
                "content": "ClusterFuzz testcase 5386410326097920 is verified as fixed in https://oss-fuzz.com/revisions?job=libfuzzer_asan_i386_graphicsmagick&range=202204180602:202204210605\n\nIf this is incorrect, please file a bug on https://github.com/google/oss-fuzz/issues/new",
                "amendments": [
                    {
                        "fieldName": "Status",
                        "newOrDeltaValue": "Verified",
                        "oldValue": "New"
                    },
                    {
                        "fieldName": "Labels",
                        "newOrDeltaValue": "ClusterFuzz-Verified"
                    }
                ]
            },
            {
                "projectName": "oss-fuzz",
                "localId": 46843,
                "sequenceNum": 3,
                "commenter": {
                    "userId": "1950284618",
                    "displayName": "sheriffbot"
                },
                "timestamp": 1650566765,
                "content": "This bug has been fixed. It has been opened to the public.\n\n- Your friendly Sheriffbot",
                "amendments": [
                    {
                        "fieldName": "Labels",
                        "newOrDeltaValue": "-restrict-view-commit"
                    }
                ]
            }
        ]
    },
    "fix_commit": "14b2a9e3380ab3b57821f361509eac7032f1e67a",
    "repo_addr": "https://foss.heptapod.net/graphicsmagick/graphicsmagick"
}