{
    "fix": "https://foss.heptapod.net/graphicsmagick/graphicsmagick9ba9461c5648f5a7fef4c96396f108c7466d120d",
    "verify": "0",
    "localId": 58661,
    "project": "graphicsmagick",
    "fuzzer": "afl",
    "sanitizer": "asan",
    "crash_type": "Heap-buffer-overflow READ 1",
    "severity": "Medium",
    "report": {
        "comments": [
            {
                "projectName": "oss-fuzz",
                "localId": 58661,
                "commenter": {
                    "userId": "382749006",
                    "displayName": "ClusterFuzz-External"
                },
                "timestamp": 1683297917,
                "content": "Detailed Report: https://oss-fuzz.com/testcase?key=5319412560035840\n\nProject: graphicsmagick\nFuzzing Engine: afl\nFuzz Target: coder_TOPOL_fuzzer\nJob Type: afl_asan_graphicsmagick\nPlatform Id: linux\n\nCrash Type: Heap-buffer-overflow READ 1\nCrash Address: 0x6250000140ff\nCrash State:\n  CheckFName\n  ReadTopoLImage\n  ReadImage\n  \nSanitizer: address (ASAN)\n\nRecommended Security Severity: Medium\n\nRegressed: https://oss-fuzz.com/revisions?job=afl_asan_graphicsmagick&range=202305040611:202305050622\n\nReproducer Testcase: https://oss-fuzz.com/download?testcase_id=5319412560035840\n\nIssue filed automatically.\n\nSee https://google.github.io/oss-fuzz/advanced-topics/reproducing for instructions to reproduce this bug locally.\nWhen you fix this bug, please\n  * mention the fix revision(s).\n  * state whether the bug was a short-lived regression or an old bug in any stable releases.\n  * add any other useful information.\nThis information can help downstream consumers.\n\nIf you need to contact the OSS-Fuzz team with a question, concern, or any other feedback, please file an issue at https://github.com/google/oss-fuzz/issues. Comments on individual Monorail issues are not monitored.\n\nThis bug is subject to a 90 day disclosure deadline. If 90 days elapse\nwithout an upstream patch, then the bug report will automatically\nbecome visible to the public.",
                "descriptionNum": 1
            },
            {
                "projectName": "oss-fuzz",
                "localId": 58661,
                "sequenceNum": 1,
                "commenter": {
                    "userId": "1950284618",
                    "displayName": "sheriffbot"
                },
                "timestamp": 1683313288,
                "amendments": [
                    {
                        "fieldName": "Labels",
                        "newOrDeltaValue": "Disclosure-2023-08-03"
                    }
                ]
            },
            {
                "projectName": "oss-fuzz",
                "localId": 58661,
                "sequenceNum": 2,
                "commenter": {
                    "userId": "382749006",
                    "displayName": "ClusterFuzz-External"
                },
                "timestamp": 1683384121,
                "content": "ClusterFuzz testcase 5319412560035840 is verified as fixed in https://oss-fuzz.com/revisions?job=afl_asan_graphicsmagick&range=202305050622:202305060611\n\nIf this is incorrect, please file a bug on https://github.com/google/oss-fuzz/issues/new",
                "amendments": [
                    {
                        "fieldName": "Status",
                        "newOrDeltaValue": "Verified",
                        "oldValue": "New"
                    },
                    {
                        "fieldName": "Labels",
                        "newOrDeltaValue": "ClusterFuzz-Verified"
                    }
                ]
            },
            {
                "projectName": "oss-fuzz",
                "localId": 58661,
                "sequenceNum": 3,
                "commenter": {
                    "userId": "1950284618",
                    "displayName": "sheriffbot"
                },
                "timestamp": 1683398793,
                "content": "This bug has been fixed. It has been opened to the public.\n\n- Your friendly Sheriffbot",
                "amendments": [
                    {
                        "fieldName": "Labels",
                        "newOrDeltaValue": "-restrict-view-commit"
                    }
                ]
            }
        ]
    },
    "fix_commit": "9ba9461c5648f5a7fef4c96396f108c7466d120d",
    "repo_addr": "https://foss.heptapod.net/graphicsmagick/graphicsmagick"
}