{
    "fix": "https://foss.heptapod.net/graphicsmagick/graphicsmagick2b6c3f79e3f21d1b3e7640ce6de481d71cfa9608",
    "verify": "0",
    "localId": 8615,
    "project": "graphicsmagick",
    "fuzzer": "afl",
    "sanitizer": "asan",
    "crash_type": "Heap-buffer-overflow READ 1",
    "severity": "Medium",
    "report": {
        "comments": [
            {
                "projectName": "oss-fuzz",
                "localId": 8615,
                "commenter": {
                    "userId": "382749006",
                    "displayName": "ClusterFuzz-External"
                },
                "timestamp": 1527603601,
                "content": "Detailed report: https://oss-fuzz.com/testcase?key=4655694362968064\n\nProject: graphicsmagick\nFuzzer: afl_graphicsmagick_coder_MNG_fuzzer\nFuzz target binary: coder_MNG_fuzzer\nJob Type: afl_asan_graphicsmagick\nPlatform Id: linux\n\nCrash Type: Heap-buffer-overflow READ 1\nCrash Address: 0x602000000219\nCrash State:\n  mng_get_long\n  ReadMNGImage\n  ReadImage\n  \nSanitizer: address (ASAN)\n\nRecommended Security Severity: Medium\n\nRegressed: https://oss-fuzz.com/revisions?job=afl_asan_graphicsmagick&range=201805110540:201805251618\n\nReproducer Testcase: https://oss-fuzz.com/download?testcase_id=4655694362968064\n\nIssue filed automatically.\n\nSee https://github.com/google/oss-fuzz/blob/master/docs/reproducing.md for more information.\n\nThis bug is subject to a 90 day disclosure deadline. If 90 days elapse\nwithout an upstream patch, then the bug report will automatically\nbecome visible to the public.\n\nWhen you fix this bug, please\n  * mention the fix revision(s).\n  * state whether the bug was a short-lived regression or an old bug in any stable releases.\n  * add any other useful information.\nThis information can help downstream consumers.\n\nIf you need to contact the OSS-Fuzz team with a question, concern, or any other feedback, please file an issue at https://github.com/google/oss-fuzz/issues.",
                "descriptionNum": 1
            },
            {
                "projectName": "oss-fuzz",
                "localId": 8615,
                "sequenceNum": 1,
                "commenter": {
                    "userId": "382749006",
                    "displayName": "ClusterFuzz-External"
                },
                "timestamp": 1527603823,
                "amendments": [
                    {
                        "fieldName": "Labels",
                        "newOrDeltaValue": "OS-Linux"
                    }
                ]
            },
            {
                "projectName": "oss-fuzz",
                "localId": 8615,
                "sequenceNum": 2,
                "commenter": {
                    "userId": "382749006",
                    "displayName": "ClusterFuzz-External"
                },
                "timestamp": 1527923539,
                "content": "ClusterFuzz has detected this issue as fixed in range 201805312148:201806012215.\n\nDetailed report: https://oss-fuzz.com/testcase?key=4655694362968064\n\nProject: graphicsmagick\nFuzzer: afl_graphicsmagick_coder_MNG_fuzzer\nFuzz target binary: coder_MNG_fuzzer\nJob Type: afl_asan_graphicsmagick\nPlatform Id: linux\n\nCrash Type: Heap-buffer-overflow READ 1\nCrash Address: 0x602000000219\nCrash State:\n  mng_get_long\n  ReadMNGImage\n  ReadImage\n  \nSanitizer: address (ASAN)\n\nRecommended Security Severity: Medium\n\nRegressed: https://oss-fuzz.com/revisions?job=afl_asan_graphicsmagick&range=201805110540:201805251618\nFixed: https://oss-fuzz.com/revisions?job=afl_asan_graphicsmagick&range=201805312148:201806012215\n\nReproducer Testcase: https://oss-fuzz.com/download?testcase_id=4655694362968064\n\nSee https://github.com/google/oss-fuzz/blob/master/docs/reproducing.md for more information.\n\nIf you suspect that the result above is incorrect, try re-doing that job on the test case report page."
            },
            {
                "projectName": "oss-fuzz",
                "localId": 8615,
                "sequenceNum": 3,
                "commenter": {
                    "userId": "382749006",
                    "displayName": "ClusterFuzz-External"
                },
                "timestamp": 1527924089,
                "content": "ClusterFuzz testcase 4655694362968064 is verified as fixed, so closing issue as verified.\n\nIf this is incorrect, please file a bug on https://github.com/google/oss-fuzz/issues/new",
                "amendments": [
                    {
                        "fieldName": "Status",
                        "newOrDeltaValue": "Verified",
                        "oldValue": "New"
                    },
                    {
                        "fieldName": "Labels",
                        "newOrDeltaValue": "ClusterFuzz-Verified"
                    }
                ]
            },
            {
                "projectName": "oss-fuzz",
                "localId": 8615,
                "sequenceNum": 4,
                "commenter": {
                    "userId": "4164592774",
                    "displayName": "sheriffbot@chromium.org"
                },
                "timestamp": 1530544887,
                "content": "This bug has been fixed for 30 days. It has been opened to the public.\n\n- Your friendly Sheriffbot",
                "amendments": [
                    {
                        "fieldName": "Labels",
                        "newOrDeltaValue": "-restrict-view-commit"
                    }
                ]
            }
        ]
    },
    "fix_commit": "2b6c3f79e3f21d1b3e7640ce6de481d71cfa9608",
    "repo_addr": "https://foss.heptapod.net/graphicsmagick/graphicsmagick"
}