{
    "fix": "https://foss.heptapod.net/graphicsmagick/graphicsmagick330c47dd5cf26a070884f5d21a8fa1db1bf64319",
    "verify": "0",
    "localId": 8743,
    "project": "graphicsmagick",
    "fuzzer": "libfuzzer",
    "sanitizer": "asan",
    "crash_type": "Heap-buffer-overflow READ 1",
    "severity": "Medium",
    "report": {
        "comments": [
            {
                "projectName": "oss-fuzz",
                "localId": 8743,
                "commenter": {
                    "userId": "382749006",
                    "displayName": "ClusterFuzz-External"
                },
                "timestamp": 1528143489,
                "content": "Detailed report: https://oss-fuzz.com/testcase?key=5167342743977984\n\nProject: graphicsmagick\nFuzzer: libFuzzer_graphicsmagick_coder_PNG_fuzzer\nFuzz target binary: coder_PNG_fuzzer\nJob Type: libfuzzer_asan_graphicsmagick\nPlatform Id: linux\n\nCrash Type: Heap-buffer-overflow READ 1\nCrash Address: 0x6150000207b3\nCrash State:\n  png_read_raw_profile\n  ReadOnePNGImage\n  ReadPNGImage\n  \nSanitizer: address (ASAN)\n\nRecommended Security Severity: Medium\n\nRegressed: https://oss-fuzz.com/revisions?job=libfuzzer_asan_graphicsmagick&range=201805110540:201805120543\n\nReproducer Testcase: https://oss-fuzz.com/download?testcase_id=5167342743977984\n\nIssue filed automatically.\n\nSee https://github.com/google/oss-fuzz/blob/master/docs/reproducing.md for more information.\n\nThis bug is subject to a 90 day disclosure deadline. If 90 days elapse\nwithout an upstream patch, then the bug report will automatically\nbecome visible to the public.\n\nWhen you fix this bug, please\n  * mention the fix revision(s).\n  * state whether the bug was a short-lived regression or an old bug in any stable releases.\n  * add any other useful information.\nThis information can help downstream consumers.\n\nIf you need to contact the OSS-Fuzz team with a question, concern, or any other feedback, please file an issue at https://github.com/google/oss-fuzz/issues.",
                "descriptionNum": 1
            },
            {
                "projectName": "oss-fuzz",
                "localId": 8743,
                "sequenceNum": 1,
                "commenter": {
                    "userId": "382749006",
                    "displayName": "ClusterFuzz-External"
                },
                "timestamp": 1528144282,
                "amendments": [
                    {
                        "fieldName": "Labels",
                        "newOrDeltaValue": "OS-Linux"
                    }
                ]
            },
            {
                "projectName": "oss-fuzz",
                "localId": 8743,
                "sequenceNum": 2,
                "commenter": {
                    "userId": "382749006",
                    "displayName": "ClusterFuzz-External"
                },
                "timestamp": 1528182494,
                "content": "ClusterFuzz has detected this issue as fixed in range 201806040555:201806050559.\n\nDetailed report: https://oss-fuzz.com/testcase?key=5167342743977984\n\nProject: graphicsmagick\nFuzzer: libFuzzer_graphicsmagick_coder_PNG_fuzzer\nFuzz target binary: coder_PNG_fuzzer\nJob Type: libfuzzer_asan_graphicsmagick\nPlatform Id: linux\n\nCrash Type: Heap-buffer-overflow READ 1\nCrash Address: 0x6150000207b3\nCrash State:\n  png_read_raw_profile\n  ReadOnePNGImage\n  ReadPNGImage\n  \nSanitizer: address (ASAN)\n\nRecommended Security Severity: Medium\n\nRegressed: https://oss-fuzz.com/revisions?job=libfuzzer_asan_graphicsmagick&range=201805110540:201805120543\nFixed: https://oss-fuzz.com/revisions?job=libfuzzer_asan_graphicsmagick&range=201806040555:201806050559\n\nReproducer Testcase: https://oss-fuzz.com/download?testcase_id=5167342743977984\n\nSee https://github.com/google/oss-fuzz/blob/master/docs/reproducing.md for more information.\n\nIf you suspect that the result above is incorrect, try re-doing that job on the test case report page."
            },
            {
                "projectName": "oss-fuzz",
                "localId": 8743,
                "sequenceNum": 3,
                "commenter": {
                    "userId": "382749006",
                    "displayName": "ClusterFuzz-External"
                },
                "timestamp": 1528183329,
                "content": "ClusterFuzz testcase 5167342743977984 is verified as fixed, so closing issue as verified.\n\nIf this is incorrect, please file a bug on https://github.com/google/oss-fuzz/issues/new",
                "amendments": [
                    {
                        "fieldName": "Status",
                        "newOrDeltaValue": "Verified",
                        "oldValue": "New"
                    },
                    {
                        "fieldName": "Labels",
                        "newOrDeltaValue": "ClusterFuzz-Verified"
                    }
                ]
            },
            {
                "projectName": "oss-fuzz",
                "localId": 8743,
                "sequenceNum": 4,
                "commenter": {
                    "userId": "4164592774",
                    "displayName": "sheriffbot@chromium.org"
                },
                "timestamp": 1530804083,
                "content": "This bug has been fixed for 30 days. It has been opened to the public.\n\n- Your friendly Sheriffbot",
                "amendments": [
                    {
                        "fieldName": "Labels",
                        "newOrDeltaValue": "-restrict-view-commit"
                    }
                ]
            }
        ]
    },
    "fix_commit": "330c47dd5cf26a070884f5d21a8fa1db1bf64319",
    "repo_addr": "https://foss.heptapod.net/graphicsmagick/graphicsmagick"
}