{
    "fix": "https://foss.heptapod.net/graphicsmagick/graphicsmagick99feb27a67193addef13b93a74ec9b3e83feb52c",
    "verify": "0",
    "localId": 9357,
    "project": "graphicsmagick",
    "fuzzer": "afl",
    "sanitizer": "asan",
    "crash_type": "Heap-buffer-overflow READ 1",
    "severity": "Medium",
    "report": {
        "comments": [
            {
                "projectName": "oss-fuzz",
                "localId": 9357,
                "commenter": {
                    "userId": "382749006",
                    "displayName": "ClusterFuzz-External"
                },
                "timestamp": 1531326192,
                "content": "Detailed report: https://oss-fuzz.com/testcase?key=5095077398446080\n\nProject: graphicsmagick\nFuzzer: afl_graphicsmagick_coder_MIFF_fuzzer\nFuzz target binary: coder_MIFF_fuzzer\nJob Type: afl_asan_graphicsmagick\nPlatform Id: linux\n\nCrash Type: Heap-buffer-overflow READ 1\nCrash Address: 0x607000000533\nCrash State:\n  ImportRGBQuantumType\n  ImportViewPixelArea\n  ReadMIFFImage\n  \nSanitizer: address (ASAN)\n\nRecommended Security Severity: Medium\n\nRegressed: https://oss-fuzz.com/revisions?job=afl_asan_graphicsmagick&range=201807100603:201807102347\n\nReproducer Testcase: https://oss-fuzz.com/download?testcase_id=5095077398446080\n\nIssue filed automatically.\n\nSee https://github.com/google/oss-fuzz/blob/master/docs/reproducing.md for more information.\n\nThis bug is subject to a 90 day disclosure deadline. If 90 days elapse\nwithout an upstream patch, then the bug report will automatically\nbecome visible to the public.\n\nWhen you fix this bug, please\n  * mention the fix revision(s).\n  * state whether the bug was a short-lived regression or an old bug in any stable releases.\n  * add any other useful information.\nThis information can help downstream consumers.\n\nIf you need to contact the OSS-Fuzz team with a question, concern, or any other feedback, please file an issue at https://github.com/google/oss-fuzz/issues.",
                "descriptionNum": 1
            },
            {
                "projectName": "oss-fuzz",
                "localId": 9357,
                "sequenceNum": 1,
                "commenter": {
                    "userId": "382749006",
                    "displayName": "ClusterFuzz-External"
                },
                "timestamp": 1531326920,
                "amendments": [
                    {
                        "fieldName": "Labels",
                        "newOrDeltaValue": "OS-Linux"
                    }
                ]
            },
            {
                "projectName": "oss-fuzz",
                "localId": 9357,
                "sequenceNum": 2,
                "commenter": {
                    "userId": "382749006",
                    "displayName": "ClusterFuzz-External"
                },
                "timestamp": 1531551858,
                "content": "ClusterFuzz has detected this issue as fixed in range 201807120601:201807130612.\n\nDetailed report: https://oss-fuzz.com/testcase?key=5095077398446080\n\nProject: graphicsmagick\nFuzzer: afl_graphicsmagick_coder_MIFF_fuzzer\nFuzz target binary: coder_MIFF_fuzzer\nJob Type: afl_asan_graphicsmagick\nPlatform Id: linux\n\nCrash Type: Heap-buffer-overflow READ 1\nCrash Address: 0x607000000533\nCrash State:\n  ImportRGBQuantumType\n  ImportViewPixelArea\n  ReadMIFFImage\n  \nSanitizer: address (ASAN)\n\nRecommended Security Severity: Medium\n\nRegressed: https://oss-fuzz.com/revisions?job=afl_asan_graphicsmagick&range=201807100603:201807102347\nFixed: https://oss-fuzz.com/revisions?job=afl_asan_graphicsmagick&range=201807120601:201807130612\n\nReproducer Testcase: https://oss-fuzz.com/download?testcase_id=5095077398446080\n\nSee https://github.com/google/oss-fuzz/blob/master/docs/reproducing.md for more information.\n\nIf you suspect that the result above is incorrect, try re-doing that job on the test case report page."
            },
            {
                "projectName": "oss-fuzz",
                "localId": 9357,
                "sequenceNum": 3,
                "commenter": {
                    "userId": "382749006",
                    "displayName": "ClusterFuzz-External"
                },
                "timestamp": 1531552511,
                "content": "ClusterFuzz testcase 5095077398446080 is verified as fixed, so closing issue as verified.\n\nIf this is incorrect, please file a bug on https://github.com/google/oss-fuzz/issues/new",
                "amendments": [
                    {
                        "fieldName": "Status",
                        "newOrDeltaValue": "Verified",
                        "oldValue": "New"
                    },
                    {
                        "fieldName": "Labels",
                        "newOrDeltaValue": "ClusterFuzz-Verified"
                    }
                ]
            },
            {
                "projectName": "oss-fuzz",
                "localId": 9357,
                "sequenceNum": 4,
                "commenter": {
                    "userId": "4164592774",
                    "displayName": "sheriffbot@chromium.org"
                },
                "timestamp": 1534173917,
                "content": "This bug has been fixed for 30 days. It has been opened to the public.\n\n- Your friendly Sheriffbot",
                "amendments": [
                    {
                        "fieldName": "Labels",
                        "newOrDeltaValue": "-restrict-view-commit"
                    }
                ]
            }
        ]
    },
    "fix_commit": "99feb27a67193addef13b93a74ec9b3e83feb52c",
    "repo_addr": "https://foss.heptapod.net/graphicsmagick/graphicsmagick"
}