{
    "fix": "https://anongit.freedesktop.org/git/poppler/poppler.git155f73bdd261622323491df4aebb840cde8bfee1",
    "verify": "0",
    "localId": 21604,
    "project": "poppler",
    "fuzzer": "honggfuzz",
    "sanitizer": "asan",
    "crash_type": "Heap-use-after-free WRITE 4",
    "severity": "High",
    "report": {
        "comments": [
            {
                "projectName": "oss-fuzz",
                "localId": 21604,
                "commenter": {
                    "userId": "382749006",
                    "displayName": "ClusterFuzz-External"
                },
                "timestamp": 1586246028,
                "content": "Detailed Report: https://oss-fuzz.com/testcase?key=5672947982532608\n\nProject: poppler\nFuzzing Engine: honggfuzz\nFuzz Target: pdf_fuzzer\nJob Type: honggfuzz_asan_poppler\nPlatform Id: linux\n\nCrash Type: Heap-use-after-free WRITE 4\nCrash Address: 0x608000007ac8\nCrash State:\n  int std::__1::__cxx_atomic_fetch_sub<int>\n  std::__1::__atomic_base<int, true>::operator--\n  Object::free\n  \nSanitizer: address (ASAN)\n\nRecommended Security Severity: High\n\nRegressed: https://oss-fuzz.com/revisions?job=honggfuzz_asan_poppler&range=202004060133:202004070137\n\nReproducer Testcase: https://oss-fuzz.com/download?testcase_id=5672947982532608\n\nIssue filed automatically.\n\nSee https://google.github.io/oss-fuzz/advanced-topics/reproducing for instructions to reproduce this bug locally.\nWhen you fix this bug, please\n  * mention the fix revision(s).\n  * state whether the bug was a short-lived regression or an old bug in any stable releases.\n  * add any other useful information.\nThis information can help downstream consumers.\n\nIf you need to contact the OSS-Fuzz team with a question, concern, or any other feedback, please file an issue at https://github.com/google/oss-fuzz/issues. Comments on individual Monorail issues are not monitored.\n\nThis bug is subject to a 90 day disclosure deadline. If 90 days elapse\nwithout an upstream patch, then the bug report will automatically\nbecome visible to the public.",
                "descriptionNum": 1
            },
            {
                "projectName": "oss-fuzz",
                "localId": 21604,
                "sequenceNum": 1,
                "commenter": {
                    "userId": "1950284618",
                    "displayName": "sheriffbot"
                },
                "timestamp": 1586286263,
                "amendments": [
                    {
                        "fieldName": "Labels",
                        "newOrDeltaValue": "Disclosure-2020-07-06"
                    }
                ]
            },
            {
                "projectName": "oss-fuzz",
                "localId": 21604,
                "sequenceNum": 2,
                "commenter": {
                    "userId": "382749006",
                    "displayName": "ClusterFuzz-External"
                },
                "timestamp": 1586417658,
                "content": "ClusterFuzz testcase 5672947982532608 is verified as fixed in https://oss-fuzz.com/revisions?job=honggfuzz_asan_poppler&range=202004070137:202004080134\n\nIf this is incorrect, please file a bug on https://github.com/google/oss-fuzz/issues/new",
                "amendments": [
                    {
                        "fieldName": "Status",
                        "newOrDeltaValue": "Verified",
                        "oldValue": "New"
                    },
                    {
                        "fieldName": "Labels",
                        "newOrDeltaValue": "ClusterFuzz-Verified"
                    }
                ]
            },
            {
                "projectName": "oss-fuzz",
                "localId": 21604,
                "sequenceNum": 3,
                "commenter": {
                    "userId": "1950284618",
                    "displayName": "sheriffbot"
                },
                "timestamp": 1589054569,
                "content": "This bug has been fixed for 30 days. It has been opened to the public.\n\n- Your friendly Sheriffbot",
                "amendments": [
                    {
                        "fieldName": "Labels",
                        "newOrDeltaValue": "-restrict-view-commit"
                    }
                ]
            }
        ]
    },
    "fix_commit": "155f73bdd261622323491df4aebb840cde8bfee1",
    "repo_addr": "https://anongit.freedesktop.org/git/poppler/poppler.git"
}