{
    "fix": "https://github.com/KDE/karchive/commit/b401e24093d8b3405a8a349d926131fb56cad631",
    "verify": "0",
    "localId": 14245,
    "project": "karchive",
    "fuzzer": "afl",
    "sanitizer": "asan",
    "crash_type": "Heap-use-after-free READ 8",
    "severity": "High",
    "report": {
        "comments": [
            {
                "projectName": "oss-fuzz",
                "localId": 14245,
                "commenter": {
                    "userId": "382749006",
                    "displayName": "ClusterFuzz-External"
                },
                "timestamp": 1555236642,
                "content": "Detailed report: https://oss-fuzz.com/testcase?key=6207244191924224\n\nProject: kimageformats\nFuzzer: afl_kimageformats_kimgio_fuzzer\nFuzz target binary: kimgio_fuzzer\nJob Type: afl_asan_kimageformats\nPlatform Id: linux\n\nCrash Type: Heap-use-after-free READ 8\nCrash Address: 0x6030000032e0\nCrash State:\n  void qDeleteAll<QHash<QString, KArchiveEntry*>::const_iterator>\n  KArchiveDirectoryPrivate::~KArchiveDirectoryPrivate\n  KArchiveDirectory::~KArchiveDirectory\n  \nSanitizer: address (ASAN)\n\nRecommended Security Severity: High\n\nRegressed: https://oss-fuzz.com/revisions?job=afl_asan_kimageformats&range=201904130252:201904140246\n\nReproducer Testcase: https://oss-fuzz.com/download?testcase_id=6207244191924224\n\nIssue filed automatically.\n\nSee https://github.com/google/oss-fuzz/blob/master/docs/reproducing.md for instructions to reproduce this bug locally.\n\nThis bug is subject to a 90 day disclosure deadline. If 90 days elapse\nwithout an upstream patch, then the bug report will automatically\nbecome visible to the public.\n\nWhen you fix this bug, please\n  * mention the fix revision(s).\n  * state whether the bug was a short-lived regression or an old bug in any stable releases.\n  * add any other useful information.\nThis information can help downstream consumers.\n\nIf you need to contact the OSS-Fuzz team with a question, concern, or any other feedback, please file an issue at https://github.com/google/oss-fuzz/issues.",
                "descriptionNum": 1
            },
            {
                "projectName": "oss-fuzz",
                "localId": 14245,
                "sequenceNum": 1,
                "commenter": {
                    "userId": "382749006",
                    "displayName": "ClusterFuzz-External"
                },
                "timestamp": 1555237697,
                "amendments": [
                    {
                        "fieldName": "Labels",
                        "newOrDeltaValue": "OS-Linux"
                    }
                ]
            },
            {
                "projectName": "oss-fuzz",
                "localId": 14245,
                "sequenceNum": 2,
                "commenter": {
                    "userId": "382749006",
                    "displayName": "ClusterFuzz-External"
                },
                "timestamp": 1555337166,
                "content": "ClusterFuzz has detected this issue as fixed in range 201904140246:201904150250.\n\nDetailed report: https://oss-fuzz.com/testcase?key=6207244191924224\n\nProject: kimageformats\nFuzzer: afl_kimageformats_kimgio_fuzzer\nFuzz target binary: kimgio_fuzzer\nJob Type: afl_asan_kimageformats\nPlatform Id: linux\n\nCrash Type: Heap-use-after-free READ 8\nCrash Address: 0x6030000032e0\nCrash State:\n  void qDeleteAll<QHash<QString, KArchiveEntry*>::const_iterator>\n  KArchiveDirectoryPrivate::~KArchiveDirectoryPrivate\n  KArchiveDirectory::~KArchiveDirectory\n  \nSanitizer: address (ASAN)\n\nRecommended Security Severity: High\n\nRegressed: https://oss-fuzz.com/revisions?job=afl_asan_kimageformats&range=201904130252:201904140246\nFixed: https://oss-fuzz.com/revisions?job=afl_asan_kimageformats&range=201904140246:201904150250\n\nReproducer Testcase: https://oss-fuzz.com/download?testcase_id=6207244191924224\n\nSee https://github.com/google/oss-fuzz/blob/master/docs/reproducing.md for instructions to reproduce this bug locally.\n\nIf you suspect that the result above is incorrect, try re-doing that job on the test case report page."
            },
            {
                "projectName": "oss-fuzz",
                "localId": 14245,
                "sequenceNum": 3,
                "commenter": {
                    "userId": "382749006",
                    "displayName": "ClusterFuzz-External"
                },
                "timestamp": 1555338660,
                "content": "ClusterFuzz testcase 6207244191924224 is verified as fixed, so closing issue as verified.\n\nIf this is incorrect, please file a bug on https://github.com/google/oss-fuzz/issues/new",
                "amendments": [
                    {
                        "fieldName": "Status",
                        "newOrDeltaValue": "Verified",
                        "oldValue": "New"
                    },
                    {
                        "fieldName": "Labels",
                        "newOrDeltaValue": "ClusterFuzz-Verified"
                    }
                ]
            },
            {
                "projectName": "oss-fuzz",
                "localId": 14245,
                "sequenceNum": 4,
                "commenter": {
                    "userId": "4164592774",
                    "displayName": "sheriffbot@chromium.org"
                },
                "timestamp": 1557934009,
                "content": "This bug has been fixed for 30 days. It has been opened to the public.\n\n- Your friendly Sheriffbot",
                "amendments": [
                    {
                        "fieldName": "Labels",
                        "newOrDeltaValue": "-restrict-view-commit"
                    }
                ]
            }
        ]
    },
    "fix_commit": "b401e24093d8b3405a8a349d926131fb56cad631",
    "repo_addr": "https://github.com/KDE/karchive.git"
}