{
    "fix": "https://github.com/KDE/karchive/commit/5dedab8cb9ec5acb94d6f9957f0f3494f59a3316",
    "verify": "0",
    "localId": 14959,
    "project": "karchive",
    "fuzzer": "libfuzzer",
    "sanitizer": "asan",
    "crash_type": "Heap-buffer-overflow WRITE 1",
    "severity": "High",
    "report": {
        "comments": [
            {
                "projectName": "oss-fuzz",
                "localId": 14959,
                "commenter": {
                    "userId": "382749006",
                    "displayName": "ClusterFuzz-External"
                },
                "timestamp": 1558847317,
                "content": "Detailed report: https://oss-fuzz.com/testcase?key=5178838151069696\n\nProject: karchive\nFuzzer: libFuzzer_karchive_fuzzer\nFuzz target binary: karchive_fuzzer\nJob Type: libfuzzer_asan_karchive\nPlatform Id: linux\n\nCrash Type: Heap-buffer-overflow WRITE 1\nCrash Address: 0x62b000014219\nCrash State:\n  inflate\n  KGzipFilter::uncompress\n  KCompressionDevice::readData\n  \nSanitizer: address (ASAN)\n\nRecommended Security Severity: High\n\nRegressed: https://oss-fuzz.com/revisions?job=libfuzzer_asan_karchive&range=201905250252:201905260250\n\nReproducer Testcase: https://oss-fuzz.com/download?testcase_id=5178838151069696\n\nIssue filed automatically.\n\nSee https://github.com/google/oss-fuzz/blob/master/docs/reproducing.md for instructions to reproduce this bug locally.\n\nThis bug is subject to a 90 day disclosure deadline. If 90 days elapse\nwithout an upstream patch, then the bug report will automatically\nbecome visible to the public.\n\nWhen you fix this bug, please\n  * mention the fix revision(s).\n  * state whether the bug was a short-lived regression or an old bug in any stable releases.\n  * add any other useful information.\nThis information can help downstream consumers.\n\nIf you need to contact the OSS-Fuzz team with a question, concern, or any other feedback, please file an issue at https://github.com/google/oss-fuzz/issues.",
                "descriptionNum": 1
            },
            {
                "projectName": "oss-fuzz",
                "localId": 14959,
                "sequenceNum": 1,
                "commenter": {
                    "userId": "382749006",
                    "displayName": "ClusterFuzz-External"
                },
                "timestamp": 1558848843,
                "amendments": [
                    {
                        "fieldName": "Labels",
                        "newOrDeltaValue": "OS-Linux"
                    }
                ]
            },
            {
                "projectName": "oss-fuzz",
                "localId": 14959,
                "sequenceNum": 2,
                "commenter": {
                    "userId": "382749006",
                    "displayName": "ClusterFuzz-External"
                },
                "timestamp": 1559052312,
                "content": "ClusterFuzz has detected this issue as fixed in range 201905270250:201905280333.\n\nDetailed report: https://oss-fuzz.com/testcase?key=5178838151069696\n\nProject: karchive\nFuzzer: libFuzzer_karchive_fuzzer\nFuzz target binary: karchive_fuzzer\nJob Type: libfuzzer_asan_karchive\nPlatform Id: linux\n\nCrash Type: Heap-buffer-overflow WRITE 1\nCrash Address: 0x62b000014219\nCrash State:\n  inflate\n  KGzipFilter::uncompress\n  KCompressionDevice::readData\n  \nSanitizer: address (ASAN)\n\nRecommended Security Severity: High\n\nRegressed: https://oss-fuzz.com/revisions?job=libfuzzer_asan_karchive&range=201905250252:201905260250\nFixed: https://oss-fuzz.com/revisions?job=libfuzzer_asan_karchive&range=201905270250:201905280333\n\nReproducer Testcase: https://oss-fuzz.com/download?testcase_id=5178838151069696\n\nSee https://github.com/google/oss-fuzz/blob/master/docs/reproducing.md for instructions to reproduce this bug locally.\n\nIf you suspect that the result above is incorrect, try re-doing that job on the test case report page."
            },
            {
                "projectName": "oss-fuzz",
                "localId": 14959,
                "sequenceNum": 3,
                "commenter": {
                    "userId": "382749006",
                    "displayName": "ClusterFuzz-External"
                },
                "timestamp": 1559053299,
                "content": "ClusterFuzz testcase 5178838151069696 is verified as fixed, so closing issue as verified.\n\nIf this is incorrect, please file a bug on https://github.com/google/oss-fuzz/issues/new",
                "amendments": [
                    {
                        "fieldName": "Status",
                        "newOrDeltaValue": "Verified",
                        "oldValue": "New"
                    },
                    {
                        "fieldName": "Labels",
                        "newOrDeltaValue": "ClusterFuzz-Verified"
                    }
                ]
            },
            {
                "projectName": "oss-fuzz",
                "localId": 14959,
                "sequenceNum": 4,
                "commenter": {
                    "userId": "4164592774",
                    "displayName": "sheriffbot@chromium.org"
                },
                "timestamp": 1561649213,
                "content": "This bug has been fixed for 30 days. It has been opened to the public.\n\n- Your friendly Sheriffbot",
                "amendments": [
                    {
                        "fieldName": "Labels",
                        "newOrDeltaValue": "-restrict-view-commit"
                    }
                ]
            }
        ]
    },
    "fix_commit": "5dedab8cb9ec5acb94d6f9957f0f3494f59a3316",
    "repo_addr": "https://github.com/KDE/karchive.git"
}