{
    "fix": "https://github.com/davea42/libdwarf-code/commit/c5b909630bb566cdbf68fae4091f049f3b22ff11",
    "verify": "0",
    "localId": 59699,
    "project": "libdwarf",
    "fuzzer": "libfuzzer",
    "sanitizer": "asan",
    "crash_type": "UNKNOWN READ",
    "severity": "Medium",
    "report": {
        "comments": [
            {
                "projectName": "oss-fuzz",
                "localId": 59699,
                "commenter": {
                    "userId": "382749006",
                    "displayName": "ClusterFuzz-External"
                },
                "timestamp": 1686225708,
                "content": "Detailed Report: https://oss-fuzz.com/testcase?key=6523659305746432\n\nProject: libdwarf\nFuzzing Engine: libFuzzer\nFuzz Target: fuzz_stack_frame_access\nJob Type: libfuzzer_asan_libdwarf\nPlatform Id: linux\n\nCrash Type: UNKNOWN READ\nCrash Address: 0x620fb7085100\nCrash State:\n  _dwarf_memcpy_noswap_bytes\n  _dwarf_read_cie_fde_prefix\n  dwarf_get_fde_for_die\n  \nSanitizer: address (ASAN)\n\nRecommended Security Severity: Medium\n\nRegressed: https://oss-fuzz.com/revisions?job=libfuzzer_asan_libdwarf&range=202302270604:202302280619\n\nReproducer Testcase: https://oss-fuzz.com/download?testcase_id=6523659305746432\n\nIssue filed automatically.\n\nSee https://google.github.io/oss-fuzz/advanced-topics/reproducing for instructions to reproduce this bug locally.\nWhen you fix this bug, please\n  * mention the fix revision(s).\n  * state whether the bug was a short-lived regression or an old bug in any stable releases.\n  * add any other useful information.\nThis information can help downstream consumers.\n\nIf you need to contact the OSS-Fuzz team with a question, concern, or any other feedback, please file an issue at https://github.com/google/oss-fuzz/issues. Comments on individual Monorail issues are not monitored.\n\nThis bug is subject to a 90 day disclosure deadline. If 90 days elapse\nwithout an upstream patch, then the bug report will automatically\nbecome visible to the public.",
                "descriptionNum": 1
            },
            {
                "projectName": "oss-fuzz",
                "localId": 59699,
                "sequenceNum": 1,
                "commenter": {
                    "userId": "1950284618",
                    "displayName": "sheriffbot"
                },
                "timestamp": 1686336977,
                "amendments": [
                    {
                        "fieldName": "Labels",
                        "newOrDeltaValue": "Disclosure-2023-09-06"
                    }
                ]
            },
            {
                "projectName": "oss-fuzz",
                "localId": 59699,
                "sequenceNum": 2,
                "commenter": {
                    "userId": "382749006",
                    "displayName": "ClusterFuzz-External"
                },
                "timestamp": 1686503928,
                "content": "ClusterFuzz testcase 6523659305746432 is verified as fixed in https://oss-fuzz.com/revisions?job=libfuzzer_asan_libdwarf&range=202306100623:202306110622\n\nIf this is incorrect, please file a bug on https://github.com/google/oss-fuzz/issues/new",
                "amendments": [
                    {
                        "fieldName": "Status",
                        "newOrDeltaValue": "Verified",
                        "oldValue": "New"
                    },
                    {
                        "fieldName": "Labels",
                        "newOrDeltaValue": "ClusterFuzz-Verified"
                    }
                ]
            },
            {
                "projectName": "oss-fuzz",
                "localId": 59699,
                "sequenceNum": 3,
                "commenter": {
                    "userId": "1950284618",
                    "displayName": "sheriffbot"
                },
                "timestamp": 1686508930,
                "content": "This bug has been fixed. It has been opened to the public.\n\n- Your friendly Sheriffbot",
                "amendments": [
                    {
                        "fieldName": "Labels",
                        "newOrDeltaValue": "-restrict-view-commit"
                    }
                ]
            }
        ]
    },
    "fix_commit": "c5b909630bb566cdbf68fae4091f049f3b22ff11",
    "repo_addr": "https://github.com/davea42/libdwarf-code"
}