{
    "fix": "https://github.com/Exiv2/exiv2/commit/d16ca65b01188d28afbe5a52b1495ac0270dd95a",
    "verify": "0",
    "localId": 45993,
    "project": "exiv2",
    "fuzzer": "libfuzzer",
    "sanitizer": "asan",
    "crash_type": "Heap-buffer-overflow READ 1",
    "severity": "Medium",
    "report": {
        "comments": [
            {
                "localId": 45993,
                "descriptionNum": 1,
                "projectName": "oss-fuzz",
                "commenter": {
                    "displayName": "ClusterFuzz-External",
                    "userId": "382749006"
                },
                "content": "Detailed Report: https://oss-fuzz.com/testcase?key=5186226698715136\n\nProject: exiv2\nFuzzing Engine: libFuzzer\nFuzz Target: fuzz-read-print-write\nJob Type: libfuzzer_asan_exiv2\nPlatform Id: linux\n\nCrash Type: Heap-buffer-overflow READ 1\nCrash Address: 0x602000000094\nCrash State:\n  Exiv2::getULong\n  Exiv2::Internal::isValidBoxFileType\n  Exiv2::Jp2Image::readMetadata\n  \nSanitizer: address (ASAN)\n\nRecommended Security Severity: Medium\n\nRegressed: https://oss-fuzz.com/revisions?job=libfuzzer_asan_exiv2&range=202203230609:202203240612\n\nReproducer Testcase: https://oss-fuzz.com/download?testcase_id=5186226698715136\n\nIssue filed automatically.\n\nSee https://google.github.io/oss-fuzz/advanced-topics/reproducing for instructions to reproduce this bug locally.\nWhen you fix this bug, please\n  * mention the fix revision(s).\n  * state whether the bug was a short-lived regression or an old bug in any stable releases.\n  * add any other useful information.\nThis information can help downstream consumers.\n\nIf you need to contact the OSS-Fuzz team with a question, concern, or any other feedback, please file an issue at https://github.com/google/oss-fuzz/issues. Comments on individual Monorail issues are not monitored.\n\nThis bug is subject to a 90 day disclosure deadline. If 90 days elapse\nwithout an upstream patch, then the bug report will automatically\nbecome visible to the public.",
                "timestamp": 1648140712
            },
            {
                "amendments": [
                    {
                        "fieldName": "Labels",
                        "newOrDeltaValue": "Disclosure-2022-06-22"
                    }
                ],
                "localId": 45993,
                "projectName": "oss-fuzz",
                "commenter": {
                    "displayName": "sheriffbot",
                    "userId": "1950284618"
                },
                "sequenceNum": 1,
                "timestamp": 1648148294
            },
            {
                "amendments": [
                    {
                        "fieldName": "Labels",
                        "newOrDeltaValue": "Fuzz-Blocker"
                    }
                ],
                "localId": 45993,
                "projectName": "oss-fuzz",
                "commenter": {
                    "displayName": "ClusterFuzz-External",
                    "userId": "382749006"
                },
                "content": "This crash occurs very frequently on linux platform and is likely preventing the fuzzer fuzz-read-print-write from making much progress. Fixing this will allow more bugs to be found.\n\nIf this is incorrect, please file a bug on https://github.com/google/oss-fuzz/issues/new",
                "sequenceNum": 2,
                "timestamp": 1648725806
            },
            {
                "amendments": [
                    {
                        "fieldName": "Status",
                        "oldValue": "New",
                        "newOrDeltaValue": "Verified"
                    },
                    {
                        "fieldName": "Labels",
                        "newOrDeltaValue": "ClusterFuzz-Verified"
                    }
                ],
                "localId": 45993,
                "projectName": "oss-fuzz",
                "commenter": {
                    "displayName": "ClusterFuzz-External",
                    "userId": "382749006"
                },
                "content": "ClusterFuzz testcase 5186226698715136 is verified as fixed in https://oss-fuzz.com/revisions?job=libfuzzer_asan_exiv2&range=202204010603:202204020608\n\nIf this is incorrect, please file a bug on https://github.com/google/oss-fuzz/issues/new",
                "sequenceNum": 3,
                "timestamp": 1648910444
            },
            {
                "amendments": [
                    {
                        "fieldName": "Labels",
                        "newOrDeltaValue": "-restrict-view-commit"
                    }
                ],
                "localId": 45993,
                "projectName": "oss-fuzz",
                "commenter": {
                    "displayName": "sheriffbot",
                    "userId": "1950284618"
                },
                "content": "This bug has been fixed. It has been opened to the public.\n\n- Your friendly Sheriffbot",
                "sequenceNum": 4,
                "timestamp": 1648924541
            }
        ]
    },
    "fix_commit": "d16ca65b01188d28afbe5a52b1495ac0270dd95a",
    "repo_addr": "https://github.com/Exiv2/exiv2"
}