{
    "fix": "https://github.com/openssl/openssl/commit/aec9667bd19a8ca9bdd519db3a231a95b9e92674",
    "verify": "0",
    "localId": 17715,
    "project": "openssl",
    "fuzzer": "libfuzzer",
    "sanitizer": "asan",
    "crash_type": "Heap-buffer-overflow READ 14",
    "severity": "Medium",
    "report": {
        "comments": [
            {
                "localId": 17715,
                "descriptionNum": 1,
                "projectName": "oss-fuzz",
                "commenter": {
                    "displayName": "ClusterFuzz-External",
                    "userId": "382749006"
                },
                "content": "Detailed Report: https://oss-fuzz.com/testcase?key=5652285425713152\n\nProject: openssl\nFuzzing Engine: libFuzzer\nFuzz Target: x509\nJob Type: libfuzzer_asan_openssl\nPlatform Id: linux\n\nCrash Type: Heap-buffer-overflow READ 14\nCrash Address: 0x6020000005fd\nCrash State:\n  CRYPTO_strdup\n  X509V3_add_value\n  i2v_GENERAL_NAME\n  \nSanitizer: address (ASAN)\n\nRecommended Security Severity: Medium\n\nRegressed: https://oss-fuzz.com/revisions?job=libfuzzer_asan_openssl&range=201909240354:201909250356\n\nReproducer Testcase: https://oss-fuzz.com/download?testcase_id=5652285425713152\n\nIssue filed automatically.\n\nSee https://google.github.io/oss-fuzz/advanced-topics/reproducing for instructions to reproduce this bug locally.\nWhen you fix this bug, please\n  * mention the fix revision(s).\n  * state whether the bug was a short-lived regression or an old bug in any stable releases.\n  * add any other useful information.\nThis information can help downstream consumers.\n\nIf you need to contact the OSS-Fuzz team with a question, concern, or any other feedback, please file an issue at https://github.com/google/oss-fuzz/issues. Comments on individual Monorail issues are not monitored.\n\nThis bug is subject to a 90 day disclosure deadline. If 90 days elapse\nwithout an upstream patch, then the bug report will automatically\nbecome visible to the public.",
                "timestamp": 1569399278
            },
            {
                "amendments": [
                    {
                        "fieldName": "Labels",
                        "newOrDeltaValue": "Disclosure-2019-12-24"
                    }
                ],
                "localId": 17715,
                "projectName": "oss-fuzz",
                "commenter": {
                    "displayName": "sheriffbot@chromium.org",
                    "userId": "4164592774"
                },
                "sequenceNum": 1,
                "timestamp": 1570895904
            },
            {
                "localId": 17715,
                "projectName": "oss-fuzz",
                "commenter": {
                    "displayName": "caswe...@googlemail.com",
                    "userId": "1567238968"
                },
                "content": "This problem affects master only and was recently added by commit 4baee2d. The problem was we were assuming that the ASN1 type we read was the the ASN1 type we were expecting. This resulted in an ASN1_INTEGER being treated as an ASN1_UTF8STRING...with bad results.\n\nFix for this issue here:\n\nhttps://github.com/openssl/openssl/pull/10300",
                "sequenceNum": 2,
                "timestamp": 1572442993
            },
            {
                "amendments": [
                    {
                        "fieldName": "Status",
                        "oldValue": "New",
                        "newOrDeltaValue": "Verified"
                    },
                    {
                        "fieldName": "Labels",
                        "newOrDeltaValue": "ClusterFuzz-Verified"
                    }
                ],
                "localId": 17715,
                "projectName": "oss-fuzz",
                "commenter": {
                    "displayName": "ClusterFuzz-External",
                    "userId": "382749006"
                },
                "content": "ClusterFuzz testcase 5652285425713152 is verified as fixed in https://oss-fuzz.com/revisions?job=libfuzzer_asan_openssl&range=201911040504:201911050507\n\nIf this is incorrect, please file a bug on https://github.com/google/oss-fuzz/issues/new",
                "sequenceNum": 3,
                "timestamp": 1572966682
            },
            {
                "amendments": [
                    {
                        "fieldName": "Labels",
                        "newOrDeltaValue": "-restrict-view-commit"
                    }
                ],
                "localId": 17715,
                "projectName": "oss-fuzz",
                "commenter": {
                    "displayName": "sheriffbot@chromium.org",
                    "userId": "4164592774"
                },
                "content": "This bug has been fixed for 30 days. It has been opened to the public.\n\n- Your friendly Sheriffbot",
                "sequenceNum": 4,
                "timestamp": 1575564105
            }
        ]
    },
    "fix_commit": "aec9667bd19a8ca9bdd519db3a231a95b9e92674",
    "repo_addr": "https://github.com/openssl/openssl.git"
}