{
    "fix": "https://gitlab.com/libidn/libidn2/-/commit/e4d1558aa2c1c04a05066ee8600f37603890ba8c",
    "verify": "0",
    "localId": 12420,
    "project": "libidn2",
    "fuzzer": "libfuzzer",
    "sanitizer": "asan",
    "crash_type": "Heap-buffer-overflow WRITE {*}",
    "severity": "High",
    "report": {
        "comments": [
            {
                "projectName": "oss-fuzz",
                "localId": 12420,
                "commenter": {
                    "userId": "382749006",
                    "displayName": "ClusterFuzz-External"
                },
                "timestamp": 1546866036,
                "content": "Detailed report: https://oss-fuzz.com/testcase?key=5644466457673728\n\nProject: libidn2\nFuzzer: libFuzzer_libidn2_to_ascii_8z_fuzzer\nFuzz target binary: libidn2_to_ascii_8z_fuzzer\nJob Type: libfuzzer_asan_libidn2\nPlatform Id: linux\n\nCrash Type: Heap-buffer-overflow WRITE {*}\nCrash Address: 0x6060000001e0\nCrash State:\n  idn2_to_ascii_4i\n  libidn2_to_ascii_8z_fuzzer.c\n  \nSanitizer: address (ASAN)\n\nRecommended Security Severity: High\n\nRegressed: https://oss-fuzz.com/revisions?job=libfuzzer_asan_libidn2&range=201901050251:201901070252\n\nReproducer Testcase: https://oss-fuzz.com/download?testcase_id=5644466457673728\n\nIssue filed automatically.\n\nSee https://github.com/google/oss-fuzz/blob/master/docs/reproducing.md for instructions to reproduce this bug locally.\n\nThis bug is subject to a 90 day disclosure deadline. If 90 days elapse\nwithout an upstream patch, then the bug report will automatically\nbecome visible to the public.\n\nWhen you fix this bug, please\n  * mention the fix revision(s).\n  * state whether the bug was a short-lived regression or an old bug in any stable releases.\n  * add any other useful information.\nThis information can help downstream consumers.\n\nIf you need to contact the OSS-Fuzz team with a question, concern, or any other feedback, please file an issue at https://github.com/google/oss-fuzz/issues.",
                "descriptionNum": 1
            },
            {
                "projectName": "oss-fuzz",
                "localId": 12420,
                "sequenceNum": 1,
                "commenter": {
                    "userId": "382749006",
                    "displayName": "ClusterFuzz-External"
                },
                "timestamp": 1546866982,
                "amendments": [
                    {
                        "fieldName": "Labels",
                        "newOrDeltaValue": "OS-Linux"
                    }
                ]
            },
            {
                "projectName": "oss-fuzz",
                "localId": 12420,
                "sequenceNum": 2,
                "commenter": {
                    "userId": "382749006",
                    "displayName": "ClusterFuzz-External"
                },
                "timestamp": 1547132693,
                "content": "ClusterFuzz has detected this issue as fixed in range 201901090251:201901100247.\n\nDetailed report: https://oss-fuzz.com/testcase?key=5644466457673728\n\nProject: libidn2\nFuzzer: libFuzzer_libidn2_to_ascii_8z_fuzzer\nFuzz target binary: libidn2_to_ascii_8z_fuzzer\nJob Type: libfuzzer_asan_libidn2\nPlatform Id: linux\n\nCrash Type: Heap-buffer-overflow WRITE {*}\nCrash Address: 0x6060000001e0\nCrash State:\n  idn2_to_ascii_4i\n  libidn2_to_ascii_8z_fuzzer.c\n  \nSanitizer: address (ASAN)\n\nRecommended Security Severity: High\n\nRegressed: https://oss-fuzz.com/revisions?job=libfuzzer_asan_libidn2&range=201901050251:201901070252\nFixed: https://oss-fuzz.com/revisions?job=libfuzzer_asan_libidn2&range=201901090251:201901100247\n\nReproducer Testcase: https://oss-fuzz.com/download?testcase_id=5644466457673728\n\nSee https://github.com/google/oss-fuzz/blob/master/docs/reproducing.md for instructions to reproduce this bug locally.\n\nIf you suspect that the result above is incorrect, try re-doing that job on the test case report page."
            },
            {
                "projectName": "oss-fuzz",
                "localId": 12420,
                "sequenceNum": 3,
                "commenter": {
                    "userId": "382749006",
                    "displayName": "ClusterFuzz-External"
                },
                "timestamp": 1547132727,
                "content": "ClusterFuzz testcase 5644466457673728 is verified as fixed, so closing issue as verified.\n\nIf this is incorrect, please file a bug on https://github.com/google/oss-fuzz/issues/new",
                "amendments": [
                    {
                        "fieldName": "Status",
                        "newOrDeltaValue": "Verified",
                        "oldValue": "New"
                    },
                    {
                        "fieldName": "Labels",
                        "newOrDeltaValue": "ClusterFuzz-Verified"
                    }
                ]
            },
            {
                "projectName": "oss-fuzz",
                "localId": 12420,
                "sequenceNum": 4,
                "commenter": {
                    "userId": "4164592774",
                    "displayName": "sheriffbot@chromium.org"
                },
                "timestamp": 1549729521,
                "content": "This bug has been fixed for 30 days. It has been opened to the public.\n\n- Your friendly Sheriffbot",
                "amendments": [
                    {
                        "fieldName": "Labels",
                        "newOrDeltaValue": "-restrict-view-commit"
                    }
                ]
            }
        ]
    },
    "fix_commit": "e4d1558aa2c1c04a05066ee8600f37603890ba8c",
    "repo_addr": "https://gitlab.com/libidn/libidn2.git"
}