{
    "fix": "https://android.googlesource.com/platform/external/aac//+/273a43f61fdd07e29f2dd62ab3ee95ff8e29a832%5E%21/",
    "verify": "0",
    "localId": 16972,
    "project": "aac",
    "fuzzer": "libfuzzer",
    "sanitizer": "ubsan",
    "crash_type": "Index-out-of-bounds",
    "severity": "Medium",
    "report": {
        "comments": [
            {
                "localId": 16972,
                "descriptionNum": 1,
                "projectName": "oss-fuzz",
                "commenter": {
                    "displayName": "ClusterFuzz-External",
                    "userId": "382749006"
                },
                "content": "Detailed Report: https://oss-fuzz.com/testcase?key=5745965901807616\n\nProject: libfdk-aac\nFuzzing Engine: libFuzzer\nFuzz Target: aacDecoder_DecodeFrame\nJob Type: libfuzzer_ubsan_libfdk-aac\nPlatform Id: linux\n\nCrash Type: Index-out-of-bounds\nCrash Address: \nCrash State:\n  sbrGetChannelElement\n  sbrDecoder_Parse\n  aacDecoder_ParseExplicitMpsAndSbr\n  \nSanitizer: undefined (UBSAN)\n\nRecommended Security Severity: Medium\n\nCrash Revision: https://oss-fuzz.com/revisions?job=libfuzzer_ubsan_libfdk-aac&revision=201909040312\n\nReproducer Testcase: https://oss-fuzz.com/download?testcase_id=5745965901807616\n\nIssue filed automatically.\n\nSee https://google.github.io/oss-fuzz/advanced-topics/reproducing for instructions to reproduce this bug locally.\n\nThis bug is subject to a 90 day disclosure deadline. If 90 days elapse\nwithout an upstream patch, then the bug report will automatically\nbecome visible to the public.",
                "timestamp": 1567642957
            },
            {
                "amendments": [
                    {
                        "fieldName": "Status",
                        "oldValue": "New",
                        "newOrDeltaValue": "Verified"
                    },
                    {
                        "fieldName": "Labels",
                        "newOrDeltaValue": "ClusterFuzz-Verified"
                    }
                ],
                "localId": 16972,
                "projectName": "oss-fuzz",
                "commenter": {
                    "displayName": "ClusterFuzz-External",
                    "userId": "382749006"
                },
                "content": "ClusterFuzz testcase 5745965901807616 is verified as fixed in https://oss-fuzz.com/revisions?job=libfuzzer_ubsan_libfdk-aac&range=201909050239:201909060327\n\nIf this is incorrect, please file a bug on https://github.com/google/oss-fuzz/issues/new",
                "sequenceNum": 1,
                "timestamp": 1567781326
            },
            {
                "amendments": [
                    {
                        "fieldName": "Labels",
                        "newOrDeltaValue": "-restrict-view-commit"
                    }
                ],
                "localId": 16972,
                "projectName": "oss-fuzz",
                "commenter": {
                    "displayName": "sheriffbot@chromium.org",
                    "userId": "4164592774"
                },
                "content": "This bug has been fixed for 30 days. It has been opened to the public.\n\n- Your friendly Sheriffbot",
                "sequenceNum": 2,
                "timestamp": 1570376370
            }
        ]
    },
    "fix_commit": "273a43f61fdd07e29f2dd62ab3ee95ff8e29a832",
    "repo_addr": "https://android.googlesource.com/platform/external/aac/"
}