{
    "fix": "https://github.com/lpereira/lwan/commit/b506275b36827f194bc15d77bd6d2f8f7b3b935f",
    "verify": "0",
    "localId": 14455,
    "project": "lwan",
    "fuzzer": "libfuzzer",
    "sanitizer": "asan",
    "crash_type": "Negative-size-param",
    "report": {
        "comments": [
            {
                "projectName": "oss-fuzz",
                "localId": 14455,
                "commenter": {
                    "userId": "382749006",
                    "displayName": "ClusterFuzz-External"
                },
                "timestamp": 1556248604,
                "content": "Detailed report: https://oss-fuzz.com/testcase?key=5091179189764096\n\nProject: lwan\nFuzzer: libFuzzer_lwan_request_fuzzer\nFuzz target binary: request_fuzzer\nJob Type: libfuzzer_asan_lwan\nPlatform Id: linux\n\nCrash Type: Negative-size-param\nCrash Address: \nCrash State:\n  parse_proxy_protocol_v2\n  parse_http_request\n  fuzz_parse_http_request\n  \nSanitizer: address (ASAN)\n\nRegressed: https://oss-fuzz.com/revisions?job=libfuzzer_asan_lwan&range=201904250139:201904260137\n\nReproducer Testcase: https://oss-fuzz.com/download?testcase_id=5091179189764096\n\nIssue filed automatically.\n\nSee https://github.com/google/oss-fuzz/blob/master/docs/reproducing.md for instructions to reproduce this bug locally.\n\nThis bug is subject to a 90 day disclosure deadline. If 90 days elapse\nwithout an upstream patch, then the bug report will automatically\nbecome visible to the public.\n\nWhen you fix this bug, please\n  * mention the fix revision(s).\n  * state whether the bug was a short-lived regression or an old bug in any stable releases.\n  * add any other useful information.\nThis information can help downstream consumers.\n\nIf you need to contact the OSS-Fuzz team with a question, concern, or any other feedback, please file an issue at https://github.com/google/oss-fuzz/issues.",
                "descriptionNum": 1
            },
            {
                "projectName": "oss-fuzz",
                "localId": 14455,
                "sequenceNum": 1,
                "commenter": {
                    "userId": "382749006",
                    "displayName": "ClusterFuzz-External"
                },
                "timestamp": 1556250995,
                "amendments": [
                    {
                        "fieldName": "Labels",
                        "newOrDeltaValue": "OS-Linux"
                    }
                ]
            },
            {
                "projectName": "oss-fuzz",
                "localId": 14455,
                "sequenceNum": 2,
                "commenter": {
                    "userId": "382749006",
                    "displayName": "ClusterFuzz-External"
                },
                "timestamp": 1556256767,
                "content": "This crash occurs very frequently on linux platform and is likely preventing the fuzzer request_fuzzer from making much progress. Fixing this will allow more bugs to be found.\n\nIf this is incorrect, please file a bug on https://github.com/google/oss-fuzz/issues/new",
                "amendments": [
                    {
                        "fieldName": "Labels",
                        "newOrDeltaValue": "Fuzz-Blocker"
                    }
                ]
            },
            {
                "projectName": "oss-fuzz",
                "localId": 14455,
                "sequenceNum": 3,
                "commenter": {
                    "userId": "382749006",
                    "displayName": "ClusterFuzz-External"
                },
                "timestamp": 1556373706,
                "content": "ClusterFuzz has detected this issue as fixed in range 201904260137:201904270135.\n\nDetailed report: https://oss-fuzz.com/testcase?key=5091179189764096\n\nProject: lwan\nFuzzer: libFuzzer_lwan_request_fuzzer\nFuzz target binary: request_fuzzer\nJob Type: libfuzzer_asan_lwan\nPlatform Id: linux\n\nCrash Type: Negative-size-param\nCrash Address: \nCrash State:\n  parse_proxy_protocol_v2\n  parse_http_request\n  fuzz_parse_http_request\n  \nSanitizer: address (ASAN)\n\nRegressed: https://oss-fuzz.com/revisions?job=libfuzzer_asan_lwan&range=201904250139:201904260137\nFixed: https://oss-fuzz.com/revisions?job=libfuzzer_asan_lwan&range=201904260137:201904270135\n\nReproducer Testcase: https://oss-fuzz.com/download?testcase_id=5091179189764096\n\nSee https://github.com/google/oss-fuzz/blob/master/docs/reproducing.md for instructions to reproduce this bug locally.\n\nIf you suspect that the result above is incorrect, try re-doing that job on the test case report page."
            },
            {
                "projectName": "oss-fuzz",
                "localId": 14455,
                "sequenceNum": 4,
                "commenter": {
                    "userId": "382749006",
                    "displayName": "ClusterFuzz-External"
                },
                "timestamp": 1556374772,
                "content": "ClusterFuzz testcase 5091179189764096 is verified as fixed, so closing issue as verified.\n\nIf this is incorrect, please file a bug on https://github.com/google/oss-fuzz/issues/new",
                "amendments": [
                    {
                        "fieldName": "Status",
                        "newOrDeltaValue": "Verified",
                        "oldValue": "New"
                    },
                    {
                        "fieldName": "Labels",
                        "newOrDeltaValue": "ClusterFuzz-Verified"
                    }
                ]
            },
            {
                "projectName": "oss-fuzz",
                "localId": 14455,
                "sequenceNum": 5,
                "commenter": {
                    "userId": "4164592774",
                    "displayName": "sheriffbot@chromium.org"
                },
                "timestamp": 1558970702,
                "content": "This bug has been fixed for 30 days. It has been opened to the public.\n\n- Your friendly Sheriffbot",
                "amendments": [
                    {
                        "fieldName": "Labels",
                        "newOrDeltaValue": "-restrict-view-commit"
                    }
                ]
            }
        ]
    },
    "fix_commit": "b506275b36827f194bc15d77bd6d2f8f7b3b935f",
    "repo_addr": "https://github.com/lpereira/lwan.git"
}