{
    "fix": "https://github.com/lpereira/lwan/commit/6be9574a2d80457a5bfc16b23b67905d8f68e827",
    "verify": "0",
    "localId": 14509,
    "project": "lwan",
    "fuzzer": "afl",
    "sanitizer": "asan",
    "crash_type": "Global-buffer-overflow READ {*}",
    "report": {
        "comments": [
            {
                "projectName": "oss-fuzz",
                "localId": 14509,
                "commenter": {
                    "userId": "382749006",
                    "displayName": "ClusterFuzz-External"
                },
                "timestamp": 1556596854,
                "content": "Detailed report: https://oss-fuzz.com/testcase?key=5658117347475456\n\nProject: lwan\nFuzzer: afl_lwan_request_fuzzer\nFuzz target binary: request_fuzzer\nJob Type: afl_asan_lwan\nPlatform Id: linux\n\nCrash Type: Global-buffer-overflow READ {*}\nCrash Address: 0x0000012023bf\nCrash State:\n  strsep_char\n  parse_proxy_protocol_v1\n  parse_http_request\n  \nSanitizer: address (ASAN)\n\nRegressed: https://oss-fuzz.com/revisions?job=afl_asan_lwan&range=201904280135:201904292302\n\nReproducer Testcase: https://oss-fuzz.com/download?testcase_id=5658117347475456\n\nIssue filed automatically.\n\nSee https://github.com/google/oss-fuzz/blob/master/docs/reproducing.md for instructions to reproduce this bug locally.\n\nThis bug is subject to a 90 day disclosure deadline. If 90 days elapse\nwithout an upstream patch, then the bug report will automatically\nbecome visible to the public.\n\nWhen you fix this bug, please\n  * mention the fix revision(s).\n  * state whether the bug was a short-lived regression or an old bug in any stable releases.\n  * add any other useful information.\nThis information can help downstream consumers.\n\nIf you need to contact the OSS-Fuzz team with a question, concern, or any other feedback, please file an issue at https://github.com/google/oss-fuzz/issues.",
                "descriptionNum": 1
            },
            {
                "projectName": "oss-fuzz",
                "localId": 14509,
                "sequenceNum": 1,
                "commenter": {
                    "userId": "382749006",
                    "displayName": "ClusterFuzz-External"
                },
                "timestamp": 1556598284,
                "amendments": [
                    {
                        "fieldName": "Labels",
                        "newOrDeltaValue": "OS-Linux"
                    }
                ]
            },
            {
                "projectName": "oss-fuzz",
                "localId": 14509,
                "sequenceNum": 2,
                "commenter": {
                    "userId": "382749006",
                    "displayName": "ClusterFuzz-External"
                },
                "timestamp": 1556598285,
                "content": "This crash occurs very frequently on linux platform and is likely preventing the fuzzer request_fuzzer from making much progress. Fixing this will allow more bugs to be found.\n\nIf this is incorrect, please file a bug on https://github.com/google/oss-fuzz/issues/new",
                "amendments": [
                    {
                        "fieldName": "Labels",
                        "newOrDeltaValue": "Fuzz-Blocker"
                    }
                ]
            },
            {
                "projectName": "oss-fuzz",
                "localId": 14509,
                "sequenceNum": 3,
                "commenter": {
                    "userId": "382749006",
                    "displayName": "ClusterFuzz-External"
                },
                "timestamp": 1556719562,
                "content": "ClusterFuzz has detected this issue as fixed in range 201904300142:201904301626.\n\nDetailed report: https://oss-fuzz.com/testcase?key=5658117347475456\n\nProject: lwan\nFuzzer: afl_lwan_request_fuzzer\nFuzz target binary: request_fuzzer\nJob Type: afl_asan_lwan\nPlatform Id: linux\n\nCrash Type: Global-buffer-overflow READ {*}\nCrash Address: 0x0000012023bf\nCrash State:\n  strsep_char\n  parse_proxy_protocol_v1\n  parse_http_request\n  \nSanitizer: address (ASAN)\n\nRegressed: https://oss-fuzz.com/revisions?job=afl_asan_lwan&range=201904280135:201904292302\nFixed: https://oss-fuzz.com/revisions?job=afl_asan_lwan&range=201904300142:201904301626\n\nReproducer Testcase: https://oss-fuzz.com/download?testcase_id=5658117347475456\n\nSee https://github.com/google/oss-fuzz/blob/master/docs/reproducing.md for instructions to reproduce this bug locally.\n\nIf you suspect that the result above is incorrect, try re-doing that job on the test case report page."
            },
            {
                "projectName": "oss-fuzz",
                "localId": 14509,
                "sequenceNum": 4,
                "commenter": {
                    "userId": "382749006",
                    "displayName": "ClusterFuzz-External"
                },
                "timestamp": 1556720785,
                "content": "ClusterFuzz testcase 5658117347475456 is verified as fixed, so closing issue as verified.\n\nIf this is incorrect, please file a bug on https://github.com/google/oss-fuzz/issues/new",
                "amendments": [
                    {
                        "fieldName": "Status",
                        "newOrDeltaValue": "Verified",
                        "oldValue": "New"
                    },
                    {
                        "fieldName": "Labels",
                        "newOrDeltaValue": "ClusterFuzz-Verified"
                    }
                ]
            },
            {
                "projectName": "oss-fuzz",
                "localId": 14509,
                "sequenceNum": 5,
                "commenter": {
                    "userId": "4164592774",
                    "displayName": "sheriffbot@chromium.org"
                },
                "timestamp": 1559316349,
                "content": "This bug has been fixed for 30 days. It has been opened to the public.\n\n- Your friendly Sheriffbot",
                "amendments": [
                    {
                        "fieldName": "Labels",
                        "newOrDeltaValue": "-restrict-view-commit"
                    }
                ]
            }
        ]
    },
    "fix_commit": "6be9574a2d80457a5bfc16b23b67905d8f68e827",
    "repo_addr": "https://github.com/lpereira/lwan.git"
}