{
    "fix": "https://github.com/lpereira/lwan/commit/604eb733ecdbe8f637787825223c4c4ba5a3459c",
    "verify": "0",
    "localId": 18562,
    "project": "lwan",
    "fuzzer": "libfuzzer",
    "sanitizer": "asan",
    "crash_type": "Global-buffer-overflow READ 3",
    "report": {
        "comments": [
            {
                "projectName": "oss-fuzz",
                "localId": 18562,
                "commenter": {
                    "userId": "382749006",
                    "displayName": "ClusterFuzz-External"
                },
                "timestamp": 1572162888,
                "content": "Detailed Report: https://oss-fuzz.com/testcase?key=5670652367601664\n\nProject: lwan\nFuzzing Engine: libFuzzer\nFuzz Target: config_fuzzer\nJob Type: libfuzzer_asan_lwan\nPlatform Id: linux\n\nCrash Type: Global-buffer-overflow READ 3\nCrash Address: 0x0000011ab260\nCrash State:\n  lex_multiline_string\n  lex_next\n  parse_key_value\n  \nSanitizer: address (ASAN)\n\nRegressed: https://oss-fuzz.com/revisions?job=libfuzzer_asan_lwan&range=201910260340:201910270336\n\nReproducer Testcase: https://oss-fuzz.com/download?testcase_id=5670652367601664\n\nIssue filed automatically.\n\nSee https://google.github.io/oss-fuzz/advanced-topics/reproducing for instructions to reproduce this bug locally.\nWhen you fix this bug, please\n  * mention the fix revision(s).\n  * state whether the bug was a short-lived regression or an old bug in any stable releases.\n  * add any other useful information.\nThis information can help downstream consumers.\n\nIf you need to contact the OSS-Fuzz team with a question, concern, or any other feedback, please file an issue at https://github.com/google/oss-fuzz/issues. Comments on individual Monorail issues are not monitored.\n\nThis bug is subject to a 90 day disclosure deadline. If 90 days elapse\nwithout an upstream patch, then the bug report will automatically\nbecome visible to the public.",
                "descriptionNum": 1
            },
            {
                "projectName": "oss-fuzz",
                "localId": 18562,
                "sequenceNum": 1,
                "commenter": {
                    "userId": "4164592774",
                    "displayName": "sheriffbot@chromium.org"
                },
                "timestamp": 1572191209,
                "amendments": [
                    {
                        "fieldName": "Labels",
                        "newOrDeltaValue": "Disclosure-2020-01-27"
                    }
                ]
            },
            {
                "projectName": "oss-fuzz",
                "localId": 18562,
                "sequenceNum": 2,
                "commenter": {
                    "userId": "382749006",
                    "displayName": "ClusterFuzz-External"
                },
                "timestamp": 1572276976,
                "content": "ClusterFuzz testcase 5670652367601664 is verified as fixed in https://oss-fuzz.com/revisions?job=libfuzzer_asan_lwan&range=201910270336:201910280340\n\nIf this is incorrect, please file a bug on https://github.com/google/oss-fuzz/issues/new",
                "amendments": [
                    {
                        "fieldName": "Status",
                        "newOrDeltaValue": "Verified",
                        "oldValue": "New"
                    },
                    {
                        "fieldName": "Labels",
                        "newOrDeltaValue": "ClusterFuzz-Verified"
                    }
                ]
            },
            {
                "projectName": "oss-fuzz",
                "localId": 18562,
                "sequenceNum": 3,
                "commenter": {
                    "userId": "4164592774",
                    "displayName": "sheriffbot@chromium.org"
                },
                "timestamp": 1574873138,
                "content": "This bug has been fixed for 30 days. It has been opened to the public.\n\n- Your friendly Sheriffbot",
                "amendments": [
                    {
                        "fieldName": "Labels",
                        "newOrDeltaValue": "-restrict-view-commit"
                    }
                ]
            }
        ]
    },
    "fix_commit": "604eb733ecdbe8f637787825223c4c4ba5a3459c",
    "repo_addr": "https://github.com/lpereira/lwan.git"
}