{
    "fix": "https://github.com/lpereira/lwan/commit/7d5e299657315fb7cfc7b4c0ddb27efe0fe2893a",
    "verify": "0",
    "localId": 18626,
    "project": "lwan",
    "fuzzer": "afl",
    "sanitizer": "asan",
    "crash_type": "Global-buffer-overflow READ 1",
    "report": {
        "comments": [
            {
                "projectName": "oss-fuzz",
                "localId": 18626,
                "commenter": {
                    "userId": "382749006",
                    "displayName": "ClusterFuzz-External"
                },
                "timestamp": 1572624710,
                "content": "Detailed Report: https://oss-fuzz.com/testcase?key=5140056134385664\n\nProject: lwan\nFuzzing Engine: afl\nFuzz Target: config_fuzzer\nJob Type: afl_asan_lwan\nPlatform Id: linux\n\nCrash Type: Global-buffer-overflow READ 1\nCrash Address: 0x00000114d3e0\nCrash State:\n  lex_multiline_string\n  lex_next\n  parse_key_value\n  \nSanitizer: address (ASAN)\n\nRegressed: https://oss-fuzz.com/revisions?job=afl_asan_lwan&range=201910260340:201910270336\n\nReproducer Testcase: https://oss-fuzz.com/download?testcase_id=5140056134385664\n\nIssue filed automatically.\n\nSee https://google.github.io/oss-fuzz/advanced-topics/reproducing for instructions to reproduce this bug locally.\nWhen you fix this bug, please\n  * mention the fix revision(s).\n  * state whether the bug was a short-lived regression or an old bug in any stable releases.\n  * add any other useful information.\nThis information can help downstream consumers.\n\nIf you need to contact the OSS-Fuzz team with a question, concern, or any other feedback, please file an issue at https://github.com/google/oss-fuzz/issues. Comments on individual Monorail issues are not monitored.\n\nThis bug is subject to a 90 day disclosure deadline. If 90 days elapse\nwithout an upstream patch, then the bug report will automatically\nbecome visible to the public.",
                "descriptionNum": 1
            },
            {
                "projectName": "oss-fuzz",
                "localId": 18626,
                "sequenceNum": 1,
                "commenter": {
                    "userId": "4164592774",
                    "displayName": "sheriffbot@chromium.org"
                },
                "timestamp": 1572709589,
                "amendments": [
                    {
                        "fieldName": "Labels",
                        "newOrDeltaValue": "Disclosure-2020-01-30"
                    }
                ]
            },
            {
                "projectName": "oss-fuzz",
                "localId": 18626,
                "sequenceNum": 2,
                "commenter": {
                    "userId": "382749006",
                    "displayName": "ClusterFuzz-External"
                },
                "timestamp": 1572710356,
                "content": "ClusterFuzz testcase 5140056134385664 is verified as fixed in https://oss-fuzz.com/revisions?job=afl_asan_lwan&range=201910280340:201910310341\n\nIf this is incorrect, please file a bug on https://github.com/google/oss-fuzz/issues/new",
                "amendments": [
                    {
                        "fieldName": "Status",
                        "newOrDeltaValue": "Verified",
                        "oldValue": "New"
                    },
                    {
                        "fieldName": "Labels",
                        "newOrDeltaValue": "ClusterFuzz-Verified"
                    }
                ]
            },
            {
                "projectName": "oss-fuzz",
                "localId": 18626,
                "sequenceNum": 3,
                "commenter": {
                    "userId": "4164592774",
                    "displayName": "sheriffbot@chromium.org"
                },
                "timestamp": 1575304820,
                "content": "This bug has been fixed for 30 days. It has been opened to the public.\n\n- Your friendly Sheriffbot",
                "amendments": [
                    {
                        "fieldName": "Labels",
                        "newOrDeltaValue": "-restrict-view-commit"
                    }
                ]
            }
        ]
    },
    "fix_commit": [
        "402769206dfcd5cf348a844eafc679f684d29d05",
        "a67942e1333e23ec50313f42b4e60d5ead01e6c7",
        "d31cc0b539868cf4a738b26c05d59be299aa178d",
        "7d5e299657315fb7cfc7b4c0ddb27efe0fe2893a"
    ],
    "repo_addr": "https://github.com/lpereira/lwan.git"
}