{
    "fix": "https://github.com/libjxl/libjxl/commit/58e6b3f8fdd2c72f393e4bbae6c7aa2efd91abb2",
    "verify": "0",
    "localId": 35305,
    "project": "libjxl",
    "fuzzer": "libfuzzer",
    "sanitizer": "msan",
    "crash_type": "Use-of-uninitialized-value",
    "severity": "Medium",
    "report": {
        "comments": [
            {
                "projectName": "oss-fuzz",
                "localId": 35305,
                "commenter": {
                    "userId": "382749006",
                    "displayName": "ClusterFuzz-External"
                },
                "timestamp": 1623899478,
                "content": "Detailed Report: https://oss-fuzz.com/testcase?key=6710049094369280\n\nProject: libjxl\nFuzzing Engine: libFuzzer\nFuzz Target: djxl_fuzzer\nJob Type: libfuzzer_msan_libjxl\nPlatform Id: linux\n\nCrash Type: Use-of-uninitialized-value\nCrash Address: \nCrash State:\n  jxl::N_AVX2::FloatToU32\n  jxl::ThreadPool::RunCallState<jxl::ConvertToExternal\n  jpegxl::ThreadParallelRunner::ThreadFunc\n  \nSanitizer: memory (MSAN)\n\nRecommended Security Severity: Medium\n\nCrash Revision: https://oss-fuzz.com/revisions?job=libfuzzer_msan_libjxl&revision=202106160626\n\nReproducer Testcase: https://oss-fuzz.com/download?testcase_id=6710049094369280\n\nIssue filed automatically.\n\nSee https://google.github.io/oss-fuzz/advanced-topics/reproducing for instructions to reproduce this bug locally.\nWhen you fix this bug, please\n  * mention the fix revision(s).\n  * state whether the bug was a short-lived regression or an old bug in any stable releases.\n  * add any other useful information.\nThis information can help downstream consumers.\n\nIf you need to contact the OSS-Fuzz team with a question, concern, or any other feedback, please file an issue at https://github.com/google/oss-fuzz/issues. Comments on individual Monorail issues are not monitored.\n\nThis bug is subject to a 90 day disclosure deadline. If 90 days elapse\nwithout an upstream patch, then the bug report will automatically\nbecome visible to the public.",
                "descriptionNum": 1
            },
            {
                "projectName": "oss-fuzz",
                "localId": 35305,
                "sequenceNum": 1,
                "commenter": {
                    "userId": "1950284618",
                    "displayName": "sheriffbot"
                },
                "timestamp": 1623956984,
                "amendments": [
                    {
                        "fieldName": "Labels",
                        "newOrDeltaValue": "Disclosure-2021-09-15"
                    }
                ]
            },
            {
                "projectName": "oss-fuzz",
                "localId": 35305,
                "sequenceNum": 2,
                "commenter": {
                    "userId": "382749006",
                    "displayName": "ClusterFuzz-External"
                },
                "timestamp": 1624031480,
                "content": "ClusterFuzz testcase 6710049094369280 is verified as fixed in https://oss-fuzz.com/revisions?job=libfuzzer_msan_libjxl&range=202106170607:202106180618\n\nIf this is incorrect, please file a bug on https://github.com/google/oss-fuzz/issues/new",
                "amendments": [
                    {
                        "fieldName": "Status",
                        "newOrDeltaValue": "Verified",
                        "oldValue": "New"
                    },
                    {
                        "fieldName": "Labels",
                        "newOrDeltaValue": "ClusterFuzz-Verified"
                    }
                ]
            },
            {
                "projectName": "oss-fuzz",
                "localId": 35305,
                "sequenceNum": 3,
                "commenter": {
                    "userId": "1950284618",
                    "displayName": "sheriffbot"
                },
                "timestamp": 1624042759,
                "content": "This bug has been fixed. It has been opened to the public.\n\n- Your friendly Sheriffbot",
                "amendments": [
                    {
                        "fieldName": "Labels",
                        "newOrDeltaValue": "-restrict-view-commit"
                    }
                ]
            }
        ]
    },
    "fix_commit": "58e6b3f8fdd2c72f393e4bbae6c7aa2efd91abb2",
    "repo_addr": "https://github.com/libjxl/libjxl.git"
}