{
    "fix": "https://github.com/libjxl/libjxl/commit/839ef3e392240fc3994b8b73e5164ac5cad4d30a",
    "verify": "0",
    "localId": 40449,
    "project": "libjxl",
    "fuzzer": "libfuzzer",
    "sanitizer": "asan",
    "crash_type": "Heap-buffer-overflow WRITE {*}",
    "severity": "High",
    "report": {
        "comments": [
            {
                "projectName": "oss-fuzz",
                "localId": 40449,
                "commenter": {
                    "userId": "382749006",
                    "displayName": "ClusterFuzz-External"
                },
                "timestamp": 1635441464,
                "content": "Detailed Report: https://oss-fuzz.com/testcase?key=6677658197426176\n\nProject: libjxl\nFuzzing Engine: libFuzzer\nFuzz Target: djxl_fuzzer\nJob Type: libfuzzer_asan_libjxl\nPlatform Id: linux\n\nCrash Type: Heap-buffer-overflow WRITE {*}\nCrash Address: 0x6060000001e1\nCrash State:\n  WriteRingBuffer\n  BrotliDecoderDecompressStream\n  jxl::JxlBoxContentDecoder::Process\n  \nSanitizer: address (ASAN)\n\nRecommended Security Severity: High\n\nRegressed: https://oss-fuzz.com/revisions?job=libfuzzer_asan_libjxl&range=202110250602:202110260606\n\nReproducer Testcase: https://oss-fuzz.com/download?testcase_id=6677658197426176\n\nIssue filed automatically.\n\nSee https://google.github.io/oss-fuzz/advanced-topics/reproducing for instructions to reproduce this bug locally.\nWhen you fix this bug, please\n  * mention the fix revision(s).\n  * state whether the bug was a short-lived regression or an old bug in any stable releases.\n  * add any other useful information.\nThis information can help downstream consumers.\n\nIf you need to contact the OSS-Fuzz team with a question, concern, or any other feedback, please file an issue at https://github.com/google/oss-fuzz/issues. Comments on individual Monorail issues are not monitored.\n\nThis bug is subject to a 90 day disclosure deadline. If 90 days elapse\nwithout an upstream patch, then the bug report will automatically\nbecome visible to the public.",
                "descriptionNum": 1
            },
            {
                "projectName": "oss-fuzz",
                "localId": 40449,
                "sequenceNum": 1,
                "commenter": {
                    "userId": "382749006",
                    "displayName": "ClusterFuzz-External"
                },
                "timestamp": 1635518085,
                "content": "ClusterFuzz testcase 6677658197426176 is verified as fixed in https://oss-fuzz.com/revisions?job=libfuzzer_asan_libjxl&range=202110280607:202110290603\n\nIf this is incorrect, please file a bug on https://github.com/google/oss-fuzz/issues/new",
                "amendments": [
                    {
                        "fieldName": "Status",
                        "newOrDeltaValue": "Verified",
                        "oldValue": "New"
                    },
                    {
                        "fieldName": "Labels",
                        "newOrDeltaValue": "ClusterFuzz-Verified"
                    }
                ]
            },
            {
                "projectName": "oss-fuzz",
                "localId": 40449,
                "sequenceNum": 2,
                "commenter": {
                    "userId": "1950284618",
                    "displayName": "sheriffbot"
                },
                "timestamp": 1635532955,
                "content": "This bug has been fixed. It has been opened to the public.\n\n- Your friendly Sheriffbot",
                "amendments": [
                    {
                        "fieldName": "Labels",
                        "newOrDeltaValue": "-restrict-view-commit"
                    }
                ]
            }
        ]
    },
    "fix_commit": "839ef3e392240fc3994b8b73e5164ac5cad4d30a",
    "repo_addr": "https://github.com/libjxl/libjxl.git"
}