{
    "fix": "https://github.com/libjxl/libjxl/commit/4d7b55ab7b05b95c4fbc15e1465a09f6dc0805cb",
    "verify": "0",
    "localId": 41235,
    "project": "libjxl",
    "fuzzer": "libfuzzer",
    "sanitizer": "asan",
    "crash_type": "Container-overflow READ 4",
    "severity": "Medium",
    "report": {
        "comments": [
            {
                "projectName": "oss-fuzz",
                "localId": 41235,
                "commenter": {
                    "userId": "382749006",
                    "displayName": "ClusterFuzz-External"
                },
                "timestamp": 1637441228,
                "content": "Detailed Report: https://oss-fuzz.com/testcase?key=6316160077922304\n\nProject: libjxl\nFuzzing Engine: libFuzzer\nFuzz Target: djxl_fuzzer\nJob Type: libfuzzer_asan_libjxl\nPlatform Id: linux\n\nCrash Type: Container-overflow READ 4\nCrash Address: 0x61100000ffb0\nCrash State:\n  void jxl::CopyImageTo<int>\n  jxl::ModularFrameDecoder::DecodeGroup\n  jxl::FrameDecoder::ProcessACGroup\n  \nSanitizer: address (ASAN)\n\nRecommended Security Severity: Medium\n\nRegressed: https://oss-fuzz.com/revisions?job=libfuzzer_asan_libjxl&range=202111190612:202111200612\n\nReproducer Testcase: https://oss-fuzz.com/download?testcase_id=6316160077922304\n\nIssue filed automatically.\n\nSee https://google.github.io/oss-fuzz/advanced-topics/reproducing for instructions to reproduce this bug locally.\nWhen you fix this bug, please\n  * mention the fix revision(s).\n  * state whether the bug was a short-lived regression or an old bug in any stable releases.\n  * add any other useful information.\nThis information can help downstream consumers.\n\nIf you need to contact the OSS-Fuzz team with a question, concern, or any other feedback, please file an issue at https://github.com/google/oss-fuzz/issues. Comments on individual Monorail issues are not monitored.\n\nThis bug is subject to a 90 day disclosure deadline. If 90 days elapse\nwithout an upstream patch, then the bug report will automatically\nbecome visible to the public.",
                "descriptionNum": 1
            },
            {
                "projectName": "oss-fuzz",
                "localId": 41235,
                "sequenceNum": 1,
                "commenter": {
                    "userId": "1950284618",
                    "displayName": "sheriffbot"
                },
                "timestamp": 1637523999,
                "amendments": [
                    {
                        "fieldName": "Labels",
                        "newOrDeltaValue": "Disclosure-2022-02-18"
                    }
                ]
            },
            {
                "projectName": "oss-fuzz",
                "localId": 41235,
                "sequenceNum": 2,
                "commenter": {
                    "userId": "382749006",
                    "displayName": "ClusterFuzz-External"
                },
                "timestamp": 1637948464,
                "amendments": [
                    {
                        "fieldName": "Cc",
                        "newOrDeltaValue": "eustas@google.com jyrki@google.com"
                    }
                ]
            },
            {
                "projectName": "oss-fuzz",
                "localId": 41235,
                "sequenceNum": 3,
                "commenter": {
                    "userId": "382749006",
                    "displayName": "ClusterFuzz-External"
                },
                "timestamp": 1638295363,
                "content": "ClusterFuzz testcase 6316160077922304 is verified as fixed in https://oss-fuzz.com/revisions?job=libfuzzer_asan_libjxl&range=202111290604:202111300611\n\nIf this is incorrect, please file a bug on https://github.com/google/oss-fuzz/issues/new",
                "amendments": [
                    {
                        "fieldName": "Status",
                        "newOrDeltaValue": "Verified",
                        "oldValue": "New"
                    },
                    {
                        "fieldName": "Labels",
                        "newOrDeltaValue": "ClusterFuzz-Verified"
                    }
                ]
            },
            {
                "projectName": "oss-fuzz",
                "localId": 41235,
                "sequenceNum": 4,
                "commenter": {
                    "userId": "1950284618",
                    "displayName": "sheriffbot"
                },
                "timestamp": 1638301038,
                "content": "This bug has been fixed. It has been opened to the public.\n\n- Your friendly Sheriffbot",
                "amendments": [
                    {
                        "fieldName": "Labels",
                        "newOrDeltaValue": "-restrict-view-commit"
                    }
                ]
            }
        ]
    },
    "fix_commit": "4d7b55ab7b05b95c4fbc15e1465a09f6dc0805cb",
    "repo_addr": "https://github.com/libjxl/libjxl.git"
}