{
    "fix": "https://github.com/libjxl/libjxl/commit/60a019fb5bd4a119c90167662449a3224b91f629",
    "verify": "0",
    "localId": 50915,
    "project": "libjxl",
    "fuzzer": "honggfuzz",
    "sanitizer": "asan",
    "crash_type": "Heap-buffer-overflow READ {*}",
    "severity": "Medium",
    "report": {
        "comments": [
            {
                "projectName": "oss-fuzz",
                "localId": 50915,
                "commenter": {
                    "userId": "382749006",
                    "displayName": "ClusterFuzz-External"
                },
                "timestamp": 1662136458,
                "content": "Detailed Report: https://oss-fuzz.com/testcase?key=5694394270875648\n\nProject: libjxl\nFuzzing Engine: honggfuzz\nFuzz Target: djxl_fuzzer\nJob Type: honggfuzz_asan_libjxl\nPlatform Id: linux\n\nCrash Type: Heap-buffer-overflow READ {*}\nCrash Address: 0x620000051000\nCrash State:\n  jxl::N_AVX2::BlendingStage::ProcessPaddingRow\n  jxl::LowMemoryRenderPipeline::RenderPadding\n  jxl::LowMemoryRenderPipeline::ProcessBuffers\n  \nSanitizer: address (ASAN)\n\nRecommended Security Severity: Medium\n\nRegressed: https://oss-fuzz.com/revisions?job=honggfuzz_asan_libjxl&range=202206290607:202206300613\n\nReproducer Testcase: https://oss-fuzz.com/download?testcase_id=5694394270875648\n\nIssue filed automatically.\n\nSee https://google.github.io/oss-fuzz/advanced-topics/reproducing for instructions to reproduce this bug locally.\nWhen you fix this bug, please\n  * mention the fix revision(s).\n  * state whether the bug was a short-lived regression or an old bug in any stable releases.\n  * add any other useful information.\nThis information can help downstream consumers.\n\nIf you need to contact the OSS-Fuzz team with a question, concern, or any other feedback, please file an issue at https://github.com/google/oss-fuzz/issues. Comments on individual Monorail issues are not monitored.\n\nThis bug is subject to a 90 day disclosure deadline. If 90 days elapse\nwithout an upstream patch, then the bug report will automatically\nbecome visible to the public.",
                "descriptionNum": 1
            },
            {
                "projectName": "oss-fuzz",
                "localId": 50915,
                "sequenceNum": 1,
                "commenter": {
                    "userId": "1950284618",
                    "displayName": "sheriffbot"
                },
                "timestamp": 1662577512,
                "amendments": [
                    {
                        "fieldName": "Labels",
                        "newOrDeltaValue": "Disclosure-2022-12-01"
                    }
                ]
            },
            {
                "projectName": "oss-fuzz",
                "localId": 50915,
                "sequenceNum": 2,
                "commenter": {
                    "userId": "382749006",
                    "displayName": "ClusterFuzz-External"
                },
                "timestamp": 1666193494,
                "content": "ClusterFuzz testcase 5694394270875648 is verified as fixed in https://oss-fuzz.com/revisions?job=honggfuzz_asan_libjxl&range=202210180612:202210190605\n\nIf this is incorrect, please file a bug on https://github.com/google/oss-fuzz/issues/new",
                "amendments": [
                    {
                        "fieldName": "Status",
                        "newOrDeltaValue": "Verified",
                        "oldValue": "New"
                    },
                    {
                        "fieldName": "Labels",
                        "newOrDeltaValue": "ClusterFuzz-Verified"
                    }
                ]
            },
            {
                "projectName": "oss-fuzz",
                "localId": 50915,
                "sequenceNum": 3,
                "commenter": {
                    "userId": "1950284618",
                    "displayName": "sheriffbot"
                },
                "timestamp": 1666205136,
                "content": "This bug has been fixed. It has been opened to the public.\n\n- Your friendly Sheriffbot",
                "amendments": [
                    {
                        "fieldName": "Labels",
                        "newOrDeltaValue": "-restrict-view-commit"
                    }
                ]
            }
        ]
    },
    "fix_commit": "60a019fb5bd4a119c90167662449a3224b91f629",
    "repo_addr": "https://github.com/libjxl/libjxl.git"
}