{
    "fix": "https://github.com/libjxl/libjxl/commit/f5a4d64e5f91069f76ac086984053a1264e885c1",
    "verify": "0",
    "localId": 65623,
    "project": "libjxl",
    "fuzzer": "libfuzzer",
    "sanitizer": "asan",
    "crash_type": "Heap-buffer-overflow READ 1",
    "severity": "Medium",
    "report": {
        "comments": [
            {
                "projectName": "oss-fuzz",
                "localId": 65623,
                "commenter": {
                    "userId": "382749006",
                    "displayName": "ClusterFuzz-External"
                },
                "timestamp": 1704603628,
                "content": "Detailed Report: https://oss-fuzz.com/testcase?key=5493844342800384\n\nProject: libjxl\nFuzzing Engine: libFuzzer\nFuzz Target: icc_codec_fuzzer\nJob Type: libfuzzer_asan_i386_libjxl\nPlatform Id: linux\n\nCrash Type: Heap-buffer-overflow READ 1\nCrash Address: 0xf2c0932f\nCrash State:\n  jxl::PredictICC\n  jpegxl::tools::TestOneInput\n  icc_codec_fuzzer.cc\n  \nSanitizer: address (ASAN)\n\nRecommended Security Severity: Medium\n\nCrash Revision: https://oss-fuzz.com/revisions?job=libfuzzer_asan_i386_libjxl&revision=202401040613\n\nReproducer Testcase: https://oss-fuzz.com/download?testcase_id=5493844342800384\n\nIssue filed automatically.\n\nSee https://google.github.io/oss-fuzz/advanced-topics/reproducing for instructions to reproduce this bug locally.\nWhen you fix this bug, please\n  * mention the fix revision(s).\n  * state whether the bug was a short-lived regression or an old bug in any stable releases.\n  * add any other useful information.\nThis information can help downstream consumers.\n\nIf you need to contact the OSS-Fuzz team with a question, concern, or any other feedback, please file an issue at https://github.com/google/oss-fuzz/issues. Comments on individual Monorail issues are not monitored.\n\nThis bug is subject to a 90 day disclosure deadline. If 90 days elapse\nwithout an upstream patch, then the bug report will automatically\nbecome visible to the public.",
                "descriptionNum": 1
            },
            {
                "projectName": "oss-fuzz",
                "localId": 65623,
                "sequenceNum": 1,
                "commenter": {
                    "userId": "1950284618",
                    "displayName": "sheriffbot"
                },
                "timestamp": 1704657805,
                "amendments": [
                    {
                        "fieldName": "Labels",
                        "newOrDeltaValue": "Disclosure-2024-04-08"
                    }
                ]
            },
            {
                "projectName": "oss-fuzz",
                "localId": 65623,
                "sequenceNum": 2,
                "commenter": {
                    "userId": "12007707",
                    "displayName": "eustas@google.com"
                },
                "timestamp": 1706525919,
                "content": "https://github.com/libjxl/libjxl/pull/3208"
            },
            {
                "projectName": "oss-fuzz",
                "localId": 65623,
                "sequenceNum": 3,
                "commenter": {
                    "userId": "382749006",
                    "displayName": "ClusterFuzz-External"
                },
                "timestamp": 1706692257,
                "content": "ClusterFuzz testcase 5493844342800384 is verified as fixed in https://oss-fuzz.com/revisions?job=libfuzzer_asan_i386_libjxl&range=202401290625:202401300620\n\nIf this is incorrect, please file a bug on https://github.com/google/oss-fuzz/issues/new",
                "amendments": [
                    {
                        "fieldName": "Status",
                        "newOrDeltaValue": "Verified",
                        "oldValue": "New"
                    },
                    {
                        "fieldName": "Labels",
                        "newOrDeltaValue": "ClusterFuzz-Verified"
                    }
                ]
            },
            {
                "projectName": "oss-fuzz",
                "localId": 65623,
                "sequenceNum": 4,
                "commenter": {
                    "userId": "1950284618",
                    "displayName": "sheriffbot"
                },
                "timestamp": 1706731302,
                "content": "This bug has been fixed. It has been opened to the public.\n\n- Your friendly Sheriffbot",
                "amendments": [
                    {
                        "fieldName": "Labels",
                        "newOrDeltaValue": "-restrict-view-commit"
                    }
                ]
            }
        ]
    },
    "fix_commit": "f5a4d64e5f91069f76ac086984053a1264e885c1",
    "repo_addr": "https://github.com/libjxl/libjxl.git"
}