{
    "fix": "https://github.com/MapServer/MapServer/commit/1a45e6074b71738e576563ac39f60fd96ded50eb",
    "verify": "0",
    "localId": 57788,
    "project": "MapServer",
    "fuzzer": "afl",
    "sanitizer": "asan",
    "crash_type": "Heap-use-after-free READ 4",
    "severity": "High",
    "report": {
        "comments": [
            {
                "projectName": "oss-fuzz",
                "localId": 57788,
                "commenter": {
                    "userId": "382749006",
                    "displayName": "ClusterFuzz-External"
                },
                "timestamp": 1680928253,
                "content": "Detailed Report: https://oss-fuzz.com/testcase?key=4592302307016704\n\nProject: mapserver\nFuzzing Engine: afl\nFuzz Target: mapfuzzer\nJob Type: afl_asan_mapserver\nPlatform Id: linux\n\nCrash Type: Heap-use-after-free READ 4\nCrash Address: 0x606000005f1c\nCrash State:\n  msyy_switch_to_buffer\n  msyycleanup_includes\n  msLoadMap\n  \nSanitizer: address (ASAN)\n\nRecommended Security Severity: High\n\nRegressed: https://oss-fuzz.com/revisions?job=afl_asan_mapserver&range=202210010601:202210020606\n\nReproducer Testcase: https://oss-fuzz.com/download?testcase_id=4592302307016704\n\nIssue filed automatically.\n\nSee https://google.github.io/oss-fuzz/advanced-topics/reproducing for instructions to reproduce this bug locally.\nWhen you fix this bug, please\n  * mention the fix revision(s).\n  * state whether the bug was a short-lived regression or an old bug in any stable releases.\n  * add any other useful information.\nThis information can help downstream consumers.\n\nIf you need to contact the OSS-Fuzz team with a question, concern, or any other feedback, please file an issue at https://github.com/google/oss-fuzz/issues. Comments on individual Monorail issues are not monitored.\n\nThis bug is subject to a 90 day disclosure deadline. If 90 days elapse\nwithout an upstream patch, then the bug report will automatically\nbecome visible to the public.",
                "descriptionNum": 1
            },
            {
                "projectName": "oss-fuzz",
                "localId": 57788,
                "sequenceNum": 1,
                "commenter": {
                    "userId": "3393638884",
                    "displayName": "even....@gmail.com"
                },
                "timestamp": 1680952838,
                "content": "fix in https://github.com/MapServer/MapServer/pull/6854"
            },
            {
                "projectName": "oss-fuzz",
                "localId": 57788,
                "sequenceNum": 2,
                "commenter": {
                    "userId": "1950284618",
                    "displayName": "sheriffbot"
                },
                "timestamp": 1680979848,
                "amendments": [
                    {
                        "fieldName": "Labels",
                        "newOrDeltaValue": "Disclosure-2023-07-07"
                    }
                ]
            },
            {
                "projectName": "oss-fuzz",
                "localId": 57788,
                "sequenceNum": 3,
                "commenter": {
                    "userId": "382749006",
                    "displayName": "ClusterFuzz-External"
                },
                "timestamp": 1681135567,
                "content": "ClusterFuzz testcase 4592302307016704 is verified as fixed in https://oss-fuzz.com/revisions?job=afl_asan_mapserver&range=202304090602:202304100602\n\nIf this is incorrect, please file a bug on https://github.com/google/oss-fuzz/issues/new",
                "amendments": [
                    {
                        "fieldName": "Status",
                        "newOrDeltaValue": "Verified",
                        "oldValue": "New"
                    },
                    {
                        "fieldName": "Labels",
                        "newOrDeltaValue": "ClusterFuzz-Verified"
                    }
                ]
            },
            {
                "projectName": "oss-fuzz",
                "localId": 57788,
                "sequenceNum": 4,
                "commenter": {
                    "userId": "1950284618",
                    "displayName": "sheriffbot"
                },
                "timestamp": 1681152117,
                "content": "This bug has been fixed. It has been opened to the public.\n\n- Your friendly Sheriffbot",
                "amendments": [
                    {
                        "fieldName": "Labels",
                        "newOrDeltaValue": "-restrict-view-commit"
                    }
                ]
            }
        ]
    },
    "fix_commit": "1a45e6074b71738e576563ac39f60fd96ded50eb",
    "repo_addr": "https://github.com/MapServer/MapServer"
}