{
    "fix": "https://github.com/gpac/gpac/commit/8a6e53e5231354b52feaffc02eae48204303157d",
    "verify": "0",
    "localId": 65215,
    "project": "gpac",
    "fuzzer": "libfuzzer",
    "sanitizer": "asan",
    "crash_type": "Heap-buffer-overflow READ 1",
    "severity": "Medium",
    "report": {
        "comments": [
            {
                "projectName": "oss-fuzz",
                "localId": 65215,
                "commenter": {
                    "userId": "382749006",
                    "displayName": "ClusterFuzz-External"
                },
                "timestamp": 1703095237,
                "content": "Detailed Report: https://oss-fuzz.com/testcase?key=6586258444648448\n\nProject: gpac\nFuzzing Engine: libFuzzer\nFuzz Target: fuzz_probe_analyze\nJob Type: libfuzzer_asan_gpac\nPlatform Id: linux\n\nCrash Type: Heap-buffer-overflow READ 1\nCrash Address: 0x602000000ed9\nCrash State:\n  gf_url_to_fs_path\n  gf_fs_load_source_dest_internal\n  gf_filter_connect_source\n  \nSanitizer: address (ASAN)\n\nRecommended Security Severity: Medium\n\nRegressed: https://oss-fuzz.com/revisions?job=libfuzzer_asan_gpac&range=202312170603:202312200621\n\nReproducer Testcase: https://oss-fuzz.com/download?testcase_id=6586258444648448\n\nIssue filed automatically.\n\nSee https://google.github.io/oss-fuzz/advanced-topics/reproducing for instructions to reproduce this bug locally.\nWhen you fix this bug, please\n  * mention the fix revision(s).\n  * state whether the bug was a short-lived regression or an old bug in any stable releases.\n  * add any other useful information.\nThis information can help downstream consumers.\n\nIf you need to contact the OSS-Fuzz team with a question, concern, or any other feedback, please file an issue at https://github.com/google/oss-fuzz/issues. Comments on individual Monorail issues are not monitored.\n\nThis bug is subject to a 90 day disclosure deadline. If 90 days elapse\nwithout an upstream patch, then the bug report will automatically\nbecome visible to the public.",
                "descriptionNum": 1
            },
            {
                "projectName": "oss-fuzz",
                "localId": 65215,
                "sequenceNum": 1,
                "commenter": {
                    "userId": "1950284618",
                    "displayName": "sheriffbot"
                },
                "timestamp": 1703102220,
                "amendments": [
                    {
                        "fieldName": "Labels",
                        "newOrDeltaValue": "Disclosure-2024-03-19"
                    }
                ]
            },
            {
                "projectName": "oss-fuzz",
                "localId": 65215,
                "sequenceNum": 2,
                "commenter": {
                    "userId": "382749006",
                    "displayName": "ClusterFuzz-External"
                },
                "timestamp": 1704433000,
                "content": "This crash occurs very frequently on linux platform and is likely preventing the fuzzer fuzz_probe_analyze from making much progress. Fixing this will allow more bugs to be found.\n\nIf this is incorrect, please file a bug on https://github.com/google/oss-fuzz/issues/new",
                "amendments": [
                    {
                        "fieldName": "Labels",
                        "newOrDeltaValue": "Fuzz-Blocker"
                    }
                ]
            },
            {
                "projectName": "oss-fuzz",
                "localId": 65215,
                "sequenceNum": 3,
                "commenter": {
                    "userId": "382749006",
                    "displayName": "ClusterFuzz-External"
                },
                "timestamp": 1705569749,
                "content": "ClusterFuzz testcase 6586258444648448 is verified as fixed in https://oss-fuzz.com/revisions?job=libfuzzer_asan_gpac&range=202401170602:202401180602\n\nIf this is incorrect, please file a bug on https://github.com/google/oss-fuzz/issues/new",
                "amendments": [
                    {
                        "fieldName": "Status",
                        "newOrDeltaValue": "Verified",
                        "oldValue": "New"
                    },
                    {
                        "fieldName": "Labels",
                        "newOrDeltaValue": "ClusterFuzz-Verified"
                    }
                ]
            },
            {
                "projectName": "oss-fuzz",
                "localId": 65215,
                "sequenceNum": 4,
                "commenter": {
                    "userId": "1950284618",
                    "displayName": "sheriffbot"
                },
                "timestamp": 1705607891,
                "content": "This bug has been fixed. It has been opened to the public.\n\n- Your friendly Sheriffbot",
                "amendments": [
                    {
                        "fieldName": "Labels",
                        "newOrDeltaValue": "-restrict-view-commit"
                    }
                ]
            }
        ]
    },
    "fix_commit": "8a6e53e5231354b52feaffc02eae48204303157d",
    "repo_addr": "https://github.com/gpac/gpac"
}