{
    "fix": "https://github.com/gpac/gpac/commit/0ff40625b602590afffb383ab03d155e0ba509ed",
    "verify": "0",
    "localId": 65763,
    "project": "gpac",
    "fuzzer": "libfuzzer",
    "sanitizer": "asan",
    "crash_type": "Stack-buffer-overflow WRITE {*}",
    "severity": "High",
    "report": {
        "comments": [
            {
                "projectName": "oss-fuzz",
                "localId": 65763,
                "commenter": {
                    "userId": "382749006",
                    "displayName": "ClusterFuzz-External"
                },
                "timestamp": 1705326591,
                "content": "Detailed Report: https://oss-fuzz.com/testcase?key=4946758404734976\n\nProject: gpac\nFuzzing Engine: libFuzzer\nFuzz Target: fuzz_probe_analyze\nJob Type: libfuzzer_asan_gpac\nPlatform Id: linux\n\nCrash Type: Stack-buffer-overflow WRITE {*}\nCrash Address: 0x7fff413933ce\nCrash State:\n  gf_sk_connect\n  sockin_initialize\n  gf_filter_new_finalize\n  \nSanitizer: address (ASAN)\n\nRecommended Security Severity: High\n\nRegressed: https://oss-fuzz.com/revisions?job=libfuzzer_asan_gpac&range=202312170603:202312200621\n\nReproducer Testcase: https://oss-fuzz.com/download?testcase_id=4946758404734976\n\nIssue filed automatically.\n\nSee https://google.github.io/oss-fuzz/advanced-topics/reproducing for instructions to reproduce this bug locally.\nWhen you fix this bug, please\n  * mention the fix revision(s).\n  * state whether the bug was a short-lived regression or an old bug in any stable releases.\n  * add any other useful information.\nThis information can help downstream consumers.\n\nIf you need to contact the OSS-Fuzz team with a question, concern, or any other feedback, please file an issue at https://github.com/google/oss-fuzz/issues. Comments on individual Monorail issues are not monitored.\n\nThis bug is subject to a 90 day disclosure deadline. If 90 days elapse\nwithout an upstream patch, then the bug report will automatically\nbecome visible to the public.",
                "descriptionNum": 1
            },
            {
                "projectName": "oss-fuzz",
                "localId": 65763,
                "sequenceNum": 1,
                "commenter": {
                    "userId": "1950284618",
                    "displayName": "sheriffbot"
                },
                "timestamp": 1705349353,
                "amendments": [
                    {
                        "fieldName": "Labels",
                        "newOrDeltaValue": "Disclosure-2024-04-15"
                    }
                ]
            },
            {
                "projectName": "oss-fuzz",
                "localId": 65763,
                "sequenceNum": 2,
                "commenter": {
                    "userId": "382749006",
                    "displayName": "ClusterFuzz-External"
                },
                "timestamp": 1705653642,
                "content": "ClusterFuzz testcase 4946758404734976 is verified as fixed in https://oss-fuzz.com/revisions?job=libfuzzer_asan_gpac&range=202401170602:202401180602\n\nIf this is incorrect, please file a bug on https://github.com/google/oss-fuzz/issues/new",
                "amendments": [
                    {
                        "fieldName": "Status",
                        "newOrDeltaValue": "Verified",
                        "oldValue": "New"
                    },
                    {
                        "fieldName": "Labels",
                        "newOrDeltaValue": "ClusterFuzz-Verified"
                    }
                ]
            },
            {
                "projectName": "oss-fuzz",
                "localId": 65763,
                "sequenceNum": 3,
                "commenter": {
                    "userId": "1950284618",
                    "displayName": "sheriffbot"
                },
                "timestamp": 1705694044,
                "content": "This bug has been fixed. It has been opened to the public.\n\n- Your friendly Sheriffbot",
                "amendments": [
                    {
                        "fieldName": "Labels",
                        "newOrDeltaValue": "-restrict-view-commit"
                    }
                ]
            }
        ]
    },
    "fix_commit": "0ff40625b602590afffb383ab03d155e0ba509ed",
    "repo_addr": "https://github.com/gpac/gpac"
}