{
    "fix": "https://github.com/gpac/gpac/commit/a26fcd953ccd71b4171672c6bc14acf04454e61f",
    "verify": "0",
    "localId": 66032,
    "project": "gpac",
    "fuzzer": "libfuzzer",
    "sanitizer": "asan",
    "crash_type": "Heap-buffer-overflow READ {*}",
    "severity": "Medium",
    "report": {
        "comments": [
            {
                "projectName": "oss-fuzz",
                "localId": 66032,
                "commenter": {
                    "userId": "382749006",
                    "displayName": "ClusterFuzz-External"
                },
                "timestamp": 1705838696,
                "content": "Detailed Report: https://oss-fuzz.com/testcase?key=5392885629386752\n\nProject: gpac\nFuzzing Engine: libFuzzer\nFuzz Target: fuzz_probe_analyze\nJob Type: libfuzzer_asan_gpac\nPlatform Id: linux\n\nCrash Type: Heap-buffer-overflow READ {*}\nCrash Address: 0x62200000d489\nCrash State:\n  ctxload_probe_data\n  gf_filter_pid_raw_new\n  filein_process\n  \nSanitizer: address (ASAN)\n\nRecommended Security Severity: Medium\n\nRegressed: https://oss-fuzz.com/revisions?job=libfuzzer_asan_gpac&range=202401190605:202401200616\n\nReproducer Testcase: https://oss-fuzz.com/download?testcase_id=5392885629386752\n\nIssue filed automatically.\n\nSee https://google.github.io/oss-fuzz/advanced-topics/reproducing for instructions to reproduce this bug locally.\nWhen you fix this bug, please\n  * mention the fix revision(s).\n  * state whether the bug was a short-lived regression or an old bug in any stable releases.\n  * add any other useful information.\nThis information can help downstream consumers.\n\nIf you need to contact the OSS-Fuzz team with a question, concern, or any other feedback, please file an issue at https://github.com/google/oss-fuzz/issues. Comments on individual Monorail issues are not monitored.\n\nThis bug is subject to a 90 day disclosure deadline. If 90 days elapse\nwithout an upstream patch, then the bug report will automatically\nbecome visible to the public.",
                "descriptionNum": 1
            },
            {
                "projectName": "oss-fuzz",
                "localId": 66032,
                "sequenceNum": 1,
                "commenter": {
                    "userId": "382749006",
                    "displayName": "ClusterFuzz-External"
                },
                "timestamp": 1705862958,
                "content": "This crash occurs very frequently on linux platform and is likely preventing the fuzzer fuzz_probe_analyze from making much progress. Fixing this will allow more bugs to be found.\n\nIf this is incorrect, please file a bug on https://github.com/google/oss-fuzz/issues/new",
                "amendments": [
                    {
                        "fieldName": "Labels",
                        "newOrDeltaValue": "Fuzz-Blocker"
                    }
                ]
            },
            {
                "projectName": "oss-fuzz",
                "localId": 66032,
                "sequenceNum": 2,
                "commenter": {
                    "userId": "1950284618",
                    "displayName": "sheriffbot"
                },
                "timestamp": 1705867428,
                "amendments": [
                    {
                        "fieldName": "Labels",
                        "newOrDeltaValue": "Disclosure-2024-04-22"
                    }
                ]
            },
            {
                "projectName": "oss-fuzz",
                "localId": 66032,
                "sequenceNum": 3,
                "commenter": {
                    "userId": "382749006",
                    "displayName": "ClusterFuzz-External"
                },
                "timestamp": 1706089534,
                "content": "ClusterFuzz testcase 5392885629386752 is verified as fixed in https://oss-fuzz.com/revisions?job=libfuzzer_asan_gpac&range=202401220616:202401230620\n\nIf this is incorrect, please file a bug on https://github.com/google/oss-fuzz/issues/new",
                "amendments": [
                    {
                        "fieldName": "Status",
                        "newOrDeltaValue": "Verified",
                        "oldValue": "New"
                    },
                    {
                        "fieldName": "Labels",
                        "newOrDeltaValue": "ClusterFuzz-Verified"
                    }
                ]
            },
            {
                "projectName": "oss-fuzz",
                "localId": 66032,
                "sequenceNum": 4,
                "commenter": {
                    "userId": "1950284618",
                    "displayName": "sheriffbot"
                },
                "timestamp": 1706126386,
                "content": "This bug has been fixed. It has been opened to the public.\n\n- Your friendly Sheriffbot",
                "amendments": [
                    {
                        "fieldName": "Labels",
                        "newOrDeltaValue": "-restrict-view-commit"
                    }
                ]
            }
        ]
    },
    "fix_commit": "a26fcd953ccd71b4171672c6bc14acf04454e61f",
    "repo_addr": "https://github.com/gpac/gpac"
}