{
    "fix": "https://github.com/obgm/libcoap/commit/f930b0ad5bc73689d4b63d3742f39d6ff49197a9",
    "verify": "0",
    "localId": 31479,
    "project": "libcoap",
    "fuzzer": "libfuzzer",
    "sanitizer": "asan",
    "crash_type": "Global-buffer-overflow WRITE 1",
    "report": {
        "comments": [
            {
                "projectName": "oss-fuzz",
                "localId": 31479,
                "commenter": {
                    "userId": "382749006",
                    "displayName": "ClusterFuzz-External"
                },
                "timestamp": 1614427996,
                "content": "Detailed Report: https://oss-fuzz.com/testcase?key=4709449794191360\n\nProject: libcoap\nFuzzing Engine: libFuzzer\nFuzz Target: pdu_parse_fuzzer\nJob Type: libfuzzer_asan_libcoap\nPlatform Id: linux\n\nCrash Type: Global-buffer-overflow WRITE 1\nCrash Address: 0x000001164608\nCrash State:\n  coap_pdu_parse_opt\n  coap_pdu_parse\n  \nSanitizer: address (ASAN)\n\nRegressed: https://oss-fuzz.com/revisions?job=libfuzzer_asan_libcoap&range=202102260607:202102270620\n\nReproducer Testcase: https://oss-fuzz.com/download?testcase_id=4709449794191360\n\nIssue filed automatically.\n\nSee https://google.github.io/oss-fuzz/advanced-topics/reproducing for instructions to reproduce this bug locally.\nWhen you fix this bug, please\n  * mention the fix revision(s).\n  * state whether the bug was a short-lived regression or an old bug in any stable releases.\n  * add any other useful information.\nThis information can help downstream consumers.\n\nIf you need to contact the OSS-Fuzz team with a question, concern, or any other feedback, please file an issue at https://github.com/google/oss-fuzz/issues. Comments on individual Monorail issues are not monitored.\n\nThis bug is subject to a 90 day disclosure deadline. If 90 days elapse\nwithout an upstream patch, then the bug report will automatically\nbecome visible to the public.",
                "descriptionNum": 1
            },
            {
                "projectName": "oss-fuzz",
                "localId": 31479,
                "sequenceNum": 1,
                "isDeleted": true,
                "timestamp": 1614618823
            },
            {
                "projectName": "oss-fuzz",
                "localId": 31479,
                "sequenceNum": 2,
                "commenter": {
                    "userId": "3536806084",
                    "displayName": "libc...@gmail.com"
                },
                "timestamp": 1614691361,
                "content": "The bug was introduced with PR 599 and has been fixed in commit f930b0ad."
            },
            {
                "projectName": "oss-fuzz",
                "localId": 31479,
                "sequenceNum": 3,
                "commenter": {
                    "userId": "382749006",
                    "displayName": "ClusterFuzz-External"
                },
                "timestamp": 1614699634,
                "content": "ClusterFuzz testcase 4709449794191360 is verified as fixed in https://oss-fuzz.com/revisions?job=libfuzzer_asan_libcoap&range=202103010623:202103020607\n\nIf this is incorrect, please file a bug on https://github.com/google/oss-fuzz/issues/new",
                "amendments": [
                    {
                        "fieldName": "Status",
                        "newOrDeltaValue": "Verified",
                        "oldValue": "New"
                    },
                    {
                        "fieldName": "Labels",
                        "newOrDeltaValue": "ClusterFuzz-Verified"
                    }
                ]
            },
            {
                "projectName": "oss-fuzz",
                "localId": 31479,
                "sequenceNum": 4,
                "commenter": {
                    "userId": "1950284618",
                    "displayName": "sheriffbot"
                },
                "timestamp": 1616093819,
                "content": "This bug has been fixed. It has been opened to the public.\n\n- Your friendly Sheriffbot",
                "amendments": [
                    {
                        "fieldName": "Labels",
                        "newOrDeltaValue": "-restrict-view-commit"
                    }
                ]
            }
        ]
    },
    "fix_commit": "f930b0ad5bc73689d4b63d3742f39d6ff49197a9",
    "repo_addr": "https://github.com/obgm/libcoap.git"
}