{
    "fix": "https://aomedia.googlesource.com/aom/+/fe996504f76f4204074c1f8f681925852c61b777%5E%21/",
    "verify": "0",
    "localId": 11517,
    "project": "aom",
    "fuzzer": "afl",
    "sanitizer": "asan",
    "crash_type": "Stack-buffer-overflow READ 16",
    "severity": "Medium",
    "report": {
        "comments": [
            {
                "localId": 11517,
                "descriptionNum": 1,
                "projectName": "oss-fuzz",
                "commenter": {
                    "displayName": "ClusterFuzz-External",
                    "userId": "382749006"
                },
                "content": "Detailed report: https://oss-fuzz.com/testcase?key=5759400271151104\n\nProject: libaom\nFuzzer: afl_libaom_av1_dec_fuzzer\nFuzz target binary: av1_dec_fuzzer\nJob Type: afl_asan_libaom\nPlatform Id: linux\n\nCrash Type: Stack-buffer-overflow READ 16\nCrash Address: 0x7f0cdb2dc3f1\nCrash State:\n  highbd_dr_prediction_z1_64xN_avx2\n  av1_highbd_dr_prediction_z1_avx2\n  av1_predict_intra_block\n  \nSanitizer: address (ASAN)\n\nRecommended Security Severity: Medium\n\nRegressed: https://oss-fuzz.com/revisions?job=afl_asan_libaom&range=201811220321:201811230324\n\nReproducer Testcase: https://oss-fuzz.com/download?testcase_id=5759400271151104\n\nIssue filed automatically.\n\nSee https://github.com/google/oss-fuzz/blob/master/docs/reproducing.md for more information.\n\nThis bug is subject to a 90 day disclosure deadline. If 90 days elapse\nwithout an upstream patch, then the bug report will automatically\nbecome visible to the public.\n\nWhen you fix this bug, please\n  * mention the fix revision(s).\n  * state whether the bug was a short-lived regression or an old bug in any stable releases.\n  * add any other useful information.\nThis information can help downstream consumers.\n\nIf you need to contact the OSS-Fuzz team with a question, concern, or any other feedback, please file an issue at https://github.com/google/oss-fuzz/issues.",
                "timestamp": 1542964830
            },
            {
                "amendments": [
                    {
                        "fieldName": "Labels",
                        "newOrDeltaValue": "OS-Linux"
                    }
                ],
                "localId": 11517,
                "projectName": "oss-fuzz",
                "commenter": {
                    "displayName": "ClusterFuzz-External",
                    "userId": "382749006"
                },
                "sequenceNum": 1,
                "timestamp": 1542965476
            },
            {
                "amendments": [
                    {
                        "fieldName": "Labels",
                        "newOrDeltaValue": "Fuzz-Blocker"
                    }
                ],
                "localId": 11517,
                "projectName": "oss-fuzz",
                "commenter": {
                    "displayName": "ClusterFuzz-External",
                    "userId": "382749006"
                },
                "content": "This crash occurs very frequently on linux platform and is likely preventing the fuzzer av1_dec_fuzzer from making much progress. Fixing this will allow more bugs to be found.\n\nIf this is incorrect, please file a bug on https://github.com/google/oss-fuzz/issues/new",
                "sequenceNum": 2,
                "timestamp": 1543073207
            },
            {
                "amendments": [
                    {
                        "fieldName": "Status",
                        "oldValue": "New",
                        "newOrDeltaValue": "Accepted"
                    },
                    {
                        "fieldName": "Owner",
                        "newOrDeltaValue": "wtc@google.com"
                    },
                    {
                        "fieldName": "Cc",
                        "newOrDeltaValue": "nguyennancy@google.com slavarnway@google.com yunqingwang@google.com niva...@gmail.com twsmith@mozilla.com maxim...@gmail.com"
                    }
                ],
                "localId": 11517,
                "projectName": "oss-fuzz",
                "commenter": {
                    "displayName": "wtc@google.com",
                    "userId": "171122292"
                },
                "content": "This stack-buffer-overflow bug was also reported by twsmith@mozilla.com in bug aomedia:2259.\r\n\r\nThe highbd_dr_prediction_z1_64xN_avx2 function was added in\r\ncommit\t1468e60d7367aed304e4f2f3d9193d0e47179631:\r\n\r\nAuthor: Victoria Zhislina <niva213@gmail.com>\r\nDate:   Wed Oct 31 18:38:28 2018 +0300\r\n\r\n    AVX2 ver of highbd dr predictions Z1,Z3\r\n    \r\n    perfromance increase 1.22x-20x depending on input params\r\n    \r\n    Change-Id: I4452590b86b25347638d62774e6ec1eef8cee019\r\n\r\nhttps://aomedia-review.googlesource.com/c/aom/+/74081",
                "sequenceNum": 3,
                "timestamp": 1543081915
            },
            {
                "localId": 11517,
                "projectName": "oss-fuzz",
                "commenter": {
                    "displayName": "niva...@gmail.com",
                    "userId": "1444179975"
                },
                "content": "I will look into that for sure!",
                "sequenceNum": 4,
                "timestamp": 1543084168
            },
            {
                "localId": 11517,
                "projectName": "oss-fuzz",
                "commenter": {
                    "displayName": "bugdroid1@chromium.org",
                    "userId": "3275348242"
                },
                "content": "The following revision refers to this bug:\n  https://aomedia.googlesource.com/aom/+/fe996504f76f4204074c1f8f681925852c61b777\n\ncommit fe996504f76f4204074c1f8f681925852c61b777\nAuthor: Victoria Zhislina <niva213@gmail.com>\nDate: Tue Nov 27 04:18:54 2018\n\nAVX2 ver of highb dr prediction - Z1 bug fixed\n\nExtracted from https://aomedia-review.googlesource.com/c/aom/+/75642.\n\nBUG=aomedia:2259,aomedia:2260,oss-fuzz:11517\n\nChange-Id: Ifc4d8e4703080a70aac1f97e5dbefb2ab2b8e33b\n\n[modify] https://crrev.com/fe996504f76f4204074c1f8f681925852c61b777/aom_dsp/x86/intrapred_avx2.c\n",
                "sequenceNum": 5,
                "timestamp": 1543292340
            },
            {
                "localId": 11517,
                "projectName": "oss-fuzz",
                "commenter": {
                    "displayName": "ClusterFuzz-External",
                    "userId": "382749006"
                },
                "content": "ClusterFuzz has detected this issue as fixed in range 201811270321:201811270735.\n\nDetailed report: https://oss-fuzz.com/testcase?key=5759400271151104\n\nProject: libaom\nFuzzer: afl_libaom_av1_dec_fuzzer\nFuzz target binary: av1_dec_fuzzer\nJob Type: afl_asan_libaom\nPlatform Id: linux\n\nCrash Type: Stack-buffer-overflow READ 16\nCrash Address: 0x7f0cdb2dc3f1\nCrash State:\n  highbd_dr_prediction_z1_64xN_avx2\n  av1_highbd_dr_prediction_z1_avx2\n  av1_predict_intra_block\n  \nSanitizer: address (ASAN)\n\nRecommended Security Severity: Medium\n\nRegressed: https://oss-fuzz.com/revisions?job=afl_asan_libaom&range=201811220321:201811230324\nFixed: https://oss-fuzz.com/revisions?job=afl_asan_libaom&range=201811270321:201811270735\n\nReproducer Testcase: https://oss-fuzz.com/download?testcase_id=5759400271151104\n\nSee https://github.com/google/oss-fuzz/blob/master/docs/reproducing.md for more information.\n\nIf you suspect that the result above is incorrect, try re-doing that job on the test case report page.",
                "sequenceNum": 6,
                "timestamp": 1543306430
            },
            {
                "amendments": [
                    {
                        "fieldName": "Status",
                        "oldValue": "Accepted",
                        "newOrDeltaValue": "Verified"
                    },
                    {
                        "fieldName": "Labels",
                        "newOrDeltaValue": "ClusterFuzz-Verified"
                    }
                ],
                "localId": 11517,
                "projectName": "oss-fuzz",
                "commenter": {
                    "displayName": "ClusterFuzz-External",
                    "userId": "382749006"
                },
                "content": "ClusterFuzz testcase 5759400271151104 is verified as fixed, so closing issue as verified.\n\nIf this is incorrect, please file a bug on https://github.com/google/oss-fuzz/issues/new",
                "sequenceNum": 7,
                "timestamp": 1543307287
            },
            {
                "amendments": [
                    {
                        "fieldName": "Labels",
                        "newOrDeltaValue": "-restrict-view-commit"
                    }
                ],
                "localId": 11517,
                "projectName": "oss-fuzz",
                "commenter": {
                    "displayName": "sheriffbot@chromium.org",
                    "userId": "4164592774"
                },
                "content": "This bug has been fixed for 30 days. It has been opened to the public.\n\n- Your friendly Sheriffbot",
                "sequenceNum": 8,
                "timestamp": 1545927918
            }
        ]
    },
    "fix_commit": "fe996504f76f4204074c1f8f681925852c61b777",
    "repo_addr": "https://aomedia.googlesource.com/aom"
}