{
    "localId": 12552,
    "project": "aom",
    "fix": "https://aomedia.googlesource.com/aom/+/b46542180d551d5e4eb666cf35dd62395ba43f3e%5E%21/",
    "verify": "0",
    "fuzzer": "libfuzzer",
    "sanitizer": "msan",
    "crash_type": "Use-of-uninitialized-value",
    "severity": "Medium",
    "report": {
        "comments": [
            {
                "localId": 12552,
                "descriptionNum": 1,
                "projectName": "oss-fuzz",
                "commenter": {
                    "displayName": "ClusterFuzz-External",
                    "userId": "382749006"
                },
                "content": "Detailed report: https://oss-fuzz.com/testcase?key=5077054955978752\n\nProject: libaom\nFuzzer: libFuzzer_libaom_av1_dec_fuzzer\nFuzz target binary: av1_dec_fuzzer\nJob Type: libfuzzer_msan_libaom\nPlatform Id: linux\n\nCrash Type: Use-of-uninitialized-value\nCrash Address: \nCrash State:\n  inv_txfm2d_add_facade\n  av1_inv_txfm2d_add_64x64_c\n  av1_inverse_transform_block\n  \nSanitizer: memory (MSAN)\n\nRecommended Security Severity: Medium\n\nRegressed: https://oss-fuzz.com/revisions?job=libfuzzer_msan_libaom&range=201901170302:201901180303\n\nReproducer Testcase: https://oss-fuzz.com/download?testcase_id=5077054955978752\n\nIssue filed automatically.\n\nSee https://github.com/google/oss-fuzz/blob/master/docs/reproducing.md for instructions to reproduce this bug locally.\n\nThis bug is subject to a 90 day disclosure deadline. If 90 days elapse\nwithout an upstream patch, then the bug report will automatically\nbecome visible to the public.\n\nWhen you fix this bug, please\n  * mention the fix revision(s).\n  * state whether the bug was a short-lived regression or an old bug in any stable releases.\n  * add any other useful information.\nThis information can help downstream consumers.\n\nIf you need to contact the OSS-Fuzz team with a question, concern, or any other feedback, please file an issue at https://github.com/google/oss-fuzz/issues.",
                "timestamp": 1547796076
            },
            {
                "amendments": [
                    {
                        "fieldName": "Labels",
                        "newOrDeltaValue": "OS-Linux"
                    }
                ],
                "localId": 12552,
                "projectName": "oss-fuzz",
                "commenter": {
                    "displayName": "ClusterFuzz-External",
                    "userId": "382749006"
                },
                "sequenceNum": 1,
                "timestamp": 1547796378
            },
            {
                "amendments": [
                    {
                        "fieldName": "Owner",
                        "newOrDeltaValue": "wtc@google.com"
                    },
                    {
                        "fieldName": "Cc",
                        "newOrDeltaValue": "yunqingwang@google.com"
                    }
                ],
                "localId": 12552,
                "projectName": "oss-fuzz",
                "commenter": {
                    "displayName": "wtc@google.com",
                    "userId": "171122292"
                },
                "sequenceNum": 2,
                "timestamp": 1547861802
            },
            {
                "localId": 12552,
                "projectName": "oss-fuzz",
                "commenter": {
                    "displayName": "bugdroid1@chromium.org",
                    "userId": "3275348242"
                },
                "content": "The following revision refers to this bug:\n  https://aomedia.googlesource.com/aom/+/b46542180d551d5e4eb666cf35dd62395ba43f3e\n\ncommit b46542180d551d5e4eb666cf35dd62395ba43f3e\nAuthor: Wan-Teh Chang <wtc@google.com>\nDate: Sat Jan 19 01:28:05 2019\n\nChange AOM_DEC_BORDER_IN_PIXELS back to 288.\n\nAOM_DEC_BORDER_IN_PIXELS was reduced to 64 in\ncommit 2fd0077fe14aa1b6dbcd30f3acc95c5eba5c76bb:\nhttps://aomedia-review.googlesource.com/c/aom/+/78001\n\nIt caused several oss-fuzz bugs. Change it back to the original value to\nfix the oss-fuzz bugs.\n\nBUG=oss-fuzz:12549\nBUG=oss-fuzz:12550\nBUG=oss-fuzz:12552\nBUG=oss-fuzz:12554\nBUG=oss-fuzz:12555\nBUG=oss-fuzz:12560\n\nChange-Id: Ifcb291d2a8b051a3a84e7df246e9b94170396246\n\n[modify] https://crrev.com/b46542180d551d5e4eb666cf35dd62395ba43f3e/aom_scale/yv12config.h\n",
                "sequenceNum": 3,
                "timestamp": 1547866159
            },
            {
                "localId": 12552,
                "projectName": "oss-fuzz",
                "commenter": {
                    "displayName": "ClusterFuzz-External",
                    "userId": "382749006"
                },
                "content": "ClusterFuzz has detected this issue as fixed in range 201901180303:201901190306.\n\nDetailed report: https://oss-fuzz.com/testcase?key=5077054955978752\n\nProject: libaom\nFuzzer: libFuzzer_libaom_av1_dec_fuzzer\nFuzz target binary: av1_dec_fuzzer\nJob Type: libfuzzer_msan_libaom\nPlatform Id: linux\n\nCrash Type: Use-of-uninitialized-value\nCrash Address: \nCrash State:\n  inv_txfm2d_add_facade\n  av1_inv_txfm2d_add_64x64_c\n  av1_inverse_transform_block\n  \nSanitizer: memory (MSAN)\n\nRecommended Security Severity: Medium\n\nRegressed: https://oss-fuzz.com/revisions?job=libfuzzer_msan_libaom&range=201901170302:201901180303\nFixed: https://oss-fuzz.com/revisions?job=libfuzzer_msan_libaom&range=201901180303:201901190306\n\nReproducer Testcase: https://oss-fuzz.com/download?testcase_id=5077054955978752\n\nSee https://github.com/google/oss-fuzz/blob/master/docs/reproducing.md for instructions to reproduce this bug locally.\n\nIf you suspect that the result above is incorrect, try re-doing that job on the test case report page.",
                "sequenceNum": 4,
                "timestamp": 1547911000
            },
            {
                "amendments": [
                    {
                        "fieldName": "Status",
                        "oldValue": "New",
                        "newOrDeltaValue": "Verified"
                    },
                    {
                        "fieldName": "Labels",
                        "newOrDeltaValue": "ClusterFuzz-Verified"
                    }
                ],
                "localId": 12552,
                "projectName": "oss-fuzz",
                "commenter": {
                    "displayName": "ClusterFuzz-External",
                    "userId": "382749006"
                },
                "content": "ClusterFuzz testcase 5077054955978752 is verified as fixed, so closing issue as verified.\n\nIf this is incorrect, please file a bug on https://github.com/google/oss-fuzz/issues/new",
                "sequenceNum": 5,
                "timestamp": 1547911931
            },
            {
                "amendments": [
                    {
                        "fieldName": "Cc",
                        "newOrDeltaValue": "haris...@ittiam.com"
                    }
                ],
                "localId": 12552,
                "projectName": "oss-fuzz",
                "commenter": {
                    "displayName": "wtc@google.com",
                    "userId": "171122292"
                },
                "sequenceNum": 6,
                "timestamp": 1548432481
            },
            {
                "amendments": [
                    {
                        "fieldName": "Labels",
                        "newOrDeltaValue": "-restrict-view-commit"
                    }
                ],
                "localId": 12552,
                "projectName": "oss-fuzz",
                "commenter": {
                    "displayName": "sheriffbot@chromium.org",
                    "userId": "4164592774"
                },
                "content": "This bug has been fixed for 30 days. It has been opened to the public.\n\n- Your friendly Sheriffbot",
                "sequenceNum": 7,
                "timestamp": 1550507084
            }
        ]
    },
    "fix_commit": "b46542180d551d5e4eb666cf35dd62395ba43f3e",
    "repo_addr": "https://aomedia.googlesource.com/aom"
}