{
    "fix": "https://aomedia.googlesource.com/aom/+/ee9dbcb018f20f16348b22bc413dec1c9d901183%5E%21/",
    "verify": "0",
    "localId": 44862,
    "project": "aom",
    "fuzzer": "honggfuzz",
    "sanitizer": "asan",
    "crash_type": "Heap-buffer-overflow WRITE 4",
    "severity": "High",
    "report": {
        "comments": [
            {
                "projectName": "oss-fuzz",
                "localId": 44862,
                "commenter": {
                    "userId": "382749006",
                    "displayName": "ClusterFuzz-External"
                },
                "timestamp": 1645297817,
                "content": "Detailed Report: https://oss-fuzz.com/testcase?key=5555611524268032\n\nProject: libaom\nFuzzing Engine: honggfuzz\nFuzz Target: av1_dec_fuzzer\nJob Type: honggfuzz_asan_libaom\nPlatform Id: linux\n\nCrash Type: Heap-buffer-overflow WRITE 4\nCrash Address: 0x613000000aa8\nCrash State:\n  row_mt_worker_hook\n  thread_loop\n  \nSanitizer: address (ASAN)\n\nRecommended Security Severity: High\n\nRegressed: https://oss-fuzz.com/revisions?job=honggfuzz_asan_libaom&range=202202180604:202202190605\n\nReproducer Testcase: https://oss-fuzz.com/download?testcase_id=5555611524268032\n\nIssue filed automatically.\n\nSee https://google.github.io/oss-fuzz/advanced-topics/reproducing for instructions to reproduce this bug locally.\nWhen you fix this bug, please\n  * mention the fix revision(s).\n  * state whether the bug was a short-lived regression or an old bug in any stable releases.\n  * add any other useful information.\nThis information can help downstream consumers.\n\nIf you need to contact the OSS-Fuzz team with a question, concern, or any other feedback, please file an issue at https://github.com/google/oss-fuzz/issues. Comments on individual Monorail issues are not monitored.\n\nThis bug is subject to a 90 day disclosure deadline. If 90 days elapse\nwithout an upstream patch, then the bug report will automatically\nbecome visible to the public.",
                "descriptionNum": 1
            },
            {
                "projectName": "oss-fuzz",
                "localId": 44862,
                "sequenceNum": 1,
                "commenter": {
                    "userId": "1950284618",
                    "displayName": "sheriffbot"
                },
                "timestamp": 1645300283,
                "amendments": [
                    {
                        "fieldName": "Labels",
                        "newOrDeltaValue": "Disclosure-2022-05-20"
                    }
                ]
            },
            {
                "projectName": "oss-fuzz",
                "localId": 44862,
                "sequenceNum": 2,
                "commenter": {
                    "userId": "171122292",
                    "displayName": "wtc@google.com"
                },
                "timestamp": 1645553592,
                "content": "Hi Yunqing,\r\n\r\nI believe this is caused by your CL \"Fix hang in row-mt decoding\":\r\nhttps://aomedia-review.googlesource.com/c/aom/+/153701",
                "amendments": [
                    {
                        "fieldName": "Status",
                        "newOrDeltaValue": "Accepted",
                        "oldValue": "New"
                    },
                    {
                        "fieldName": "Owner",
                        "newOrDeltaValue": "yunqingwang@google.com"
                    }
                ]
            },
            {
                "projectName": "oss-fuzz",
                "localId": 44862,
                "sequenceNum": 3,
                "commenter": {
                    "userId": "171122292",
                    "displayName": "wtc@google.com"
                },
                "timestamp": 1645553982,
                "content": "I just realized that it was Venkata, not Yunqing, who wrote the CL \"Fix hang in row-mt decoding\". Sorry about the confusion.",
                "amendments": [
                    {
                        "fieldName": "Cc",
                        "newOrDeltaValue": "sanam...@ittiam.com ranji...@ittiam.com"
                    }
                ]
            },
            {
                "projectName": "oss-fuzz",
                "localId": 44862,
                "sequenceNum": 4,
                "commenter": {
                    "userId": "233459370",
                    "displayName": "Git Watcher"
                },
                "timestamp": 1646154131,
                "content": "The following revision refers to this bug:\n  https://aomedia.googlesource.com/aom/+/ee9dbcb018f20f16348b22bc413dec1c9d901183\n\ncommit ee9dbcb018f20f16348b22bc413dec1c9d901183\nAuthor: venkat sanampudi <sanampudi.venkatarao@ittiam.com>\nDate: Thu Feb 24 16:04:22 2022\n\nFix issues in row-mt decoding\n\nWhen an internal error occurs in row-mt path, xd->mi_row is used to\nsignal decoding/parsing for specific SB row is finished. This ensures\nthat other threads which wait on this specific SB row will exit decoding.\nHowever, at some places xd->mi_row was not set to a valid value w.r.t.\ncurrent tile when an internal error occurs. This CL sets xd->mi_row\nappropriately at these places.\n\nBUG=oss-fuzz:44846,oss-fuzz:44856,oss-fuzz:44862,oss-fuzz:44904,oss-fuzz:45056\n\nChange-Id: I21568ffb7bd388d782fb2e4615798e3bc9fbe425\n\n[modify] https://crrev.com/ee9dbcb018f20f16348b22bc413dec1c9d901183/av1/decoder/decodeframe.c\n"
            },
            {
                "projectName": "oss-fuzz",
                "localId": 44862,
                "sequenceNum": 5,
                "commenter": {
                    "userId": "3387381486",
                    "displayName": "jaikk@google.com"
                },
                "timestamp": 1646166010,
                "amendments": [
                    {
                        "fieldName": "Cc",
                        "newOrDeltaValue": "-jaikk@google.com"
                    }
                ]
            },
            {
                "projectName": "oss-fuzz",
                "localId": 44862,
                "sequenceNum": 6,
                "commenter": {
                    "userId": "382749006",
                    "displayName": "ClusterFuzz-External"
                },
                "timestamp": 1646168981,
                "amendments": [
                    {
                        "fieldName": "Cc",
                        "newOrDeltaValue": "jaikk@google.com"
                    }
                ]
            },
            {
                "projectName": "oss-fuzz",
                "localId": 44862,
                "sequenceNum": 7,
                "commenter": {
                    "userId": "382749006",
                    "displayName": "ClusterFuzz-External"
                },
                "timestamp": 1646177687,
                "amendments": [
                    {
                        "fieldName": "Cc",
                        "newOrDeltaValue": "jhuoponen@google.com"
                    }
                ]
            },
            {
                "projectName": "oss-fuzz",
                "localId": 44862,
                "sequenceNum": 8,
                "commenter": {
                    "userId": "382749006",
                    "displayName": "ClusterFuzz-External"
                },
                "timestamp": 1646243482,
                "content": "ClusterFuzz testcase 5555611524268032 is verified as fixed in https://oss-fuzz.com/revisions?job=honggfuzz_asan_libaom&range=202203010600:202203020612\n\nIf this is incorrect, please file a bug on https://github.com/google/oss-fuzz/issues/new",
                "amendments": [
                    {
                        "fieldName": "Status",
                        "newOrDeltaValue": "Verified",
                        "oldValue": "Accepted"
                    },
                    {
                        "fieldName": "Labels",
                        "newOrDeltaValue": "ClusterFuzz-Verified"
                    }
                ]
            },
            {
                "projectName": "oss-fuzz",
                "localId": 44862,
                "sequenceNum": 9,
                "commenter": {
                    "userId": "1950284618",
                    "displayName": "sheriffbot"
                },
                "timestamp": 1646250142,
                "content": "This bug has been fixed. It has been opened to the public.\n\n- Your friendly Sheriffbot",
                "amendments": [
                    {
                        "fieldName": "Labels",
                        "newOrDeltaValue": "-restrict-view-commit"
                    }
                ]
            }
        ]
    },
    "fix_commit": "ee9dbcb018f20f16348b22bc413dec1c9d901183",
    "repo_addr": "https://aomedia.googlesource.com/aom"
}