{
    "fix": "https://aomedia.googlesource.com/aom/+/08efc1491525624dc5f5ebf0e450227524a7db4f%5E%21/",
    "verify": "1",
    "localId": 67162,
    "project": "aom",
    "fuzzer": "libfuzzer",
    "sanitizer": "msan",
    "crash_type": "Use-of-uninitialized-value",
    "severity": "Medium",
    "report": {
        "comments": [
            {
                "projectName": "oss-fuzz",
                "localId": 67162,
                "commenter": {
                    "userId": "382749006",
                    "displayName": "ClusterFuzz-External"
                },
                "timestamp": 1709386295,
                "content": "Detailed Report: https://oss-fuzz.com/testcase?key=5446697209626624\n\nProject: libaom\nFuzzing Engine: libFuzzer\nFuzz Target: av1_dec_fuzzer\nJob Type: libfuzzer_msan_libaom\nPlatform Id: linux\n\nCrash Type: Use-of-uninitialized-value\nCrash Address: \nCrash State:\n  od_ec_decode_bool_q15\n  av1_read_coeffs_txb\n  av1_read_coeffs_txb_facade\n  \nSanitizer: memory (MSAN)\n\nRecommended Security Severity: Medium\n\nRegressed: https://oss-fuzz.com/revisions?job=libfuzzer_msan_libaom&range=202402260625:202402270613\n\nReproducer Testcase: https://oss-fuzz.com/download?testcase_id=5446697209626624\n\nIssue filed automatically.\n\nSee https://google.github.io/oss-fuzz/advanced-topics/reproducing for instructions to reproduce this bug locally.\nWhen you fix this bug, please\n  * mention the fix revision(s).\n  * state whether the bug was a short-lived regression or an old bug in any stable releases.\n  * add any other useful information.\nThis information can help downstream consumers.\n\nIf you need to contact the OSS-Fuzz team with a question, concern, or any other feedback, please file an issue at https://github.com/google/oss-fuzz/issues. Comments on individual Monorail issues are not monitored.\n\nThis bug is subject to a 90 day disclosure deadline. If 90 days elapse\nwithout an upstream patch, then the bug report will automatically\nbecome visible to the public.",
                "descriptionNum": 1
            },
            {
                "projectName": "oss-fuzz",
                "localId": 67162,
                "sequenceNum": 1,
                "commenter": {
                    "userId": "1950284618",
                    "displayName": "sheriffbot"
                },
                "timestamp": 1709408919,
                "amendments": [
                    {
                        "fieldName": "Labels",
                        "newOrDeltaValue": "Disclosure-2024-05-31"
                    }
                ]
            },
            {
                "projectName": "oss-fuzz",
                "localId": 67162,
                "sequenceNum": 2,
                "commenter": {
                    "userId": "2672346537",
                    "displayName": "jz...@google.com"
                },
                "timestamp": 1709585948,
                "amendments": [
                    {
                        "fieldName": "Owner",
                        "newOrDeltaValue": "jianj@google.com"
                    }
                ]
            },
            {
                "projectName": "oss-fuzz",
                "localId": 67162,
                "sequenceNum": 3,
                "commenter": {
                    "userId": "2672346537",
                    "displayName": "jz...@google.com"
                },
                "timestamp": 1709585983,
                "amendments": [
                    {
                        "fieldName": "Cc",
                        "newOrDeltaValue": "-wtc@google.com"
                    }
                ]
            },
            {
                "projectName": "oss-fuzz",
                "localId": 67162,
                "sequenceNum": 4,
                "commenter": {
                    "userId": "2672346537",
                    "displayName": "jz...@google.com"
                },
                "timestamp": 1709586077,
                "content": "Just testing access restrictions in comment #1 and comment #2. I'll add Jerome and Jingning to the auto cc.",
                "amendments": [
                    {
                        "fieldName": "Owner",
                        "newOrDeltaValue": "----"
                    },
                    {
                        "fieldName": "Cc",
                        "newOrDeltaValue": "jianj@google.com wtc@google.com jingning@google.com"
                    }
                ]
            },
            {
                "projectName": "oss-fuzz",
                "localId": 67162,
                "sequenceNum": 5,
                "commenter": {
                    "userId": "2672346537",
                    "displayName": "jz...@google.com"
                },
                "timestamp": 1709587217,
                "content": "Jingning said he will take a look. I can't assign the bug to him yet."
            },
            {
                "projectName": "oss-fuzz",
                "localId": 67162,
                "sequenceNum": 6,
                "commenter": {
                    "userId": "171122292",
                    "displayName": "wtc@google.com"
                },
                "timestamp": 1709600776,
                "content": "Although I have not reproduced this bug (because it is tricky to do the MSan build), I think this bug has the same underlying cause as two other bugs: get_ls_tile_buffers() does not check data_end before it advanced the data pointer. So I will take care of this bug.",
                "amendments": [
                    {
                        "fieldName": "Status",
                        "newOrDeltaValue": "Started",
                        "oldValue": "New"
                    },
                    {
                        "fieldName": "Owner",
                        "newOrDeltaValue": "wtc@google.com"
                    }
                ]
            },
            {
                "projectName": "oss-fuzz",
                "localId": 67162,
                "sequenceNum": 7,
                "commenter": {
                    "userId": "233459370",
                    "displayName": "Git Watcher"
                },
                "timestamp": 1709663832,
                "content": "The following revision refers to this bug:\n  https://aomedia.googlesource.com/aom/+/08efc1491525624dc5f5ebf0e450227524a7db4f\n\ncommit 08efc1491525624dc5f5ebf0e450227524a7db4f\nAuthor: Wan-Teh Chang <wtc@google.com>\nDate: Tue Mar 05 01:11:12 2024\n\nCheck data_end before advancing the data pointer\n\nget_ls_tile_buffers() should check data_end before advancing the data\npointer.\n\nBug: oss-fuzz:67059\nBug: oss-fuzz:67162\nBug: oss-fuzz:67184\nBug: oss-fuzz:67216\nBug: chromium:327719168\nChange-Id: Ib6582c2b3319234e6b7177bebb2798c7a9c239a4\n\n[modify] https://crrev.com/08efc1491525624dc5f5ebf0e450227524a7db4f/av1/decoder/decodeframe.c\n"
            },
            {
                "projectName": "oss-fuzz",
                "localId": 67162,
                "sequenceNum": 8,
                "commenter": {
                    "userId": "382749006",
                    "displayName": "ClusterFuzz-External"
                },
                "timestamp": 1709814333,
                "content": "ClusterFuzz testcase 5446697209626624 is verified as fixed in https://oss-fuzz.com/revisions?job=libfuzzer_msan_libaom&range=202403050618:202403060617\n\nIf this is incorrect, please file a bug on https://github.com/google/oss-fuzz/issues/new",
                "amendments": [
                    {
                        "fieldName": "Status",
                        "newOrDeltaValue": "Verified",
                        "oldValue": "Started"
                    },
                    {
                        "fieldName": "Labels",
                        "newOrDeltaValue": "ClusterFuzz-Verified"
                    }
                ]
            },
            {
                "projectName": "oss-fuzz",
                "localId": 67162,
                "sequenceNum": 9,
                "commenter": {
                    "userId": "1950284618",
                    "displayName": "sheriffbot"
                },
                "timestamp": 1709840332,
                "content": "This bug has been fixed. It has been opened to the public.\n\n- Your friendly Sheriffbot",
                "amendments": [
                    {
                        "fieldName": "Labels",
                        "newOrDeltaValue": "-restrict-view-commit"
                    }
                ]
            }
        ]
    },
    "fix_commit": "08efc1491525624dc5f5ebf0e450227524a7db4f",
    "repo_addr": "https://aomedia.googlesource.com/aom"
}