{
    "fix": "https://aomedia.googlesource.com/aom/+/08efc1491525624dc5f5ebf0e450227524a7db4f%5E%21/",
    "verify": "1",
    "localId": 67184,
    "project": "aom",
    "fuzzer": "libfuzzer",
    "sanitizer": "asan",
    "crash_type": "Heap-buffer-overflow READ 1",
    "severity": "Medium",
    "report": {
        "comments": [
            {
                "projectName": "oss-fuzz",
                "localId": 67184,
                "commenter": {
                    "userId": "382749006",
                    "displayName": "ClusterFuzz-External"
                },
                "timestamp": 1709467908,
                "content": "Detailed Report: https://oss-fuzz.com/testcase?key=6491968836272128\n\nProject: libaom\nFuzzing Engine: libFuzzer\nFuzz Target: av1_dec_fuzzer\nJob Type: libfuzzer_asan_libaom\nPlatform Id: linux\n\nCrash Type: Heap-buffer-overflow READ 1\nCrash Address: 0x611000000382\nCrash State:\n  od_ec_dec_init\n  aom_reader_init\n  tile_worker_hook_init\n  \nSanitizer: address (ASAN)\n\nRecommended Security Severity: Medium\n\nRegressed: https://oss-fuzz.com/revisions?job=libfuzzer_asan_libaom&range=202402260625:202402270613\n\nReproducer Testcase: https://oss-fuzz.com/download?testcase_id=6491968836272128\n\nIssue filed automatically.\n\nSee https://google.github.io/oss-fuzz/advanced-topics/reproducing for instructions to reproduce this bug locally.\nWhen you fix this bug, please\n  * mention the fix revision(s).\n  * state whether the bug was a short-lived regression or an old bug in any stable releases.\n  * add any other useful information.\nThis information can help downstream consumers.\n\nIf you need to contact the OSS-Fuzz team with a question, concern, or any other feedback, please file an issue at https://github.com/google/oss-fuzz/issues. Comments on individual Monorail issues are not monitored.\n\nThis bug is subject to a 90 day disclosure deadline. If 90 days elapse\nwithout an upstream patch, then the bug report will automatically\nbecome visible to the public.",
                "descriptionNum": 1
            },
            {
                "projectName": "oss-fuzz",
                "localId": 67184,
                "sequenceNum": 1,
                "commenter": {
                    "userId": "1950284618",
                    "displayName": "sheriffbot"
                },
                "timestamp": 1709495303,
                "amendments": [
                    {
                        "fieldName": "Labels",
                        "newOrDeltaValue": "Disclosure-2024-06-03"
                    }
                ]
            },
            {
                "projectName": "oss-fuzz",
                "localId": 67184,
                "sequenceNum": 2,
                "commenter": {
                    "userId": "2672346537",
                    "displayName": "jz...@google.com"
                },
                "timestamp": 1709586652,
                "amendments": [
                    {
                        "fieldName": "Cc",
                        "newOrDeltaValue": "jianj@google.com jingning@google.com"
                    }
                ]
            },
            {
                "projectName": "oss-fuzz",
                "localId": 67184,
                "sequenceNum": 3,
                "commenter": {
                    "userId": "2672346537",
                    "displayName": "jz...@google.com"
                },
                "timestamp": 1709587205,
                "content": "Jingning said he will take a look. I can't assign the bug to him yet."
            },
            {
                "projectName": "oss-fuzz",
                "localId": 67184,
                "sequenceNum": 4,
                "commenter": {
                    "userId": "171122292",
                    "displayName": "wtc@google.com"
                },
                "timestamp": 1709600597,
                "content": "I found that this has the same underlying cause as two other bugs: get_ls_tile_buffers() does not check data_end before it advanced the data pointer. So I will take care of this bug.",
                "amendments": [
                    {
                        "fieldName": "Status",
                        "newOrDeltaValue": "Started",
                        "oldValue": "New"
                    },
                    {
                        "fieldName": "Owner",
                        "newOrDeltaValue": "wtc@google.com"
                    }
                ]
            },
            {
                "projectName": "oss-fuzz",
                "localId": 67184,
                "sequenceNum": 5,
                "commenter": {
                    "userId": "233459370",
                    "displayName": "Git Watcher"
                },
                "timestamp": 1709663834,
                "content": "The following revision refers to this bug:\n  https://aomedia.googlesource.com/aom/+/08efc1491525624dc5f5ebf0e450227524a7db4f\n\ncommit 08efc1491525624dc5f5ebf0e450227524a7db4f\nAuthor: Wan-Teh Chang <wtc@google.com>\nDate: Tue Mar 05 01:11:12 2024\n\nCheck data_end before advancing the data pointer\n\nget_ls_tile_buffers() should check data_end before advancing the data\npointer.\n\nBug: oss-fuzz:67059\nBug: oss-fuzz:67162\nBug: oss-fuzz:67184\nBug: oss-fuzz:67216\nBug: chromium:327719168\nChange-Id: Ib6582c2b3319234e6b7177bebb2798c7a9c239a4\n\n[modify] https://crrev.com/08efc1491525624dc5f5ebf0e450227524a7db4f/av1/decoder/decodeframe.c\n"
            },
            {
                "projectName": "oss-fuzz",
                "localId": 67184,
                "sequenceNum": 6,
                "commenter": {
                    "userId": "382749006",
                    "displayName": "ClusterFuzz-External"
                },
                "timestamp": 1709801884,
                "content": "ClusterFuzz testcase 6491968836272128 is verified as fixed in https://oss-fuzz.com/revisions?job=libfuzzer_asan_libaom&range=202403050618:202403060617\n\nIf this is incorrect, please file a bug on https://github.com/google/oss-fuzz/issues/new",
                "amendments": [
                    {
                        "fieldName": "Status",
                        "newOrDeltaValue": "Verified",
                        "oldValue": "Started"
                    },
                    {
                        "fieldName": "Labels",
                        "newOrDeltaValue": "ClusterFuzz-Verified"
                    }
                ]
            },
            {
                "projectName": "oss-fuzz",
                "localId": 67184,
                "sequenceNum": 7,
                "commenter": {
                    "userId": "1950284618",
                    "displayName": "sheriffbot"
                },
                "timestamp": 1709840333,
                "content": "This bug has been fixed. It has been opened to the public.\n\n- Your friendly Sheriffbot",
                "amendments": [
                    {
                        "fieldName": "Labels",
                        "newOrDeltaValue": "-restrict-view-commit"
                    }
                ]
            }
        ]
    },
    "fix_commit": "08efc1491525624dc5f5ebf0e450227524a7db4f",
    "repo_addr": "https://aomedia.googlesource.com/aom"
}