{
    "fix": "https://aomedia.googlesource.com/aom/+/1f68feef03dd9d5b5a4cac0a8f69b9f4cb1da915%5E%21/",
    "verify": "0",
    "localId": 9124,
    "project": "aom",
    "fuzzer": "libfuzzer",
    "sanitizer": "ubsan",
    "crash_type": "Index-out-of-bounds",
    "severity": "Medium",
    "report": {
        "comments": [
            {
                "localId": 9124,
                "descriptionNum": 1,
                "projectName": "oss-fuzz",
                "commenter": {
                    "displayName": "ClusterFuzz-External",
                    "userId": "382749006"
                },
                "content": "Detailed report: https://oss-fuzz.com/testcase?key=5678489268125696\n\nProject: libaom\nFuzzer: libFuzzer_libaom_av1_dec_fuzzer_threaded\nFuzz target binary: av1_dec_fuzzer_threaded\nJob Type: libfuzzer_ubsan_libaom\nPlatform Id: linux\n\nCrash Type: Index-out-of-bounds\nCrash Address: \nCrash State:\n  av1_read_coeffs_txb_facade\n  decode_block\n  decode_partition\n  \nSanitizer: undefined (UBSAN)\n\nRecommended Security Severity: Medium\n\nRegressed: https://oss-fuzz.com/revisions?job=libfuzzer_ubsan_libaom&range=201806120450:201806130450\n\nReproducer Testcase: https://oss-fuzz.com/download?testcase_id=5678489268125696\n\nIssue filed automatically.\n\nSee https://github.com/google/oss-fuzz/blob/master/docs/reproducing.md for more information.\n\nThis bug is subject to a 90 day disclosure deadline. If 90 days elapse\nwithout an upstream patch, then the bug report will automatically\nbecome visible to the public.\n\nWhen you fix this bug, please\n  * mention the fix revision(s).\n  * state whether the bug was a short-lived regression or an old bug in any stable releases.\n  * add any other useful information.\nThis information can help downstream consumers.\n\nIf you need to contact the OSS-Fuzz team with a question, concern, or any other feedback, please file an issue at https://github.com/google/oss-fuzz/issues.",
                "timestamp": 1530083841
            },
            {
                "amendments": [
                    {
                        "fieldName": "Cc",
                        "newOrDeltaValue": "wtc@google.com"
                    }
                ],
                "localId": 9124,
                "projectName": "oss-fuzz",
                "commenter": {
                    "displayName": "ClusterFuzz-External",
                    "userId": "382749006"
                },
                "sequenceNum": 1,
                "timestamp": 1530302192
            },
            {
                "amendments": [
                    {
                        "fieldName": "Labels",
                        "newOrDeltaValue": "OS-Linux"
                    }
                ],
                "localId": 9124,
                "projectName": "oss-fuzz",
                "commenter": {
                    "displayName": "ClusterFuzz-External",
                    "userId": "382749006"
                },
                "sequenceNum": 2,
                "timestamp": 1530481029
            },
            {
                "amendments": [
                    {
                        "fieldName": "Owner",
                        "newOrDeltaValue": "huisu@google.com"
                    }
                ],
                "localId": 9124,
                "projectName": "oss-fuzz",
                "commenter": {
                    "displayName": "huisu@google.com",
                    "userId": "3423437891"
                },
                "sequenceNum": 3,
                "timestamp": 1530566835
            },
            {
                "localId": 9124,
                "projectName": "oss-fuzz",
                "commenter": {
                    "displayName": "bugdroid1@chromium.org",
                    "userId": "3275348242"
                },
                "content": "The following revision refers to this bug:\n  https://aomedia.googlesource.com/aom/+/1f68feef03dd9d5b5a4cac0a8f69b9f4cb1da915\n\ncommit 1f68feef03dd9d5b5a4cac0a8f69b9f4cb1da915\nAuthor: Yunqing Wang <yunqingwang@google.com>\nDate: Mon Jul 02 23:32:16 2018\n\nSet thread_data->error_info.setjmp correctly\n\nThis patch fixed the setting of thread_data->error_info.setjmp,\nwhich was missing in current code.\n\nAlso, set the error_info pointer in macroblockd to the error_info\nstructure in thread_data.\n\nThese changes ultimately fix a decoder fuzzing bug in\ndecode_partition().\n\nBUG=oss-fuzz:9188,9124\n\nChange-Id: I9864f85efab2f14dd20ce80d6bc889edb1218715\n\n[modify] https://crrev.com/1f68feef03dd9d5b5a4cac0a8f69b9f4cb1da915/av1/decoder/decodeframe.c\n",
                "sequenceNum": 4,
                "timestamp": 1530574358
            },
            {
                "localId": 9124,
                "projectName": "oss-fuzz",
                "commenter": {
                    "displayName": "ClusterFuzz-External",
                    "userId": "382749006"
                },
                "content": "ClusterFuzz has detected this issue as fixed in range 201807020452:201807030450.\n\nDetailed report: https://oss-fuzz.com/testcase?key=5678489268125696\n\nProject: libaom\nFuzzer: libFuzzer_libaom_av1_dec_fuzzer_threaded\nFuzz target binary: av1_dec_fuzzer_threaded\nJob Type: libfuzzer_ubsan_libaom\nPlatform Id: linux\n\nCrash Type: Index-out-of-bounds\nCrash Address: \nCrash State:\n  av1_read_coeffs_txb_facade\n  decode_block\n  decode_partition\n  \nSanitizer: undefined (UBSAN)\n\nRecommended Security Severity: Medium\n\nRegressed: https://oss-fuzz.com/revisions?job=libfuzzer_ubsan_libaom&range=201806120450:201806130450\nFixed: https://oss-fuzz.com/revisions?job=libfuzzer_ubsan_libaom&range=201807020452:201807030450\n\nReproducer Testcase: https://oss-fuzz.com/download?testcase_id=5678489268125696\n\nSee https://github.com/google/oss-fuzz/blob/master/docs/reproducing.md for more information.\n\nIf you suspect that the result above is incorrect, try re-doing that job on the test case report page.",
                "sequenceNum": 5,
                "timestamp": 1530601758
            },
            {
                "amendments": [
                    {
                        "fieldName": "Status",
                        "oldValue": "New",
                        "newOrDeltaValue": "Verified"
                    },
                    {
                        "fieldName": "Labels",
                        "newOrDeltaValue": "ClusterFuzz-Verified"
                    }
                ],
                "localId": 9124,
                "projectName": "oss-fuzz",
                "commenter": {
                    "displayName": "ClusterFuzz-External",
                    "userId": "382749006"
                },
                "content": "ClusterFuzz testcase 5678489268125696 is verified as fixed, so closing issue as verified.\n\nIf this is incorrect, please file a bug on https://github.com/google/oss-fuzz/issues/new",
                "sequenceNum": 6,
                "timestamp": 1530602120
            },
            {
                "amendments": [
                    {
                        "fieldName": "Labels",
                        "newOrDeltaValue": "-restrict-view-commit"
                    }
                ],
                "localId": 9124,
                "projectName": "oss-fuzz",
                "commenter": {
                    "displayName": "sheriffbot@chromium.org",
                    "userId": "4164592774"
                },
                "content": "This bug has been fixed for 30 days. It has been opened to the public.\n\n- Your friendly Sheriffbot",
                "sequenceNum": 7,
                "timestamp": 1533223482
            }
        ]
    },
    "fix_commit": "1f68feef03dd9d5b5a4cac0a8f69b9f4cb1da915",
    "repo_addr": "https://aomedia.googlesource.com/aom"
}