{
    "fix": "https://github.com/igraph/igraph/commit/dc6dcf6227dadfc6670bf911bb6e0640b5df7a35",
    "verify": "0",
    "localId": 63622,
    "project": "igraph",
    "fuzzer": "libfuzzer",
    "sanitizer": "asan",
    "crash_type": "UNKNOWN READ",
    "severity": "Medium",
    "report": {
        "comments": [
            {
                "projectName": "oss-fuzz",
                "localId": 63622,
                "commenter": {
                    "userId": "382749006",
                    "displayName": "ClusterFuzz-External"
                },
                "timestamp": 1698351672,
                "content": "Detailed Report: https://oss-fuzz.com/testcase?key=4810244435607552\n\nProject: igraph\nFuzzing Engine: libFuzzer\nFuzz Target: read_pajek\nJob Type: libfuzzer_asan_i386_igraph\nPlatform Id: linux\n\nCrash Type: UNKNOWN READ\nCrash Address: 0x010100f1\nCrash State:\n  igraph_strvector_set_len\n  igraph_strvector_set\n  add_string_attribute\n  \nSanitizer: address (ASAN)\n\nRecommended Security Severity: Medium\n\nRegressed: https://oss-fuzz.com/revisions?job=libfuzzer_asan_i386_igraph&range=202310250636:202310260601\n\nReproducer Testcase: https://oss-fuzz.com/download?testcase_id=4810244435607552\n\nIssue filed automatically.\n\nSee https://google.github.io/oss-fuzz/advanced-topics/reproducing for instructions to reproduce this bug locally.\nWhen you fix this bug, please\n  * mention the fix revision(s).\n  * state whether the bug was a short-lived regression or an old bug in any stable releases.\n  * add any other useful information.\nThis information can help downstream consumers.\n\nIf you need to contact the OSS-Fuzz team with a question, concern, or any other feedback, please file an issue at https://github.com/google/oss-fuzz/issues. Comments on individual Monorail issues are not monitored.\n\nThis bug is subject to a 90 day disclosure deadline. If 90 days elapse\nwithout an upstream patch, then the bug report will automatically\nbecome visible to the public.",
                "descriptionNum": 1
            },
            {
                "projectName": "oss-fuzz",
                "localId": 63622,
                "sequenceNum": 1,
                "commenter": {
                    "userId": "382749006",
                    "displayName": "ClusterFuzz-External"
                },
                "timestamp": 1698409442,
                "content": "ClusterFuzz testcase 4810244435607552 is verified as fixed in https://oss-fuzz.com/revisions?job=libfuzzer_asan_i386_igraph&range=202310260601:202310270613\n\nIf this is incorrect, please file a bug on https://github.com/google/oss-fuzz/issues/new",
                "amendments": [
                    {
                        "fieldName": "Status",
                        "newOrDeltaValue": "Verified",
                        "oldValue": "New"
                    },
                    {
                        "fieldName": "Labels",
                        "newOrDeltaValue": "ClusterFuzz-Verified"
                    }
                ]
            },
            {
                "projectName": "oss-fuzz",
                "localId": 63622,
                "sequenceNum": 2,
                "commenter": {
                    "userId": "1950284618",
                    "displayName": "sheriffbot"
                },
                "timestamp": 1698433023,
                "content": "This bug has been fixed. It has been opened to the public.\n\n- Your friendly Sheriffbot",
                "amendments": [
                    {
                        "fieldName": "Labels",
                        "newOrDeltaValue": "-restrict-view-commit"
                    }
                ]
            }
        ]
    },
    "fix_commit": "dc6dcf6227dadfc6670bf911bb6e0640b5df7a35",
    "repo_addr": "https://github.com/igraph/igraph"
}