{
    "fix": "https://github.com/igraph/igraph/commit/a6f6f93e0523de1b68a3cb2f312f53adafb193a2",
    "verify": "0",
    "localId": 66992,
    "project": "igraph",
    "fuzzer": "libfuzzer",
    "sanitizer": "asan",
    "crash_type": "Global-buffer-overflow READ 2",
    "report": {
        "comments": [
            {
                "projectName": "oss-fuzz",
                "localId": 66992,
                "commenter": {
                    "userId": "382749006",
                    "displayName": "ClusterFuzz-External"
                },
                "timestamp": 1708786164,
                "content": "Detailed Report: https://oss-fuzz.com/testcase?key=4645837244268544\n\nProject: igraph\nFuzzing Engine: libFuzzer\nFuzz Target: read_dl\nJob Type: libfuzzer_asan_i386_igraph\nPlatform Id: linux\n\nCrash Type: Global-buffer-overflow READ 2\nCrash Address: 0x082d0e70\nCrash State:\n  igraph_dl_yylex\n  igraph_dl_yyparse\n  igraph_read_graph_dl\n  \nSanitizer: address (ASAN)\n\nRegressed: https://oss-fuzz.com/revisions?job=libfuzzer_asan_i386_igraph&range=202402230612:202402240601\n\nReproducer Testcase: https://oss-fuzz.com/download?testcase_id=4645837244268544\n\nIssue filed automatically.\n\nSee https://google.github.io/oss-fuzz/advanced-topics/reproducing for instructions to reproduce this bug locally.\nWhen you fix this bug, please\n  * mention the fix revision(s).\n  * state whether the bug was a short-lived regression or an old bug in any stable releases.\n  * add any other useful information.\nThis information can help downstream consumers.\n\nIf you need to contact the OSS-Fuzz team with a question, concern, or any other feedback, please file an issue at https://github.com/google/oss-fuzz/issues. Comments on individual Monorail issues are not monitored.\n\nThis bug is subject to a 90 day disclosure deadline. If 90 days elapse\nwithout an upstream patch, then the bug report will automatically\nbecome visible to the public.",
                "descriptionNum": 1
            },
            {
                "projectName": "oss-fuzz",
                "localId": 66992,
                "sequenceNum": 1,
                "commenter": {
                    "userId": "1950284618",
                    "displayName": "sheriffbot"
                },
                "timestamp": 1708804052,
                "amendments": [
                    {
                        "fieldName": "Labels",
                        "newOrDeltaValue": "Disclosure-2024-05-24"
                    }
                ]
            },
            {
                "projectName": "oss-fuzz",
                "localId": 66992,
                "sequenceNum": 2,
                "commenter": {
                    "userId": "382749006",
                    "displayName": "ClusterFuzz-External"
                },
                "timestamp": 1708891716,
                "content": "This crash occurs very frequently on linux platform and is likely preventing the fuzzer read_dl from making much progress. Fixing this will allow more bugs to be found.\n\nIf this is incorrect, please file a bug on https://github.com/google/oss-fuzz/issues/new",
                "amendments": [
                    {
                        "fieldName": "Labels",
                        "newOrDeltaValue": "Fuzz-Blocker"
                    }
                ]
            },
            {
                "projectName": "oss-fuzz",
                "localId": 66992,
                "sequenceNum": 3,
                "commenter": {
                    "userId": "382749006",
                    "displayName": "ClusterFuzz-External"
                },
                "timestamp": 1708983448,
                "content": "ClusterFuzz testcase 4645837244268544 is verified as fixed in https://oss-fuzz.com/revisions?job=libfuzzer_asan_i386_igraph&range=202402250601:202402260607\n\nIf this is incorrect, please file a bug on https://github.com/google/oss-fuzz/issues/new",
                "amendments": [
                    {
                        "fieldName": "Status",
                        "newOrDeltaValue": "Verified",
                        "oldValue": "New"
                    },
                    {
                        "fieldName": "Labels",
                        "newOrDeltaValue": "ClusterFuzz-Verified"
                    }
                ]
            },
            {
                "projectName": "oss-fuzz",
                "localId": 66992,
                "sequenceNum": 4,
                "commenter": {
                    "userId": "1950284618",
                    "displayName": "sheriffbot"
                },
                "timestamp": 1709062690,
                "content": "This bug has been fixed. It has been opened to the public.\n\n- Your friendly Sheriffbot",
                "amendments": [
                    {
                        "fieldName": "Labels",
                        "newOrDeltaValue": "-restrict-view-commit"
                    }
                ]
            }
        ]
    },
    "fix_commit": "a6f6f93e0523de1b68a3cb2f312f53adafb193a2",
    "repo_addr": "https://github.com/igraph/igraph"
}