{
    "fix": "https://github.com/google/glog/commit/7ba2f7bc02cdbab9314f3804c698ec78e20c441e",
    "verify": "0",
    "localId": 63034,
    "project": "glog",
    "fuzzer": "libfuzzer",
    "sanitizer": "asan",
    "crash_type": "UNKNOWN READ",
    "severity": "Medium",
    "report": {
        "comments": [
            {
                "projectName": "oss-fuzz",
                "localId": 63034,
                "commenter": {
                    "userId": "382749006",
                    "displayName": "ClusterFuzz-External"
                },
                "timestamp": 1696603585,
                "content": "Detailed Report: https://oss-fuzz.com/testcase?key=4933329297997824\n\nProject: glog\nFuzzing Engine: libFuzzer\nFuzz Target: fuzz_demangle\nJob Type: libfuzzer_asan_glog\nPlatform Id: linux\n\nCrash Type: UNKNOWN READ\nCrash Address: 0x7fff394450ef\nCrash State:\n  google::ParseTemplateArg\n  google::ParseTemplateArg\n  google::ParseEncoding\n  \nSanitizer: address (ASAN)\n\nRecommended Security Severity: Medium\n\nCrash Revision: https://oss-fuzz.com/revisions?job=libfuzzer_asan_glog&revision=202310050611\n\nReproducer Testcase: https://oss-fuzz.com/download?testcase_id=4933329297997824\n\nIssue filed automatically.\n\nSee https://google.github.io/oss-fuzz/advanced-topics/reproducing for instructions to reproduce this bug locally.\nWhen you fix this bug, please\n  * mention the fix revision(s).\n  * state whether the bug was a short-lived regression or an old bug in any stable releases.\n  * add any other useful information.\nThis information can help downstream consumers.\n\nIf you need to contact the OSS-Fuzz team with a question, concern, or any other feedback, please file an issue at https://github.com/google/oss-fuzz/issues. Comments on individual Monorail issues are not monitored.\n\nThis bug is subject to a 90 day disclosure deadline. If 90 days elapse\nwithout an upstream patch, then the bug report will automatically\nbecome visible to the public.",
                "descriptionNum": 1
            },
            {
                "projectName": "oss-fuzz",
                "localId": 63034,
                "sequenceNum": 1,
                "commenter": {
                    "userId": "1950284618",
                    "displayName": "sheriffbot"
                },
                "timestamp": 1696619821,
                "amendments": [
                    {
                        "fieldName": "Labels",
                        "newOrDeltaValue": "Disclosure-2024-01-04"
                    }
                ]
            },
            {
                "projectName": "oss-fuzz",
                "localId": 63034,
                "sequenceNum": 2,
                "commenter": {
                    "userId": "382749006",
                    "displayName": "ClusterFuzz-External"
                },
                "timestamp": 1696669203,
                "content": "ClusterFuzz testcase 4933329297997824 is verified as fixed in https://oss-fuzz.com/revisions?job=libfuzzer_asan_glog&range=202310050611:202310060609\n\nIf this is incorrect, please file a bug on https://github.com/google/oss-fuzz/issues/new",
                "amendments": [
                    {
                        "fieldName": "Status",
                        "newOrDeltaValue": "Verified",
                        "oldValue": "New"
                    },
                    {
                        "fieldName": "Labels",
                        "newOrDeltaValue": "ClusterFuzz-Verified"
                    }
                ]
            },
            {
                "projectName": "oss-fuzz",
                "localId": 63034,
                "sequenceNum": 3,
                "commenter": {
                    "userId": "1950284618",
                    "displayName": "sheriffbot"
                },
                "timestamp": 1696705265,
                "content": "This bug has been fixed. It has been opened to the public.\n\n- Your friendly Sheriffbot",
                "amendments": [
                    {
                        "fieldName": "Labels",
                        "newOrDeltaValue": "-restrict-view-commit"
                    }
                ]
            }
        ]
    },
    "fix_commit": "7ba2f7bc02cdbab9314f3804c698ec78e20c441e",
    "repo_addr": "https://github.com/google/glog"
}