{
    "fix": "https://github.com/ArtifexSoftware/mupdf/commit/dbb0f62cdcc62858b705b64e75f87787cdf82004",
    "verify": "0",
    "localId": 26782,
    "project": "mupdf",
    "fuzzer": "libfuzzer",
    "sanitizer": "msan",
    "crash_type": "UNKNOWN READ",
    "severity": "Medium",
    "report": {
        "comments": [
            {
                "projectName": "oss-fuzz",
                "localId": 26782,
                "commenter": {
                    "userId": "382749006",
                    "displayName": "ClusterFuzz-External"
                },
                "timestamp": 1604086512,
                "content": "Detailed Report: https://oss-fuzz.com/testcase?key=5162729213788160\n\nProject: mupdf\nFuzzing Engine: libFuzzer\nFuzz Target: pdf_fuzzer\nJob Type: libfuzzer_msan_mupdf\nPlatform Id: linux\n\nCrash Type: UNKNOWN READ\nCrash Address: 0xffffffffffffffff\nCrash State:\n  unpack_next\n  fz_available\n  fz_read\n  \nSanitizer: memory (MSAN)\n\nRecommended Security Severity: Medium\n\nRegressed: https://oss-fuzz.com/revisions?job=libfuzzer_msan_mupdf&range=202010290612:202010300633\n\nReproducer Testcase: https://oss-fuzz.com/download?testcase_id=5162729213788160\n\nIssue filed automatically.\n\nSee https://google.github.io/oss-fuzz/advanced-topics/reproducing for instructions to reproduce this bug locally.\nWhen you fix this bug, please\n  * mention the fix revision(s).\n  * state whether the bug was a short-lived regression or an old bug in any stable releases.\n  * add any other useful information.\nThis information can help downstream consumers.\n\nIf you need to contact the OSS-Fuzz team with a question, concern, or any other feedback, please file an issue at https://github.com/google/oss-fuzz/issues. Comments on individual Monorail issues are not monitored.\n\nThis bug is subject to a 90 day disclosure deadline. If 90 days elapse\nwithout an upstream patch, then the bug report will automatically\nbecome visible to the public.",
                "descriptionNum": 1
            },
            {
                "projectName": "oss-fuzz",
                "localId": 26782,
                "sequenceNum": 1,
                "commenter": {
                    "userId": "1950284618",
                    "displayName": "sheriffbot"
                },
                "timestamp": 1604171131,
                "amendments": [
                    {
                        "fieldName": "Labels",
                        "newOrDeltaValue": "Disclosure-2021-01-28"
                    }
                ]
            },
            {
                "projectName": "oss-fuzz",
                "localId": 26782,
                "sequenceNum": 2,
                "commenter": {
                    "userId": "382749006",
                    "displayName": "ClusterFuzz-External"
                },
                "timestamp": 1607008963,
                "content": "ClusterFuzz testcase 5162729213788160 is verified as fixed in https://oss-fuzz.com/revisions?job=libfuzzer_msan_mupdf&range=202012020606:202012030627\n\nIf this is incorrect, please file a bug on https://github.com/google/oss-fuzz/issues/new",
                "amendments": [
                    {
                        "fieldName": "Status",
                        "newOrDeltaValue": "Verified",
                        "oldValue": "New"
                    },
                    {
                        "fieldName": "Labels",
                        "newOrDeltaValue": "ClusterFuzz-Verified"
                    }
                ]
            },
            {
                "projectName": "oss-fuzz",
                "localId": 26782,
                "sequenceNum": 3,
                "commenter": {
                    "userId": "1950284618",
                    "displayName": "sheriffbot"
                },
                "timestamp": 1609617107,
                "content": "This bug has been fixed for 30 days. It has been opened to the public.\n\n- Your friendly Sheriffbot",
                "amendments": [
                    {
                        "fieldName": "Labels",
                        "newOrDeltaValue": "-restrict-view-commit"
                    }
                ]
            }
        ]
    },
    "fix_commit": "dbb0f62cdcc62858b705b64e75f87787cdf82004",
    "repo_addr": "git://git.ghostscript.com/mupdf.git"
}