{
    "fix": "https://github.com/ArtifexSoftware/mupdf/commit/608e9e9a4ec4d2013faf1b8f9ecec09e90f131f2",
    "verify": "0",
    "localId": 59207,
    "project": "mupdf",
    "fuzzer": "libfuzzer",
    "sanitizer": "asan",
    "crash_type": "Heap-use-after-free WRITE 1",
    "severity": "High",
    "report": {
        "comments": [
            {
                "projectName": "oss-fuzz",
                "localId": 59207,
                "commenter": {
                    "userId": "382749006",
                    "displayName": "ClusterFuzz-External"
                },
                "timestamp": 1684740428,
                "content": "Detailed Report: https://oss-fuzz.com/testcase?key=5200395937644544\n\nProject: mupdf\nFuzzing Engine: libFuzzer\nFuzz Target: pdf_fuzzer\nJob Type: libfuzzer_asan_mupdf\nPlatform Id: linux\n\nCrash Type: Heap-use-after-free WRITE 1\nCrash Address: 0x615000000e50\nCrash State:\n  pdf_cache_object\n  pdf_resolve_indirect\n  pdf_resolve_indirect_chain\n  \nSanitizer: address (ASAN)\n\nRecommended Security Severity: High\n\nRegressed: https://oss-fuzz.com/revisions?job=libfuzzer_asan_mupdf&range=202305040621:202305050623\n\nReproducer Testcase: https://oss-fuzz.com/download?testcase_id=5200395937644544\n\nIssue filed automatically.\n\nSee https://google.github.io/oss-fuzz/advanced-topics/reproducing for instructions to reproduce this bug locally.\nWhen you fix this bug, please\n  * mention the fix revision(s).\n  * state whether the bug was a short-lived regression or an old bug in any stable releases.\n  * add any other useful information.\nThis information can help downstream consumers.\n\nIf you need to contact the OSS-Fuzz team with a question, concern, or any other feedback, please file an issue at https://github.com/google/oss-fuzz/issues. Comments on individual Monorail issues are not monitored.\n\nThis bug is subject to a 90 day disclosure deadline. If 90 days elapse\nwithout an upstream patch, then the bug report will automatically\nbecome visible to the public.",
                "descriptionNum": 1
            },
            {
                "projectName": "oss-fuzz",
                "localId": 59207,
                "sequenceNum": 1,
                "commenter": {
                    "userId": "1950284618",
                    "displayName": "sheriffbot"
                },
                "timestamp": 1684781975,
                "amendments": [
                    {
                        "fieldName": "Labels",
                        "newOrDeltaValue": "Disclosure-2023-08-21"
                    }
                ]
            },
            {
                "projectName": "oss-fuzz",
                "localId": 59207,
                "sequenceNum": 2,
                "commenter": {
                    "userId": "2242780537",
                    "displayName": "sebas...@artifex.com"
                },
                "timestamp": 1684797067,
                "content": "Reported upstream at https://bugs.ghostscript.com/show_bug.cgi?id=706738"
            },
            {
                "projectName": "oss-fuzz",
                "localId": 59207,
                "sequenceNum": 3,
                "commenter": {
                    "userId": "2242780537",
                    "displayName": "sebas...@artifex.com"
                },
                "timestamp": 1685469785,
                "content": "Fixed upstream by https://git.ghostscript.com/?p=mupdf.git;a=commitdiff;h=608e9e9a4ec4d2013faf1b8f9ecec09e90f131f2;hp=867d6c72a346253837aaa662b34d7945b59665ed"
            },
            {
                "projectName": "oss-fuzz",
                "localId": 59207,
                "sequenceNum": 4,
                "commenter": {
                    "userId": "382749006",
                    "displayName": "ClusterFuzz-External"
                },
                "timestamp": 1685544168,
                "content": "ClusterFuzz testcase 5200395937644544 is verified as fixed in https://oss-fuzz.com/revisions?job=libfuzzer_asan_mupdf&range=202305300601:202305310611\n\nIf this is incorrect, please file a bug on https://github.com/google/oss-fuzz/issues/new",
                "amendments": [
                    {
                        "fieldName": "Status",
                        "newOrDeltaValue": "Verified",
                        "oldValue": "New"
                    },
                    {
                        "fieldName": "Labels",
                        "newOrDeltaValue": "ClusterFuzz-Verified"
                    }
                ]
            },
            {
                "projectName": "oss-fuzz",
                "localId": 59207,
                "sequenceNum": 5,
                "commenter": {
                    "userId": "1950284618",
                    "displayName": "sheriffbot"
                },
                "timestamp": 1685559391,
                "content": "This bug has been fixed. It has been opened to the public.\n\n- Your friendly Sheriffbot",
                "amendments": [
                    {
                        "fieldName": "Labels",
                        "newOrDeltaValue": "-restrict-view-commit"
                    }
                ]
            }
        ]
    },
    "fix_commit": "608e9e9a4ec4d2013faf1b8f9ecec09e90f131f2",
    "repo_addr": "git://git.ghostscript.com/mupdf.git"
}