{
    "fix": "https://github.com/ArtifexSoftware/mupdf/commit/6b113a67bd016538478b24dd585a3ab6c479a5ec",
    "verify": "0",
    "localId": 61237,
    "project": "mupdf",
    "fuzzer": "libfuzzer",
    "sanitizer": "msan",
    "crash_type": "Use-of-uninitialized-value",
    "severity": "Medium",
    "report": {
        "comments": [
            {
                "projectName": "oss-fuzz",
                "localId": 61237,
                "commenter": {
                    "userId": "382749006",
                    "displayName": "ClusterFuzz-External"
                },
                "timestamp": 1691357146,
                "content": "Detailed Report: https://oss-fuzz.com/testcase?key=5762624938442752\n\nProject: mupdf\nFuzzing Engine: libFuzzer\nFuzz Target: pdf_fuzzer\nJob Type: libfuzzer_msan_mupdf\nPlatform Id: linux\n\nCrash Type: Use-of-uninitialized-value\nCrash Address: \nCrash State:\n  fz_format_string\n  fz_vsnprintf\n  fz_vthrow\n  \nSanitizer: memory (MSAN)\n\nRecommended Security Severity: Medium\n\nRegressed: https://oss-fuzz.com/revisions?job=libfuzzer_msan_mupdf&range=202307250625:202307260617\n\nReproducer Testcase: https://oss-fuzz.com/download?testcase_id=5762624938442752\n\nIssue filed automatically.\n\nSee https://google.github.io/oss-fuzz/advanced-topics/reproducing for instructions to reproduce this bug locally.\nWhen you fix this bug, please\n  * mention the fix revision(s).\n  * state whether the bug was a short-lived regression or an old bug in any stable releases.\n  * add any other useful information.\nThis information can help downstream consumers.\n\nIf you need to contact the OSS-Fuzz team with a question, concern, or any other feedback, please file an issue at https://github.com/google/oss-fuzz/issues. Comments on individual Monorail issues are not monitored.\n\nThis bug is subject to a 90 day disclosure deadline. If 90 days elapse\nwithout an upstream patch, then the bug report will automatically\nbecome visible to the public.",
                "descriptionNum": 1
            },
            {
                "projectName": "oss-fuzz",
                "localId": 61237,
                "sequenceNum": 1,
                "commenter": {
                    "userId": "1950284618",
                    "displayName": "sheriffbot"
                },
                "timestamp": 1691435057,
                "amendments": [
                    {
                        "fieldName": "Labels",
                        "newOrDeltaValue": "Disclosure-2023-11-06"
                    }
                ]
            },
            {
                "projectName": "oss-fuzz",
                "localId": 61237,
                "sequenceNum": 2,
                "commenter": {
                    "userId": "382749006",
                    "displayName": "ClusterFuzz-External"
                },
                "timestamp": 1692456098,
                "content": "ClusterFuzz testcase 5762624938442752 is verified as fixed in https://oss-fuzz.com/revisions?job=libfuzzer_msan_mupdf&range=202308180602:202308190609\n\nIf this is incorrect, please file a bug on https://github.com/google/oss-fuzz/issues/new",
                "amendments": [
                    {
                        "fieldName": "Status",
                        "newOrDeltaValue": "Verified",
                        "oldValue": "New"
                    },
                    {
                        "fieldName": "Labels",
                        "newOrDeltaValue": "ClusterFuzz-Verified"
                    }
                ]
            },
            {
                "projectName": "oss-fuzz",
                "localId": 61237,
                "sequenceNum": 3,
                "commenter": {
                    "userId": "1950284618",
                    "displayName": "sheriffbot"
                },
                "timestamp": 1692470689,
                "content": "This bug has been fixed. It has been opened to the public.\n\n- Your friendly Sheriffbot",
                "amendments": [
                    {
                        "fieldName": "Labels",
                        "newOrDeltaValue": "-restrict-view-commit"
                    }
                ]
            },
            {
                "projectName": "oss-fuzz",
                "localId": 61237,
                "sequenceNum": 4,
                "commenter": {
                    "userId": "2242780537",
                    "displayName": "sebas...@artifex.com"
                },
                "timestamp": 1694597939,
                "content": "Fixed upstream by https://git.ghostscript.com/?p=mupdf.git;a=commitdiff;h=6b113a67bd016538478b24dd585a3ab6c479a5ec"
            }
        ]
    },
    "fix_commit": "6b113a67bd016538478b24dd585a3ab6c479a5ec",
    "repo_addr": "git://git.ghostscript.com/mupdf.git"
}