{
    "fix": "https://github.com/relic-toolkit/relic/commit/4d57a04409301a2a6a2564a54dcc22da3419c9e5",
    "verify": "0",
    "localId": 53885,
    "project": "relic",
    "fuzzer": "libfuzzer",
    "sanitizer": "asan",
    "crash_type": "Heap-buffer-overflow READ 8",
    "severity": "High",
    "report": {
        "comments": [
            {
                "projectName": "oss-fuzz",
                "localId": 53885,
                "commenter": {
                    "userId": "382749006",
                    "displayName": "ClusterFuzz-External"
                },
                "timestamp": 1669825881,
                "content": "Detailed Report: https://oss-fuzz.com/testcase?key=5128534769401856\n\nProject: relic\nFuzzing Engine: libFuzzer\nFuzz Target: cryptofuzz-relic\nJob Type: libfuzzer_asan_relic\nPlatform Id: linux\n\nCrash Type: Heap-buffer-overflow READ 8\nCrash Address: 0x61d0000012f0\nCrash State:\n  dv_rshd\n  bn_rsh\n  cryptofuzz::module::relic_bignum::RShift::Run\n  \nSanitizer: address (ASAN)\n\nRecommended Security Severity: High\n\nRegressed: https://oss-fuzz.com/revisions?job=libfuzzer_asan_relic&range=202211290618:202211300606\n\nReproducer Testcase: https://oss-fuzz.com/download?testcase_id=5128534769401856\n\nIssue filed automatically.\n\nSee https://google.github.io/oss-fuzz/advanced-topics/reproducing for instructions to reproduce this bug locally.\nWhen you fix this bug, please\n  * mention the fix revision(s).\n  * state whether the bug was a short-lived regression or an old bug in any stable releases.\n  * add any other useful information.\nThis information can help downstream consumers.\n\nIf you need to contact the OSS-Fuzz team with a question, concern, or any other feedback, please file an issue at https://github.com/google/oss-fuzz/issues. Comments on individual Monorail issues are not monitored.\n\nThis bug is subject to a 90 day disclosure deadline. If 90 days elapse\nwithout an upstream patch, then the bug report will automatically\nbecome visible to the public.",
                "descriptionNum": 1
            },
            {
                "projectName": "oss-fuzz",
                "localId": 53885,
                "sequenceNum": 1,
                "commenter": {
                    "userId": "1950284618",
                    "displayName": "sheriffbot"
                },
                "timestamp": 1669838399,
                "amendments": [
                    {
                        "fieldName": "Labels",
                        "newOrDeltaValue": "Disclosure-2023-02-28"
                    }
                ]
            },
            {
                "projectName": "oss-fuzz",
                "localId": 53885,
                "sequenceNum": 2,
                "commenter": {
                    "userId": "382749006",
                    "displayName": "ClusterFuzz-External"
                },
                "timestamp": 1669842355,
                "content": "This crash occurs very frequently on linux platform and is likely preventing the fuzzer cryptofuzz-relic from making much progress. Fixing this will allow more bugs to be found.\n\nIf this is incorrect, please file a bug on https://github.com/google/oss-fuzz/issues/new",
                "amendments": [
                    {
                        "fieldName": "Labels",
                        "newOrDeltaValue": "Fuzz-Blocker"
                    }
                ]
            },
            {
                "projectName": "oss-fuzz",
                "localId": 53885,
                "sequenceNum": 3,
                "commenter": {
                    "userId": "382749006",
                    "displayName": "ClusterFuzz-External"
                },
                "timestamp": 1669908518,
                "content": "ClusterFuzz testcase 5128534769401856 is verified as fixed in https://oss-fuzz.com/revisions?job=libfuzzer_asan_relic&range=202211300606:202212010617\n\nIf this is incorrect, please file a bug on https://github.com/google/oss-fuzz/issues/new",
                "amendments": [
                    {
                        "fieldName": "Status",
                        "newOrDeltaValue": "Verified",
                        "oldValue": "New"
                    },
                    {
                        "fieldName": "Labels",
                        "newOrDeltaValue": "ClusterFuzz-Verified"
                    }
                ]
            },
            {
                "projectName": "oss-fuzz",
                "localId": 53885,
                "sequenceNum": 4,
                "commenter": {
                    "userId": "1950284618",
                    "displayName": "sheriffbot"
                },
                "timestamp": 1669923740,
                "content": "This bug has been fixed. It has been opened to the public.\n\n- Your friendly Sheriffbot",
                "amendments": [
                    {
                        "fieldName": "Labels",
                        "newOrDeltaValue": "-restrict-view-commit"
                    }
                ]
            }
        ]
    },
    "fix_commit": "4d57a04409301a2a6a2564a54dcc22da3419c9e5",
    "repo_addr": "https://github.com/relic-toolkit/relic.git"
}