{
    "fix": "https://github.com/FreeRADIUS/freeradius-server/commit/20e38cd1ba068cc86de12949dadcf9668f989ef8",
    "verify": "0",
    "localId": 39699,
    "project": "freeradius-server",
    "fuzzer": "libfuzzer",
    "sanitizer": "asan",
    "crash_type": "Global-buffer-overflow READ 1",
    "report": {
        "comments": [
            {
                "projectName": "oss-fuzz",
                "localId": 39699,
                "commenter": {
                    "userId": "382749006",
                    "displayName": "ClusterFuzz-External"
                },
                "timestamp": 1633637832,
                "content": "Detailed Report: https://oss-fuzz.com/testcase?key=6338493966581760\n\nProject: freeradius\nFuzzing Engine: libFuzzer\nFuzz Target: fuzzer_tacacs\nJob Type: libfuzzer_asan_freeradius\nPlatform Id: linux\n\nCrash Type: Global-buffer-overflow READ 1\nCrash Address: 0x7f6dfcfc85bf\nCrash State:\n  fr_base16_decode_nstd\n  fr_value_box_from_str\n  fr_pair_value_from_str\n  \nSanitizer: address (ASAN)\n\nRegressed: https://oss-fuzz.com/revisions?job=libfuzzer_asan_freeradius&range=202109070602:202109080604\n\nReproducer Testcase: https://oss-fuzz.com/download?testcase_id=6338493966581760\n\nIssue filed automatically.\n\nSee https://google.github.io/oss-fuzz/advanced-topics/reproducing for instructions to reproduce this bug locally.\nWhen you fix this bug, please\n  * mention the fix revision(s).\n  * state whether the bug was a short-lived regression or an old bug in any stable releases.\n  * add any other useful information.\nThis information can help downstream consumers.\n\nIf you need to contact the OSS-Fuzz team with a question, concern, or any other feedback, please file an issue at https://github.com/google/oss-fuzz/issues. Comments on individual Monorail issues are not monitored.\n\nThis bug is subject to a 90 day disclosure deadline. If 90 days elapse\nwithout an upstream patch, then the bug report will automatically\nbecome visible to the public.",
                "descriptionNum": 1
            },
            {
                "projectName": "oss-fuzz",
                "localId": 39699,
                "sequenceNum": 1,
                "commenter": {
                    "userId": "382749006",
                    "displayName": "ClusterFuzz-External"
                },
                "timestamp": 1633644943,
                "content": "This crash occurs very frequently on linux platform and is likely preventing the fuzzer fuzzer_tacacs from making much progress. Fixing this will allow more bugs to be found.\n\nIf this is incorrect, please file a bug on https://github.com/google/oss-fuzz/issues/new",
                "amendments": [
                    {
                        "fieldName": "Labels",
                        "newOrDeltaValue": "Fuzz-Blocker"
                    }
                ]
            },
            {
                "projectName": "oss-fuzz",
                "localId": 39699,
                "sequenceNum": 2,
                "commenter": {
                    "userId": "1950284618",
                    "displayName": "sheriffbot"
                },
                "timestamp": 1633805564,
                "amendments": [
                    {
                        "fieldName": "Labels",
                        "newOrDeltaValue": "Disclosure-2022-01-05"
                    }
                ]
            },
            {
                "projectName": "oss-fuzz",
                "localId": 39699,
                "sequenceNum": 3,
                "commenter": {
                    "userId": "382749006",
                    "displayName": "ClusterFuzz-External"
                },
                "timestamp": 1634142427,
                "content": "ClusterFuzz testcase 6338493966581760 is verified as fixed in https://oss-fuzz.com/revisions?job=libfuzzer_asan_freeradius&range=202110120600:202110130603\n\nIf this is incorrect, please file a bug on https://github.com/google/oss-fuzz/issues/new",
                "amendments": [
                    {
                        "fieldName": "Status",
                        "newOrDeltaValue": "Verified",
                        "oldValue": "New"
                    },
                    {
                        "fieldName": "Labels",
                        "newOrDeltaValue": "ClusterFuzz-Verified"
                    }
                ]
            },
            {
                "projectName": "oss-fuzz",
                "localId": 39699,
                "sequenceNum": 4,
                "commenter": {
                    "userId": "1950284618",
                    "displayName": "sheriffbot"
                },
                "timestamp": 1634150580,
                "content": "This bug has been fixed. It has been opened to the public.\n\n- Your friendly Sheriffbot",
                "amendments": [
                    {
                        "fieldName": "Labels",
                        "newOrDeltaValue": "-restrict-view-commit"
                    }
                ]
            }
        ]
    },
    "fix_commit": "20e38cd1ba068cc86de12949dadcf9668f989ef8",
    "repo_addr": "https://github.com/FreeRADIUS/freeradius-server.git"
}