{
    "fix": "https://github.com/FreeRADIUS/freeradius-server/commit/d1b917201d91aa13955460097e85716ab8752b0c",
    "verify": "0",
    "localId": 39986,
    "project": "freeradius-server",
    "fuzzer": "libfuzzer",
    "sanitizer": "asan",
    "crash_type": "Global-buffer-overflow READ 1",
    "report": {
        "comments": [
            {
                "projectName": "oss-fuzz",
                "localId": 39986,
                "commenter": {
                    "userId": "382749006",
                    "displayName": "ClusterFuzz-External"
                },
                "timestamp": 1634311479,
                "content": "Detailed Report: https://oss-fuzz.com/testcase?key=6670944383401984\n\nProject: freeradius\nFuzzing Engine: libFuzzer\nFuzz Target: fuzzer_util\nJob Type: libfuzzer_asan_freeradius\nPlatform Id: linux\n\nCrash Type: Global-buffer-overflow READ 1\nCrash Address: 0x7f20fbed05bf\nCrash State:\n  fr_base16_decode_nstd\n  fr_value_box_from_str\n  util_decode_proto\n  \nSanitizer: address (ASAN)\n\nRegressed: https://oss-fuzz.com/revisions?job=libfuzzer_asan_freeradius&range=202110140610:202110150602\n\nReproducer Testcase: https://oss-fuzz.com/download?testcase_id=6670944383401984\n\nIssue filed automatically.\n\nSee https://google.github.io/oss-fuzz/advanced-topics/reproducing for instructions to reproduce this bug locally.\nWhen you fix this bug, please\n  * mention the fix revision(s).\n  * state whether the bug was a short-lived regression or an old bug in any stable releases.\n  * add any other useful information.\nThis information can help downstream consumers.\n\nIf you need to contact the OSS-Fuzz team with a question, concern, or any other feedback, please file an issue at https://github.com/google/oss-fuzz/issues. Comments on individual Monorail issues are not monitored.\n\nThis bug is subject to a 90 day disclosure deadline. If 90 days elapse\nwithout an upstream patch, then the bug report will automatically\nbecome visible to the public.",
                "descriptionNum": 1
            },
            {
                "projectName": "oss-fuzz",
                "localId": 39986,
                "sequenceNum": 1,
                "commenter": {
                    "userId": "382749006",
                    "displayName": "ClusterFuzz-External"
                },
                "timestamp": 1634313116,
                "content": "This crash occurs very frequently on linux platform and is likely preventing the fuzzer fuzzer_util from making much progress. Fixing this will allow more bugs to be found.\n\nIf this is incorrect, please file a bug on https://github.com/google/oss-fuzz/issues/new",
                "amendments": [
                    {
                        "fieldName": "Labels",
                        "newOrDeltaValue": "Fuzz-Blocker"
                    }
                ]
            },
            {
                "projectName": "oss-fuzz",
                "localId": 39986,
                "sequenceNum": 2,
                "commenter": {
                    "userId": "1950284618",
                    "displayName": "sheriffbot"
                },
                "timestamp": 1634323971,
                "amendments": [
                    {
                        "fieldName": "Labels",
                        "newOrDeltaValue": "Disclosure-2022-01-13"
                    }
                ]
            },
            {
                "projectName": "oss-fuzz",
                "localId": 39986,
                "sequenceNum": 3,
                "commenter": {
                    "userId": "382749006",
                    "displayName": "ClusterFuzz-External"
                },
                "timestamp": 1635346060,
                "content": "ClusterFuzz testcase 6670944383401984 is verified as fixed in https://oss-fuzz.com/revisions?job=libfuzzer_asan_freeradius&range=202110250606:202110270601\n\nIf this is incorrect, please file a bug on https://github.com/google/oss-fuzz/issues/new",
                "amendments": [
                    {
                        "fieldName": "Status",
                        "newOrDeltaValue": "Verified",
                        "oldValue": "New"
                    },
                    {
                        "fieldName": "Labels",
                        "newOrDeltaValue": "ClusterFuzz-Verified"
                    }
                ]
            },
            {
                "projectName": "oss-fuzz",
                "localId": 39986,
                "sequenceNum": 4,
                "commenter": {
                    "userId": "1950284618",
                    "displayName": "sheriffbot"
                },
                "timestamp": 1635532943,
                "content": "This bug has been fixed. It has been opened to the public.\n\n- Your friendly Sheriffbot",
                "amendments": [
                    {
                        "fieldName": "Labels",
                        "newOrDeltaValue": "-restrict-view-commit"
                    }
                ]
            }
        ]
    },
    "fix_commit": [
        "c01f11c0aacb9612ed3a37c8424368b7a4e883ab",
        "44b0199d5bf67223a68799325307a76030b13189",
        "d28cb90357461f8ba7888e679961da3d67ae8cee",
        "5bc5be65315fe2fcb687c9b4f62ac7e66b84401b",
        "6015738f7a55ec2d6dc0d1bb64d0a890b9217708",
        "3137443e35ab11426c5e037c6a4f5b43c464810d",
        "f49e2cf59ef7fa5bcf0e191fd71780ff0bd5464f",
        "fb6e6a8dc04c9f114ff37be533a1a4b60b5ed1eb",
        "d1b917201d91aa13955460097e85716ab8752b0c"
    ],
    "repo_addr": "https://github.com/FreeRADIUS/freeradius-server.git"
}