{
    "fix": "https://github.com/qpdf/qpdf/commit/dc92574c10f3e2516ec6445b88c5d584f40df4e5",
    "verify": "0",
    "localId": 28262,
    "project": "qpdf",
    "fuzzer": "afl",
    "sanitizer": "asan",
    "crash_type": "Heap-buffer-overflow WRITE 1",
    "severity": "High",
    "report": {
        "comments": [
            {
                "projectName": "oss-fuzz",
                "localId": 28262,
                "commenter": {
                    "userId": "382749006",
                    "displayName": "ClusterFuzz-External"
                },
                "timestamp": 1607026938,
                "content": "Detailed Report: https://oss-fuzz.com/testcase?key=5162370603286528\n\nProject: qpdf\nFuzzing Engine: afl\nFuzz Target: qpdf_fuzzer\nJob Type: afl_asan_qpdf\nPlatform Id: linux\n\nCrash Type: Heap-buffer-overflow WRITE 1\nCrash Address: 0x615001bbabca\nCrash State:\n  Pl_ASCII85Decoder::write\n  Pl_AES_PDF::flush\n  Pl_AES_PDF::finish\n  \nSanitizer: address (ASAN)\n\nRecommended Security Severity: High\n\nRegressed: https://oss-fuzz.com/revisions?job=afl_asan_qpdf&range=201906150308:201906160306\n\nReproducer Testcase: https://oss-fuzz.com/download?testcase_id=5162370603286528\n\nIssue filed automatically.\n\nSee https://google.github.io/oss-fuzz/advanced-topics/reproducing for instructions to reproduce this bug locally.\nWhen you fix this bug, please\n  * mention the fix revision(s).\n  * state whether the bug was a short-lived regression or an old bug in any stable releases.\n  * add any other useful information.\nThis information can help downstream consumers.\n\nIf you need to contact the OSS-Fuzz team with a question, concern, or any other feedback, please file an issue at https://github.com/google/oss-fuzz/issues. Comments on individual Monorail issues are not monitored.\n\nThis bug is subject to a 90 day disclosure deadline. If 90 days elapse\nwithout an upstream patch, then the bug report will automatically\nbecome visible to the public.",
                "descriptionNum": 1
            },
            {
                "projectName": "oss-fuzz",
                "localId": 28262,
                "sequenceNum": 1,
                "commenter": {
                    "userId": "1950284618",
                    "displayName": "sheriffbot"
                },
                "timestamp": 1607198655,
                "amendments": [
                    {
                        "fieldName": "Labels",
                        "newOrDeltaValue": "Disclosure-2021-03-03"
                    }
                ]
            },
            {
                "projectName": "oss-fuzz",
                "localId": 28262,
                "sequenceNum": 2,
                "commenter": {
                    "userId": "382749006",
                    "displayName": "ClusterFuzz-External"
                },
                "timestamp": 1609861465,
                "content": "ClusterFuzz testcase 5162370603286528 is verified as fixed in https://oss-fuzz.com/revisions?job=afl_asan_qpdf&range=202101040624:202101050614\n\nIf this is incorrect, please file a bug on https://github.com/google/oss-fuzz/issues/new",
                "amendments": [
                    {
                        "fieldName": "Status",
                        "newOrDeltaValue": "Verified",
                        "oldValue": "New"
                    },
                    {
                        "fieldName": "Labels",
                        "newOrDeltaValue": "ClusterFuzz-Verified"
                    }
                ]
            },
            {
                "projectName": "oss-fuzz",
                "localId": 28262,
                "sequenceNum": 3,
                "commenter": {
                    "userId": "1950284618",
                    "displayName": "sheriffbot"
                },
                "timestamp": 1612468491,
                "content": "This bug has been fixed for 30 days. It has been opened to the public.\n\n- Your friendly Sheriffbot",
                "amendments": [
                    {
                        "fieldName": "Labels",
                        "newOrDeltaValue": "-restrict-view-commit"
                    }
                ]
            }
        ]
    },
    "fix_commit": "dc92574c10f3e2516ec6445b88c5d584f40df4e5",
    "repo_addr": "https://github.com/qpdf/qpdf.git"
}