{
    "fix": "https://github.com/alembic/alembic/commit/97f1b3cc11c5881f7412687d0aaa1b24ee98da2f",
    "verify": "0",
    "localId": 25166,
    "project": "alembic",
    "fuzzer": "afl",
    "sanitizer": "asan",
    "crash_type": "Heap-buffer-overflow READ 8",
    "severity": "Medium",
    "report": {
        "comments": [
            {
                "projectName": "oss-fuzz",
                "localId": 25166,
                "commenter": {
                    "userId": "382749006",
                    "displayName": "ClusterFuzz-External"
                },
                "timestamp": 1598184996,
                "content": "Detailed Report: https://oss-fuzz.com/testcase?key=4609694851923968\n\nProject: alembic\nFuzzing Engine: afl\nFuzz Target: alembic_dump_info_fuzzer\nJob Type: afl_asan_alembic\nPlatform Id: linux\n\nCrash Type: Heap-buffer-overflow READ 8\nCrash Address: 0x61f000001790\nCrash State:\n  std::__1::__tree<std::__1::__value_type<std::__1::basic_string<char, std::__1::c\n  std::__1::__tree<std::__1::__value_type<std::__1::basic_string<char, std::__1::c\n  std::__1::map<std::__1::basic_string<char, std::__1::char_traits<char>, std::__1\n  \nSanitizer: address (ASAN)\n\nRecommended Security Severity: Medium\n\nCrash Revision: https://oss-fuzz.com/revisions?job=afl_asan_alembic&revision=202008230614\n\nReproducer Testcase: https://oss-fuzz.com/download?testcase_id=4609694851923968\n\nIssue filed automatically.\n\nSee https://google.github.io/oss-fuzz/advanced-topics/reproducing for instructions to reproduce this bug locally.\nWhen you fix this bug, please\n  * mention the fix revision(s).\n  * state whether the bug was a short-lived regression or an old bug in any stable releases.\n  * add any other useful information.\nThis information can help downstream consumers.\n\nIf you need to contact the OSS-Fuzz team with a question, concern, or any other feedback, please file an issue at https://github.com/google/oss-fuzz/issues. Comments on individual Monorail issues are not monitored.\n\nThis bug is subject to a 90 day disclosure deadline. If 90 days elapse\nwithout an upstream patch, then the bug report will automatically\nbecome visible to the public.",
                "descriptionNum": 1
            },
            {
                "projectName": "oss-fuzz",
                "localId": 25166,
                "sequenceNum": 1,
                "commenter": {
                    "userId": "382749006",
                    "displayName": "ClusterFuzz-External"
                },
                "timestamp": 1598209026,
                "content": "This crash occurs very frequently on linux platform and is likely preventing the fuzzer alembic_dump_info_fuzzer from making much progress. Fixing this will allow more bugs to be found.\n\nIf this is incorrect, please file a bug on https://github.com/google/oss-fuzz/issues/new",
                "amendments": [
                    {
                        "fieldName": "Labels",
                        "newOrDeltaValue": "Fuzz-Blocker"
                    }
                ]
            },
            {
                "projectName": "oss-fuzz",
                "localId": 25166,
                "sequenceNum": 2,
                "commenter": {
                    "userId": "1950284618",
                    "displayName": "sheriffbot"
                },
                "timestamp": 1598213724,
                "amendments": [
                    {
                        "fieldName": "Labels",
                        "newOrDeltaValue": "Disclosure-2020-11-23"
                    }
                ]
            },
            {
                "projectName": "oss-fuzz",
                "localId": 25166,
                "sequenceNum": 3,
                "commenter": {
                    "userId": "382749006",
                    "displayName": "ClusterFuzz-External"
                },
                "timestamp": 1599577322,
                "content": "ClusterFuzz testcase 4609694851923968 is verified as fixed in https://oss-fuzz.com/revisions?job=afl_asan_alembic&range=202009070617:202009080611\n\nIf this is incorrect, please file a bug on https://github.com/google/oss-fuzz/issues/new",
                "amendments": [
                    {
                        "fieldName": "Status",
                        "newOrDeltaValue": "Verified",
                        "oldValue": "New"
                    },
                    {
                        "fieldName": "Labels",
                        "newOrDeltaValue": "ClusterFuzz-Verified"
                    }
                ]
            },
            {
                "projectName": "oss-fuzz",
                "localId": 25166,
                "sequenceNum": 4,
                "commenter": {
                    "userId": "1950284618",
                    "displayName": "sheriffbot"
                },
                "timestamp": 1602273951,
                "content": "This bug has been fixed for 30 days. It has been opened to the public.\n\n- Your friendly Sheriffbot",
                "amendments": [
                    {
                        "fieldName": "Labels",
                        "newOrDeltaValue": "-restrict-view-commit"
                    }
                ]
            }
        ]
    },
    "fix_commit": "97f1b3cc11c5881f7412687d0aaa1b24ee98da2f",
    "repo_addr": "https://github.com/alembic/alembic"
}