{
    "fix": "https://android.googlesource.com/platform/external/libavc/+/8718ff04c4bcb0db2b84299888519eb8b9189ade%5E%21/",
    "verify": "0",
    "localId": 16505,
    "project": "libavc",
    "fuzzer": "libfuzzer",
    "sanitizer": "asan",
    "crash_type": "Heap-buffer-overflow READ 8",
    "severity": "Medium",
    "report": {
        "comments": [
            {
                "projectName": "oss-fuzz",
                "localId": 16505,
                "commenter": {
                    "userId": "382749006",
                    "displayName": "ClusterFuzz-External"
                },
                "timestamp": 1566036172,
                "content": "Detailed Report: https://oss-fuzz.com/testcase?key=5140635270512640\n\nProject: libavc\nFuzzing Engine: libFuzzer\nFuzz Target: avc_dec_fuzzer\nJob Type: libfuzzer_asan_libavc\nPlatform Id: linux\n\nCrash Type: Heap-buffer-overflow READ 8\nCrash Address: 0x611000001fa8\nCrash State:\n  ih264d_compute_bs_non_mbaff_thread\n  ih264d_recon_deblk_slice\n  ih264d_recon_deblk_thread\n  \nSanitizer: address (ASAN)\n\nRecommended Security Severity: Medium\n\nCrash Revision: https://oss-fuzz.com/revisions?job=libfuzzer_asan_libavc&revision=201908170410\n\nReproducer Testcase: https://oss-fuzz.com/download?testcase_id=5140635270512640\n\nIssue filed automatically.\n\nSee https://github.com/google/oss-fuzz/blob/master/docs/reproducing.md for instructions to reproduce this bug locally.\n\nThis bug is subject to a 90 day disclosure deadline. If 90 days elapse\nwithout an upstream patch, then the bug report will automatically\nbecome visible to the public.",
                "descriptionNum": 1
            },
            {
                "projectName": "oss-fuzz",
                "localId": 16505,
                "sequenceNum": 1,
                "commenter": {
                    "userId": "3669951510",
                    "displayName": "haris...@ittiam.com"
                },
                "timestamp": 1566503681,
                "content": "This is fixed in internal version. Once aosp/master gets updated, this should get resolved."
            },
            {
                "projectName": "oss-fuzz",
                "localId": 16505,
                "sequenceNum": 2,
                "commenter": {
                    "userId": "382749006",
                    "displayName": "ClusterFuzz-External"
                },
                "timestamp": 1567553270,
                "amendments": [
                    {
                        "fieldName": "Cc",
                        "newOrDeltaValue": "hamzeh@google.com bcreasey@google.com"
                    }
                ]
            },
            {
                "projectName": "oss-fuzz",
                "localId": 16505,
                "sequenceNum": 3,
                "commenter": {
                    "userId": "382749006",
                    "displayName": "ClusterFuzz-External"
                },
                "timestamp": 1567780165,
                "content": "ClusterFuzz testcase 5140635270512640 is verified as fixed in https://oss-fuzz.com/revisions?job=libfuzzer_asan_libavc&range=201909050145:201909060220\n\nIf this is incorrect, please file a bug on https://github.com/google/oss-fuzz/issues/new",
                "amendments": [
                    {
                        "fieldName": "Status",
                        "newOrDeltaValue": "Verified",
                        "oldValue": "New"
                    },
                    {
                        "fieldName": "Labels",
                        "newOrDeltaValue": "ClusterFuzz-Verified"
                    }
                ]
            },
            {
                "projectName": "oss-fuzz",
                "localId": 16505,
                "sequenceNum": 4,
                "commenter": {
                    "userId": "4164592774",
                    "displayName": "sheriffbot@chromium.org"
                },
                "timestamp": 1570376340,
                "content": "This bug has been fixed for 30 days. It has been opened to the public.\n\n- Your friendly Sheriffbot",
                "amendments": [
                    {
                        "fieldName": "Labels",
                        "newOrDeltaValue": "-restrict-view-commit"
                    }
                ]
            }
        ]
    },
    "fix_commit": "8718ff04c4bcb0db2b84299888519eb8b9189ade",
    "repo_addr": "https://android.googlesource.com/platform/external/libavc"
}