{
    "fix": "https://android.googlesource.com/platform/external/libavc/+/e1fce24788ad7dfa6619c205c660e0be03281ffc%5E%21/",
    "verify": "0",
    "localId": 31757,
    "project": "libavc",
    "fuzzer": "libfuzzer",
    "sanitizer": "asan",
    "crash_type": "Heap-buffer-overflow WRITE 8",
    "severity": "High",
    "report": {
        "comments": [
            {
                "projectName": "oss-fuzz",
                "localId": 31757,
                "commenter": {
                    "userId": "382749006",
                    "displayName": "ClusterFuzz-External"
                },
                "timestamp": 1615002114,
                "content": "Detailed Report: https://oss-fuzz.com/testcase?key=5967835349254144\n\nProject: libavc\nFuzzing Engine: libFuzzer\nFuzz Target: avc_dec_fuzzer\nJob Type: libfuzzer_asan_libavc\nPlatform Id: linux\n\nCrash Type: Heap-buffer-overflow WRITE 8\nCrash Address: 0x624000007790\nCrash State:\n  ih264d_mark_err_slice_skip\n  ih264d_video_decode\n  ih264d_api_function\n  \nSanitizer: address (ASAN)\n\nRecommended Security Severity: High\n\nRegressed: https://oss-fuzz.com/revisions?job=libfuzzer_asan_libavc&range=202011210608:202011220625\n\nReproducer Testcase: https://oss-fuzz.com/download?testcase_id=5967835349254144\n\nIssue filed automatically.\n\nSee https://google.github.io/oss-fuzz/advanced-topics/reproducing for instructions to reproduce this bug locally.\nWhen you fix this bug, please\n  * mention the fix revision(s).\n  * state whether the bug was a short-lived regression or an old bug in any stable releases.\n  * add any other useful information.\nThis information can help downstream consumers.\n\nIf you need to contact the OSS-Fuzz team with a question, concern, or any other feedback, please file an issue at https://github.com/google/oss-fuzz/issues. Comments on individual Monorail issues are not monitored.\n\nThis bug is subject to a 90 day disclosure deadline. If 90 days elapse\nwithout an upstream patch, then the bug report will automatically\nbecome visible to the public.",
                "descriptionNum": 1
            },
            {
                "projectName": "oss-fuzz",
                "localId": 31757,
                "sequenceNum": 1,
                "commenter": {
                    "userId": "1950284618",
                    "displayName": "sheriffbot"
                },
                "timestamp": 1615060859,
                "amendments": [
                    {
                        "fieldName": "Labels",
                        "newOrDeltaValue": "Disclosure-2021-06-04"
                    }
                ]
            },
            {
                "projectName": "oss-fuzz",
                "localId": 31757,
                "sequenceNum": 2,
                "commenter": {
                    "userId": "1950284618",
                    "displayName": "sheriffbot"
                },
                "timestamp": 1622227638,
                "content": "This bug is approaching its deadline for being fixed, and will be automatically derestricted within 7 days. If a fix is planned within 2 weeks after the deadline has passed, a grace extension can be granted.\n\n- Your friendly Sheriffbot",
                "amendments": [
                    {
                        "fieldName": "Labels",
                        "newOrDeltaValue": "Deadline-Approaching"
                    }
                ]
            },
            {
                "projectName": "oss-fuzz",
                "localId": 31757,
                "sequenceNum": 3,
                "commenter": {
                    "userId": "382749006",
                    "displayName": "ClusterFuzz-External"
                },
                "timestamp": 1622915604,
                "amendments": [
                    {
                        "fieldName": "Cc",
                        "newOrDeltaValue": "kimtony@google.com ailport@google.com"
                    }
                ]
            },
            {
                "projectName": "oss-fuzz",
                "localId": 31757,
                "sequenceNum": 4,
                "commenter": {
                    "userId": "1950284618",
                    "displayName": "sheriffbot"
                },
                "timestamp": 1622919138,
                "content": "This bug has exceeded our disclosure deadline. It has been opened to the public.\n\n- Your friendly Sheriffbot",
                "amendments": [
                    {
                        "fieldName": "Labels",
                        "newOrDeltaValue": "-restrict-view-commit -deadline-approaching Deadline-Exceeded"
                    }
                ]
            },
            {
                "projectName": "oss-fuzz",
                "localId": 31757,
                "sequenceNum": 5,
                "commenter": {
                    "userId": "382749006",
                    "displayName": "ClusterFuzz-External"
                },
                "timestamp": 1628558522,
                "amendments": [
                    {
                        "fieldName": "Cc",
                        "newOrDeltaValue": "faerber@google.com greendonald@google.com"
                    }
                ]
            },
            {
                "projectName": "oss-fuzz",
                "localId": 31757,
                "sequenceNum": 6,
                "commenter": {
                    "userId": "382749006",
                    "displayName": "ClusterFuzz-External"
                },
                "timestamp": 1631285093,
                "content": "ClusterFuzz testcase 5967835349254144 is verified as fixed in https://oss-fuzz.com/revisions?job=libfuzzer_asan_libavc&range=202109090611:202109100612\n\nIf this is incorrect, please file a bug on https://github.com/google/oss-fuzz/issues/new",
                "amendments": [
                    {
                        "fieldName": "Status",
                        "newOrDeltaValue": "Verified",
                        "oldValue": "New"
                    },
                    {
                        "fieldName": "Labels",
                        "newOrDeltaValue": "ClusterFuzz-Verified"
                    }
                ]
            }
        ]
    },
    "fix_commit": [
        "3e73f0d56298ba6256927928669d0cc6e4b1c9ee",
        "e1fce24788ad7dfa6619c205c660e0be03281ffc"
    ],
    "repo_addr": "https://android.googlesource.com/platform/external/libavc"
}