{
    "fix": "https://github.com/ittiam-systems/libavc/commit/8739b7da75f305ab391eb36c613210c23243fe5b",
    "verify": "0",
    "localId": 55874,
    "project": "libavc",
    "fuzzer": "afl",
    "sanitizer": "asan",
    "crash_type": "Heap-buffer-overflow READ 16",
    "severity": "Medium",
    "report": {
        "comments": [
            {
                "projectName": "oss-fuzz",
                "localId": 55874,
                "commenter": {
                    "userId": "382749006",
                    "displayName": "ClusterFuzz-External"
                },
                "timestamp": 1676096875,
                "content": "Detailed Report: https://oss-fuzz.com/testcase?key=6401187206529024\n\nProject: libavc\nFuzzing Engine: afl\nFuzz Target: svc_dec_fuzzer\nJob Type: afl_asan_libavc\nPlatform Id: linux\n\nCrash Type: Heap-buffer-overflow READ 16\nCrash Address: 0x619000005dad\nCrash State:\n  isvcd_residual_luma_dyadic_sse42\n  isvcd_residual_samp_mb_dyadic\n  isvcd_process_residual_resample_mb\n  \nSanitizer: address (ASAN)\n\nRecommended Security Severity: Medium\n\nRegressed: https://oss-fuzz.com/revisions?job=afl_asan_libavc&range=202302080604:202302090622\n\nReproducer Testcase: https://oss-fuzz.com/download?testcase_id=6401187206529024\n\nIssue filed automatically.\n\nSee https://google.github.io/oss-fuzz/advanced-topics/reproducing for instructions to reproduce this bug locally.\nWhen you fix this bug, please\n  * mention the fix revision(s).\n  * state whether the bug was a short-lived regression or an old bug in any stable releases.\n  * add any other useful information.\nThis information can help downstream consumers.\n\nIf you need to contact the OSS-Fuzz team with a question, concern, or any other feedback, please file an issue at https://github.com/google/oss-fuzz/issues. Comments on individual Monorail issues are not monitored.\n\nThis bug is subject to a 90 day disclosure deadline. If 90 days elapse\nwithout an upstream patch, then the bug report will automatically\nbecome visible to the public.",
                "descriptionNum": 1
            },
            {
                "projectName": "oss-fuzz",
                "localId": 55874,
                "sequenceNum": 1,
                "commenter": {
                    "userId": "3669951510",
                    "displayName": "haris...@ittiam.com"
                },
                "timestamp": 1676132793,
                "content": "svc decoder is newly added in libavc's upstream project and is not part of Android source tree yet. So this has no security impact in Android currently."
            },
            {
                "projectName": "oss-fuzz",
                "localId": 55874,
                "sequenceNum": 2,
                "commenter": {
                    "userId": "1950284618",
                    "displayName": "sheriffbot"
                },
                "timestamp": 1676231399,
                "amendments": [
                    {
                        "fieldName": "Labels",
                        "newOrDeltaValue": "Disclosure-2023-05-12"
                    }
                ]
            },
            {
                "projectName": "oss-fuzz",
                "localId": 55874,
                "sequenceNum": 3,
                "commenter": {
                    "userId": "2516129131",
                    "displayName": "jaredkidd@google.com"
                },
                "timestamp": 1676315677,
                "content": "b/269145966 created for ASA review."
            },
            {
                "projectName": "oss-fuzz",
                "localId": 55874,
                "sequenceNum": 4,
                "commenter": {
                    "userId": "382749006",
                    "displayName": "ClusterFuzz-External"
                },
                "timestamp": 1676475794,
                "content": "ClusterFuzz testcase 6401187206529024 is verified as fixed in https://oss-fuzz.com/revisions?job=afl_asan_libavc&range=202302140606:202302150616\n\nIf this is incorrect, please file a bug on https://github.com/google/oss-fuzz/issues/new",
                "amendments": [
                    {
                        "fieldName": "Status",
                        "newOrDeltaValue": "Verified",
                        "oldValue": "New"
                    },
                    {
                        "fieldName": "Labels",
                        "newOrDeltaValue": "ClusterFuzz-Verified"
                    }
                ]
            },
            {
                "projectName": "oss-fuzz",
                "localId": 55874,
                "sequenceNum": 5,
                "commenter": {
                    "userId": "1950284618",
                    "displayName": "sheriffbot"
                },
                "timestamp": 1676490126,
                "content": "This bug has been fixed. It has been opened to the public.\n\n- Your friendly Sheriffbot",
                "amendments": [
                    {
                        "fieldName": "Labels",
                        "newOrDeltaValue": "-restrict-view-commit"
                    }
                ]
            }
        ]
    },
    "fix_commit": "8739b7da75f305ab391eb36c613210c23243fe5b",
    "repo_addr": "https://github.com/ittiam-systems/libavc.git"
}