{
    "fix": "https://github.com/ittiam-systems/libavc/commit/8e41a50de40011a974d57adfed876b26faf116ba",
    "verify": "0",
    "localId": 56050,
    "project": "libavc",
    "fuzzer": "afl",
    "sanitizer": "asan",
    "crash_type": "Heap-buffer-overflow READ 1",
    "severity": "Medium",
    "report": {
        "comments": [
            {
                "projectName": "oss-fuzz",
                "localId": 56050,
                "commenter": {
                    "userId": "382749006",
                    "displayName": "ClusterFuzz-External"
                },
                "timestamp": 1676571322,
                "content": "Detailed Report: https://oss-fuzz.com/testcase?key=5151533164789760\n\nProject: libavc\nFuzzing Engine: afl\nFuzz Target: svc_dec_fuzzer\nJob Type: afl_asan_libavc\nPlatform Id: linux\n\nCrash Type: Heap-buffer-overflow READ 1\nCrash Address: 0x6130000012f4\nCrash State:\n  isvcd_interlyr_motion_mode_pred_dyadic\n  isvcd_mv_pred_ref_tfr_nby2_epmb\n  isvcd_parse_inter_slice_data_cabac_enh_lyr\n  \nSanitizer: address (ASAN)\n\nRecommended Security Severity: Medium\n\nRegressed: https://oss-fuzz.com/revisions?job=afl_asan_libavc&range=202302080604:202302090622\n\nReproducer Testcase: https://oss-fuzz.com/download?testcase_id=5151533164789760\n\nIssue filed automatically.\n\nSee https://google.github.io/oss-fuzz/advanced-topics/reproducing for instructions to reproduce this bug locally.\nWhen you fix this bug, please\n  * mention the fix revision(s).\n  * state whether the bug was a short-lived regression or an old bug in any stable releases.\n  * add any other useful information.\nThis information can help downstream consumers.\n\nIf you need to contact the OSS-Fuzz team with a question, concern, or any other feedback, please file an issue at https://github.com/google/oss-fuzz/issues. Comments on individual Monorail issues are not monitored.\n\nThis bug is subject to a 90 day disclosure deadline. If 90 days elapse\nwithout an upstream patch, then the bug report will automatically\nbecome visible to the public.",
                "descriptionNum": 1
            },
            {
                "projectName": "oss-fuzz",
                "localId": 56050,
                "sequenceNum": 1,
                "commenter": {
                    "userId": "2516129131",
                    "displayName": "jaredkidd@google.com"
                },
                "timestamp": 1676575771,
                "content": "b/269633299 was created for ASA review."
            },
            {
                "projectName": "oss-fuzz",
                "localId": 56050,
                "sequenceNum": 2,
                "commenter": {
                    "userId": "1950284618",
                    "displayName": "sheriffbot"
                },
                "timestamp": 1676577158,
                "amendments": [
                    {
                        "fieldName": "Labels",
                        "newOrDeltaValue": "Disclosure-2023-05-17"
                    }
                ]
            },
            {
                "projectName": "oss-fuzz",
                "localId": 56050,
                "sequenceNum": 3,
                "commenter": {
                    "userId": "382749006",
                    "displayName": "ClusterFuzz-External"
                },
                "timestamp": 1676655417,
                "content": "ClusterFuzz testcase 5151533164789760 is verified as fixed in https://oss-fuzz.com/revisions?job=afl_asan_libavc&range=202302160624:202302170614\n\nIf this is incorrect, please file a bug on https://github.com/google/oss-fuzz/issues/new",
                "amendments": [
                    {
                        "fieldName": "Status",
                        "newOrDeltaValue": "Verified",
                        "oldValue": "New"
                    },
                    {
                        "fieldName": "Labels",
                        "newOrDeltaValue": "ClusterFuzz-Verified"
                    }
                ]
            },
            {
                "projectName": "oss-fuzz",
                "localId": 56050,
                "sequenceNum": 4,
                "commenter": {
                    "userId": "3669951510",
                    "displayName": "haris...@ittiam.com"
                },
                "timestamp": 1676655447,
                "content": "https://github.com/ittiam-systems/libavc/commit/992407f6c3e77c9ff84684c77072b913eaa3152b fixed this"
            },
            {
                "projectName": "oss-fuzz",
                "localId": 56050,
                "sequenceNum": 5,
                "commenter": {
                    "userId": "1950284618",
                    "displayName": "sheriffbot"
                },
                "timestamp": 1676662937,
                "content": "This bug has been fixed. It has been opened to the public.\n\n- Your friendly Sheriffbot",
                "amendments": [
                    {
                        "fieldName": "Labels",
                        "newOrDeltaValue": "-restrict-view-commit"
                    }
                ]
            }
        ]
    },
    "fix_commit": "8e41a50de40011a974d57adfed876b26faf116ba",
    "repo_addr": "https://github.com/ittiam-systems/libavc.git"
}