{
    "fix": "https://github.com/ittiam-systems/libavc/commit/f8ae418b38e8ac52cf87425d27cb20925607debc",
    "verify": "0",
    "localId": 58190,
    "project": "libavc",
    "fuzzer": "libfuzzer",
    "sanitizer": "asan",
    "crash_type": "Heap-buffer-overflow READ 4",
    "severity": "Medium",
    "report": {
        "comments": [
            {
                "projectName": "oss-fuzz",
                "localId": 58190,
                "commenter": {
                    "userId": "382749006",
                    "displayName": "ClusterFuzz-External"
                },
                "timestamp": 1681981622,
                "content": "Detailed Report: https://oss-fuzz.com/testcase?key=5143081216507904\n\nProject: libavc\nFuzzing Engine: libFuzzer\nFuzz Target: mvc_dec_fuzzer\nJob Type: libfuzzer_asan_i386_libavc\nPlatform Id: linux\n\nCrash Type: Heap-buffer-overflow READ 4\nCrash Address: 0xf75be000\nCrash State:\n  ih264d_get_bits_h264\n  ih264d_parse_fgc\n  ih264d_parse_sei_payload\n  \nSanitizer: address (ASAN)\n\nRecommended Security Severity: Medium\n\nRegressed: https://oss-fuzz.com/revisions?job=libfuzzer_asan_i386_libavc&range=202303230626:202303240624\n\nReproducer Testcase: https://oss-fuzz.com/download?testcase_id=5143081216507904\n\nIssue filed automatically.\n\nSee https://google.github.io/oss-fuzz/advanced-topics/reproducing for instructions to reproduce this bug locally.\nWhen you fix this bug, please\n  * mention the fix revision(s).\n  * state whether the bug was a short-lived regression or an old bug in any stable releases.\n  * add any other useful information.\nThis information can help downstream consumers.\n\nIf you need to contact the OSS-Fuzz team with a question, concern, or any other feedback, please file an issue at https://github.com/google/oss-fuzz/issues. Comments on individual Monorail issues are not monitored.\n\nThis bug is subject to a 90 day disclosure deadline. If 90 days elapse\nwithout an upstream patch, then the bug report will automatically\nbecome visible to the public.",
                "descriptionNum": 1
            },
            {
                "projectName": "oss-fuzz",
                "localId": 58190,
                "sequenceNum": 1,
                "commenter": {
                    "userId": "1950284618",
                    "displayName": "sheriffbot"
                },
                "timestamp": 1682027182,
                "amendments": [
                    {
                        "fieldName": "Labels",
                        "newOrDeltaValue": "Disclosure-2023-07-19"
                    }
                ]
            },
            {
                "projectName": "oss-fuzz",
                "localId": 58190,
                "sequenceNum": 2,
                "commenter": {
                    "userId": "382749006",
                    "displayName": "ClusterFuzz-External"
                },
                "timestamp": 1682087597,
                "content": "ClusterFuzz testcase 5143081216507904 is verified as fixed in https://oss-fuzz.com/revisions?job=libfuzzer_asan_i386_libavc&range=202304200608:202304210617\n\nIf this is incorrect, please file a bug on https://github.com/google/oss-fuzz/issues/new",
                "amendments": [
                    {
                        "fieldName": "Status",
                        "newOrDeltaValue": "Verified",
                        "oldValue": "New"
                    },
                    {
                        "fieldName": "Labels",
                        "newOrDeltaValue": "ClusterFuzz-Verified"
                    }
                ]
            },
            {
                "projectName": "oss-fuzz",
                "localId": 58190,
                "sequenceNum": 3,
                "commenter": {
                    "userId": "1950284618",
                    "displayName": "sheriffbot"
                },
                "timestamp": 1682102583,
                "content": "This bug has been fixed. It has been opened to the public.\n\n- Your friendly Sheriffbot",
                "amendments": [
                    {
                        "fieldName": "Labels",
                        "newOrDeltaValue": "-restrict-view-commit"
                    }
                ]
            },
            {
                "projectName": "oss-fuzz",
                "localId": 58190,
                "sequenceNum": 4,
                "commenter": {
                    "userId": "3669951510",
                    "displayName": "haris...@ittiam.com"
                },
                "timestamp": 1682103277,
                "content": "this was fixed by https://github.com/ittiam-systems/libavc/commit/f8ae418b38e8ac52cf87425d27cb20925607debc"
            }
        ]
    },
    "fix_commit": "f8ae418b38e8ac52cf87425d27cb20925607debc",
    "repo_addr": "https://github.com/ittiam-systems/libavc.git"
}