{
    "fix": "https://github.com/ittiam-systems/libavc/commit/3cc9ff94db44f8739905d8ea9bff1723c19c2745",
    "verify": "0",
    "localId": 64523,
    "project": "libavc",
    "fuzzer": "libfuzzer",
    "sanitizer": "msan",
    "crash_type": "UNKNOWN READ",
    "severity": "High",
    "report": {
        "comments": [
            {
                "projectName": "oss-fuzz",
                "localId": 64523,
                "commenter": {
                    "userId": "382749006",
                    "displayName": "ClusterFuzz-External"
                },
                "timestamp": 1701062969,
                "content": "Detailed Report: https://oss-fuzz.com/testcase?key=4760994878193664\n\nProject: libavc\nFuzzing Engine: libFuzzer\nFuzz Target: svc_dec_fuzzer\nJob Type: libfuzzer_msan_libavc\nPlatform Id: linux\n\nCrash Type: UNKNOWN READ\nCrash Address: 0x722fffffe790\nCrash State:\n  ih264d_fill_bs1_16x16mb_pslice\n  ih264d_compute_bs_non_mbaff\n  ih264d_mv_pred_ref_tfr_nby2_pmb\n  \nSanitizer: memory (MSAN)\n\nRecommended Security Severity: High\n\nRegressed: https://oss-fuzz.com/revisions?job=libfuzzer_msan_libavc&range=202302080604:202302090622\n\nReproducer Testcase: https://oss-fuzz.com/download?testcase_id=4760994878193664\n\nIssue filed automatically.\n\nSee https://google.github.io/oss-fuzz/advanced-topics/reproducing for instructions to reproduce this bug locally.\nWhen you fix this bug, please\n  * mention the fix revision(s).\n  * state whether the bug was a short-lived regression or an old bug in any stable releases.\n  * add any other useful information.\nThis information can help downstream consumers.\n\nIf you need to contact the OSS-Fuzz team with a question, concern, or any other feedback, please file an issue at https://github.com/google/oss-fuzz/issues. Comments on individual Monorail issues are not monitored.\n\nThis bug is subject to a 90 day disclosure deadline. If 90 days elapse\nwithout an upstream patch, then the bug report will automatically\nbecome visible to the public.",
                "descriptionNum": 1
            },
            {
                "projectName": "oss-fuzz",
                "localId": 64523,
                "sequenceNum": 1,
                "commenter": {
                    "userId": "1950284618",
                    "displayName": "sheriffbot"
                },
                "timestamp": 1701115885,
                "amendments": [
                    {
                        "fieldName": "Labels",
                        "newOrDeltaValue": "Disclosure-2024-02-26"
                    }
                ]
            },
            {
                "projectName": "oss-fuzz",
                "localId": 64523,
                "sequenceNum": 2,
                "commenter": {
                    "userId": "382749006",
                    "displayName": "ClusterFuzz-External"
                },
                "timestamp": 1702368837,
                "content": "ClusterFuzz testcase 4760994878193664 is verified as fixed in https://oss-fuzz.com/revisions?job=libfuzzer_msan_libavc&range=202312110628:202312120624\n\nIf this is incorrect, please file a bug on https://github.com/google/oss-fuzz/issues/new",
                "amendments": [
                    {
                        "fieldName": "Status",
                        "newOrDeltaValue": "Verified",
                        "oldValue": "New"
                    },
                    {
                        "fieldName": "Labels",
                        "newOrDeltaValue": "ClusterFuzz-Verified"
                    }
                ]
            },
            {
                "projectName": "oss-fuzz",
                "localId": 64523,
                "sequenceNum": 3,
                "commenter": {
                    "userId": "1950284618",
                    "displayName": "sheriffbot"
                },
                "timestamp": 1702410876,
                "content": "This bug has been fixed. It has been opened to the public.\n\n- Your friendly Sheriffbot",
                "amendments": [
                    {
                        "fieldName": "Labels",
                        "newOrDeltaValue": "-restrict-view-commit"
                    }
                ]
            }
        ]
    },
    "fix_commit": "3cc9ff94db44f8739905d8ea9bff1723c19c2745",
    "repo_addr": "https://github.com/ittiam-systems/libavc.git"
}