{
    "fix": "https://github.com/ittiam-systems/libavc/commit/e49a9150a3b1cfc3fb9097ca02dd042e35226129",
    "verify": "0",
    "localId": 64533,
    "project": "libavc",
    "fuzzer": "afl",
    "sanitizer": "asan",
    "crash_type": "Heap-buffer-overflow READ 8",
    "severity": "Medium",
    "report": {
        "comments": [
            {
                "projectName": "oss-fuzz",
                "localId": 64533,
                "commenter": {
                    "userId": "382749006",
                    "displayName": "ClusterFuzz-External"
                },
                "timestamp": 1701085453,
                "content": "Detailed Report: https://oss-fuzz.com/testcase?key=6151544248336384\n\nProject: libavc\nFuzzing Engine: afl\nFuzz Target: svc_dec_fuzzer\nJob Type: afl_asan_libavc\nPlatform Id: linux\n\nCrash Type: Heap-buffer-overflow READ 8\nCrash Address: 0x616000000c20\nCrash State:\n  isvcd_process_residual_resample_mb\n  isvcd_process_inter_mb_rsd_pred_target_lyr\n  isvcd_decode_recon_tfr_nmb_non_base_lyr\n  \nSanitizer: address (ASAN)\n\nRecommended Security Severity: Medium\n\nRegressed: https://oss-fuzz.com/revisions?job=afl_asan_libavc&range=202311240629:202311250621\n\nReproducer Testcase: https://oss-fuzz.com/download?testcase_id=6151544248336384\n\nIssue filed automatically.\n\nSee https://google.github.io/oss-fuzz/advanced-topics/reproducing for instructions to reproduce this bug locally.\nWhen you fix this bug, please\n  * mention the fix revision(s).\n  * state whether the bug was a short-lived regression or an old bug in any stable releases.\n  * add any other useful information.\nThis information can help downstream consumers.\n\nIf you need to contact the OSS-Fuzz team with a question, concern, or any other feedback, please file an issue at https://github.com/google/oss-fuzz/issues. Comments on individual Monorail issues are not monitored.\n\nThis bug is subject to a 90 day disclosure deadline. If 90 days elapse\nwithout an upstream patch, then the bug report will automatically\nbecome visible to the public.",
                "descriptionNum": 1
            },
            {
                "projectName": "oss-fuzz",
                "localId": 64533,
                "sequenceNum": 1,
                "commenter": {
                    "userId": "1950284618",
                    "displayName": "sheriffbot"
                },
                "timestamp": 1701115896,
                "amendments": [
                    {
                        "fieldName": "Labels",
                        "newOrDeltaValue": "Disclosure-2024-02-26"
                    }
                ]
            },
            {
                "projectName": "oss-fuzz",
                "localId": 64533,
                "sequenceNum": 2,
                "commenter": {
                    "userId": "382749006",
                    "displayName": "ClusterFuzz-External"
                },
                "timestamp": 1702371116,
                "content": "ClusterFuzz testcase 6151544248336384 is verified as fixed in https://oss-fuzz.com/revisions?job=afl_asan_libavc&range=202312110628:202312120624\n\nIf this is incorrect, please file a bug on https://github.com/google/oss-fuzz/issues/new",
                "amendments": [
                    {
                        "fieldName": "Status",
                        "newOrDeltaValue": "Verified",
                        "oldValue": "New"
                    },
                    {
                        "fieldName": "Labels",
                        "newOrDeltaValue": "ClusterFuzz-Verified"
                    }
                ]
            },
            {
                "projectName": "oss-fuzz",
                "localId": 64533,
                "sequenceNum": 3,
                "commenter": {
                    "userId": "1950284618",
                    "displayName": "sheriffbot"
                },
                "timestamp": 1702410877,
                "content": "This bug has been fixed. It has been opened to the public.\n\n- Your friendly Sheriffbot",
                "amendments": [
                    {
                        "fieldName": "Labels",
                        "newOrDeltaValue": "-restrict-view-commit"
                    }
                ]
            }
        ]
    },
    "fix_commit": "e49a9150a3b1cfc3fb9097ca02dd042e35226129",
    "repo_addr": "https://github.com/ittiam-systems/libavc.git"
}