{
    "fix": "https://github.com/ittiam-systems/libavc/commit/28727baf58aa7c8983769aff1ceecb3121a26ee6",
    "verify": "0",
    "localId": 65172,
    "project": "libavc",
    "fuzzer": "libfuzzer",
    "sanitizer": "msan",
    "crash_type": "Segv on unknown address",
    "report": {
        "comments": [
            {
                "projectName": "oss-fuzz",
                "localId": 65172,
                "commenter": {
                    "userId": "382749006",
                    "displayName": "ClusterFuzz-External"
                },
                "timestamp": 1702963179,
                "content": "Detailed Report: https://oss-fuzz.com/testcase?key=4957873016537088\n\nProject: libavc\nFuzzing Engine: libFuzzer\nFuzz Target: svc_dec_fuzzer\nJob Type: libfuzzer_msan_libavc\nPlatform Id: linux\n\nCrash Type: Segv on unknown address\nCrash Address: \nCrash State:\n  isvcd_compute_bs_non_mbaff_target_lyr_no_inter_layer\n  isvcd_parse_islice_data_cabac\n  isvcd_parse_islice\n  \nSanitizer: memory (MSAN)\n\nRegressed: https://oss-fuzz.com/revisions?job=libfuzzer_msan_libavc&range=202302080604:202302090622\n\nReproducer Testcase: https://oss-fuzz.com/download?testcase_id=4957873016537088\n\nIssue filed automatically.\n\nSee https://google.github.io/oss-fuzz/advanced-topics/reproducing for instructions to reproduce this bug locally.\nWhen you fix this bug, please\n  * mention the fix revision(s).\n  * state whether the bug was a short-lived regression or an old bug in any stable releases.\n  * add any other useful information.\nThis information can help downstream consumers.\n\nIf you need to contact the OSS-Fuzz team with a question, concern, or any other feedback, please file an issue at https://github.com/google/oss-fuzz/issues. Comments on individual Monorail issues are not monitored.\n\nThis bug is subject to a 90 day disclosure deadline. If 90 days elapse\nwithout an upstream patch, then the bug report will automatically\nbecome visible to the public.",
                "descriptionNum": 1
            },
            {
                "projectName": "oss-fuzz",
                "localId": 65172,
                "sequenceNum": 1,
                "commenter": {
                    "userId": "1950284618",
                    "displayName": "sheriffbot"
                },
                "timestamp": 1703016520,
                "amendments": [
                    {
                        "fieldName": "Labels",
                        "newOrDeltaValue": "Disclosure-2024-03-18"
                    }
                ]
            },
            {
                "projectName": "oss-fuzz",
                "localId": 65172,
                "sequenceNum": 2,
                "commenter": {
                    "userId": "382749006",
                    "displayName": "ClusterFuzz-External"
                },
                "timestamp": 1704875649,
                "content": "ClusterFuzz testcase 4957873016537088 is verified as fixed in https://oss-fuzz.com/revisions?job=libfuzzer_msan_libavc&range=202401090619:202401100609\n\nIf this is incorrect, please file a bug on https://github.com/google/oss-fuzz/issues/new",
                "amendments": [
                    {
                        "fieldName": "Status",
                        "newOrDeltaValue": "Verified",
                        "oldValue": "New"
                    },
                    {
                        "fieldName": "Labels",
                        "newOrDeltaValue": "ClusterFuzz-Verified"
                    }
                ]
            },
            {
                "projectName": "oss-fuzz",
                "localId": 65172,
                "sequenceNum": 3,
                "commenter": {
                    "userId": "1950284618",
                    "displayName": "sheriffbot"
                },
                "timestamp": 1704917038,
                "content": "This bug has been fixed. It has been opened to the public.\n\n- Your friendly Sheriffbot",
                "amendments": [
                    {
                        "fieldName": "Labels",
                        "newOrDeltaValue": "-restrict-view-commit"
                    }
                ]
            }
        ]
    },
    "fix_commit": "28727baf58aa7c8983769aff1ceecb3121a26ee6",
    "repo_addr": "https://github.com/ittiam-systems/libavc.git"
}