{
    "fix": "https://github.com/xiph/flac/commit/2e7931c27eb15e387da440a37f12437e35b22dd4",
    "verify": "0",
    "localId": 17069,
    "project": "flac",
    "fuzzer": "libfuzzer",
    "sanitizer": "asan",
    "crash_type": "Heap-buffer-overflow READ 4",
    "severity": "Medium",
    "report": {
        "comments": [
            {
                "localId": 17069,
                "descriptionNum": 1,
                "projectName": "oss-fuzz",
                "commenter": {
                    "displayName": "ClusterFuzz-External",
                    "userId": "382749006"
                },
                "content": "Detailed Report: https://oss-fuzz.com/testcase?key=5670265022840832\n\nProject: flac\nFuzzing Engine: libFuzzer\nFuzz Target: fuzzer_decoder\nJob Type: libfuzzer_asan_flac\nPlatform Id: linux\n\nCrash Type: Heap-buffer-overflow READ 4\nCrash Address: 0x625000002100\nCrash State:\n  FLAC__bitreader_read_rice_signed_block\n  read_residual_partitioned_rice_\n  read_subframe_lpc_\n  \nSanitizer: address (ASAN)\n\nRecommended Security Severity: Medium\n\nCrash Revision: https://oss-fuzz.com/revisions?job=libfuzzer_asan_flac&revision=201909080146\n\nReproducer Testcase: https://oss-fuzz.com/download?testcase_id=5670265022840832\n\nIssue filed automatically.\n\nSee https://google.github.io/oss-fuzz/advanced-topics/reproducing for instructions to reproduce this bug locally.\n\nThis bug is subject to a 90 day disclosure deadline. If 90 days elapse\nwithout an upstream patch, then the bug report will automatically\nbecome visible to the public.",
                "timestamp": 1567947137
            },
            {
                "localId": 17069,
                "projectName": "oss-fuzz",
                "commenter": {
                    "displayName": "erik....@gmail.com",
                    "userId": "2142628175"
                },
                "content": "commit 2e7931c27eb15e387da440a37f12437e35b22dd4\nAuthor: Erik de Castro Lopo <erikd@mega-nerd.com>\nDate:   Mon Oct 7 12:55:58 2019 +1100\n\n    libFLAC/bitreader.c: Fix out-of-bounds read\n    \n    Credit: Oss-Fuzz\n    Issue: https://bugs.chromium.org/p/oss-fuzz/issues/detail?id=17069\n    Testcase: fuzzer_decoder-5670265022840832\n",
                "sequenceNum": 1,
                "timestamp": 1570487218
            },
            {
                "amendments": [
                    {
                        "fieldName": "Status",
                        "oldValue": "New",
                        "newOrDeltaValue": "Verified"
                    },
                    {
                        "fieldName": "Labels",
                        "newOrDeltaValue": "ClusterFuzz-Verified"
                    }
                ],
                "localId": 17069,
                "projectName": "oss-fuzz",
                "commenter": {
                    "displayName": "ClusterFuzz-External",
                    "userId": "382749006"
                },
                "content": "ClusterFuzz testcase 5670265022840832 is verified as fixed in https://oss-fuzz.com/revisions?job=libfuzzer_asan_flac&range=201910070146:201910080147\n\nIf this is incorrect, please file a bug on https://github.com/google/oss-fuzz/issues/new",
                "sequenceNum": 2,
                "timestamp": 1570545181
            },
            {
                "amendments": [
                    {
                        "fieldName": "Labels",
                        "newOrDeltaValue": "-restrict-view-commit"
                    }
                ],
                "localId": 17069,
                "projectName": "oss-fuzz",
                "commenter": {
                    "displayName": "sheriffbot@chromium.org",
                    "userId": "4164592774"
                },
                "content": "This bug has been fixed for 30 days. It has been opened to the public.\n\n- Your friendly Sheriffbot",
                "sequenceNum": 3,
                "timestamp": 1573231193
            }
        ]
    },
    "fix_commit": "2e7931c27eb15e387da440a37f12437e35b22dd4",
    "repo_addr": "https://github.com/xiph/flac.git"
}