{
    "fix": "https://github.com/xiph/flac/commit/5663f11795e396511ba895fb80b221e5c370f3b2",
    "verify": "0",
    "localId": 53454,
    "project": "flac",
    "fuzzer": "libfuzzer",
    "sanitizer": "asan",
    "crash_type": "Stack-buffer-overflow WRITE 8",
    "severity": "High",
    "report": {
        "comments": [
            {
                "projectName": "oss-fuzz",
                "localId": 53454,
                "commenter": {
                    "userId": "382749006",
                    "displayName": "ClusterFuzz-External"
                },
                "timestamp": 1668621834,
                "content": "Detailed Report: https://oss-fuzz.com/testcase?key=5057290365698048\n\nProject: flac\nFuzzing Engine: libFuzzer\nFuzz Target: fuzzer_reencoder\nJob Type: libfuzzer_asan_flac\nPlatform Id: linux\n\nCrash Type: Stack-buffer-overflow WRITE 8\nCrash Address: 0x7ffcf1a7c498\nCrash State:\n  FLAC::Decoder::FuzzerDecoder::metadata_callback\n  FLAC::Decoder::Stream::metadata_callback_\n  read_metadata_\n  \nSanitizer: address (ASAN)\n\nRecommended Security Severity: High\n\nRegressed: https://oss-fuzz.com/revisions?job=libfuzzer_asan_flac&range=202211150607:202211160605\n\nReproducer Testcase: https://oss-fuzz.com/download?testcase_id=5057290365698048\n\nIssue filed automatically.\n\nSee https://google.github.io/oss-fuzz/advanced-topics/reproducing for instructions to reproduce this bug locally.\nWhen you fix this bug, please\n  * mention the fix revision(s).\n  * state whether the bug was a short-lived regression or an old bug in any stable releases.\n  * add any other useful information.\nThis information can help downstream consumers.\n\nIf you need to contact the OSS-Fuzz team with a question, concern, or any other feedback, please file an issue at https://github.com/google/oss-fuzz/issues. Comments on individual Monorail issues are not monitored.\n\nThis bug is subject to a 90 day disclosure deadline. If 90 days elapse\nwithout an upstream patch, then the bug report will automatically\nbecome visible to the public.",
                "descriptionNum": 1
            },
            {
                "projectName": "oss-fuzz",
                "localId": 53454,
                "sequenceNum": 1,
                "commenter": {
                    "userId": "1950284618",
                    "displayName": "sheriffbot"
                },
                "timestamp": 1668628938,
                "amendments": [
                    {
                        "fieldName": "Labels",
                        "newOrDeltaValue": "Disclosure-2023-02-14"
                    }
                ]
            },
            {
                "projectName": "oss-fuzz",
                "localId": 53454,
                "sequenceNum": 2,
                "commenter": {
                    "userId": "382749006",
                    "displayName": "ClusterFuzz-External"
                },
                "timestamp": 1668700044,
                "content": "ClusterFuzz testcase 5057290365698048 is verified as fixed in https://oss-fuzz.com/revisions?job=libfuzzer_asan_flac&range=202211160605:202211170613\n\nIf this is incorrect, please file a bug on https://github.com/google/oss-fuzz/issues/new",
                "amendments": [
                    {
                        "fieldName": "Status",
                        "newOrDeltaValue": "Verified",
                        "oldValue": "New"
                    },
                    {
                        "fieldName": "Labels",
                        "newOrDeltaValue": "ClusterFuzz-Verified"
                    }
                ]
            },
            {
                "projectName": "oss-fuzz",
                "localId": 53454,
                "sequenceNum": 3,
                "commenter": {
                    "userId": "1950284618",
                    "displayName": "sheriffbot"
                },
                "timestamp": 1668714730,
                "content": "This bug has been fixed. It has been opened to the public.\n\n- Your friendly Sheriffbot",
                "amendments": [
                    {
                        "fieldName": "Labels",
                        "newOrDeltaValue": "-restrict-view-commit"
                    }
                ]
            }
        ]
    },
    "fix_commit": "5663f11795e396511ba895fb80b221e5c370f3b2",
    "repo_addr": "https://github.com/xiph/flac.git"
}