{
    "fix": "https://github.com/xiph/flac/commit/147cfc8df424b3b4fe6cc15a37d8ab9f3320dcd6",
    "verify": "0",
    "localId": 57354,
    "project": "flac",
    "fuzzer": "afl",
    "sanitizer": "asan",
    "crash_type": "Heap-use-after-free READ 4",
    "severity": "High",
    "report": {
        "comments": [
            {
                "projectName": "oss-fuzz",
                "localId": 57354,
                "commenter": {
                    "userId": "382749006",
                    "displayName": "ClusterFuzz-External"
                },
                "timestamp": 1679571715,
                "content": "Detailed Report: https://oss-fuzz.com/testcase?key=4908215128424448\n\nProject: flac\nFuzzing Engine: afl\nFuzz Target: fuzzer_tool_flac\nJob Type: afl_asan_flac\nPlatform Id: linux\n\nCrash Type: Heap-use-after-free READ 4\nCrash Address: 0x6150005d0780\nCrash State:\n  flac__analyze_frame\n  write_callback\n  write_audio_frame_to_client_\n  \nSanitizer: address (ASAN)\n\nRecommended Security Severity: High\n\nRegressed: https://oss-fuzz.com/revisions?job=afl_asan_flac&range=202303090607:202303100616\n\nReproducer Testcase: https://oss-fuzz.com/download?testcase_id=4908215128424448\n\nIssue filed automatically.\n\nSee https://google.github.io/oss-fuzz/advanced-topics/reproducing for instructions to reproduce this bug locally.\nWhen you fix this bug, please\n  * mention the fix revision(s).\n  * state whether the bug was a short-lived regression or an old bug in any stable releases.\n  * add any other useful information.\nThis information can help downstream consumers.\n\nIf you need to contact the OSS-Fuzz team with a question, concern, or any other feedback, please file an issue at https://github.com/google/oss-fuzz/issues. Comments on individual Monorail issues are not monitored.\n\nThis bug is subject to a 90 day disclosure deadline. If 90 days elapse\nwithout an upstream patch, then the bug report will automatically\nbecome visible to the public.",
                "descriptionNum": 1
            },
            {
                "projectName": "oss-fuzz",
                "localId": 57354,
                "sequenceNum": 1,
                "commenter": {
                    "userId": "1950284618",
                    "displayName": "sheriffbot"
                },
                "timestamp": 1679597900,
                "amendments": [
                    {
                        "fieldName": "Labels",
                        "newOrDeltaValue": "Disclosure-2023-06-21"
                    }
                ]
            },
            {
                "projectName": "oss-fuzz",
                "localId": 57354,
                "sequenceNum": 2,
                "commenter": {
                    "userId": "382749006",
                    "displayName": "ClusterFuzz-External"
                },
                "timestamp": 1682433226,
                "content": "ClusterFuzz testcase 4908215128424448 is verified as fixed in https://oss-fuzz.com/revisions?job=afl_asan_flac&range=202304240609:202304250611\n\nIf this is incorrect, please file a bug on https://github.com/google/oss-fuzz/issues/new",
                "amendments": [
                    {
                        "fieldName": "Status",
                        "newOrDeltaValue": "Verified",
                        "oldValue": "New"
                    },
                    {
                        "fieldName": "Labels",
                        "newOrDeltaValue": "ClusterFuzz-Verified"
                    }
                ]
            },
            {
                "projectName": "oss-fuzz",
                "localId": 57354,
                "sequenceNum": 3,
                "commenter": {
                    "userId": "1950284618",
                    "displayName": "sheriffbot"
                },
                "timestamp": 1682448280,
                "content": "This bug has been fixed. It has been opened to the public.\n\n- Your friendly Sheriffbot",
                "amendments": [
                    {
                        "fieldName": "Labels",
                        "newOrDeltaValue": "-restrict-view-commit"
                    }
                ]
            }
        ]
    },
    "fix_commit": "147cfc8df424b3b4fe6cc15a37d8ab9f3320dcd6",
    "repo_addr": "https://github.com/xiph/flac.git"
}