{
    "localId": 20120,
    "project": "arrow",
    "fix": "https://github.com/apache/arrow/commit/724da320eaac94003a8f1229d6a820fe8c8c1816",
    "verify": "0",
    "fuzzer": "afl",
    "sanitizer": "asan",
    "crash_type": "Heap-use-after-free READ 8",
    "severity": "High",
    "report": {
        "comments": [
            {
                "localId": 20120,
                "descriptionNum": 1,
                "projectName": "oss-fuzz",
                "commenter": {
                    "displayName": "ClusterFuzz-External",
                    "userId": "382749006"
                },
                "content": "Detailed Report: https://oss-fuzz.com/testcase?key=5713881930661888\n\nProject: arrow\nFuzzing Engine: afl\nFuzz Target: arrow-ipc-stream-fuzz\nJob Type: afl_asan_arrow\nPlatform Id: linux\n\nCrash Type: Heap-use-after-free READ 8\nCrash Address: 0x62d001776978\nCrash State:\n  arrow::internal::CountSetBits\n  arrow::Array::null_count\n  arrow::internal::ValidateArray\n  \nSanitizer: address (ASAN)\n\nRecommended Security Severity: High\n\nCrash Revision: https://oss-fuzz.com/revisions?job=afl_asan_arrow&revision=202001160242\n\nReproducer Testcase: https://oss-fuzz.com/download?testcase_id=5713881930661888\n\nIssue filed automatically.\n\nSee https://google.github.io/oss-fuzz/advanced-topics/reproducing for instructions to reproduce this bug locally.\nWhen you fix this bug, please\n  * mention the fix revision(s).\n  * state whether the bug was a short-lived regression or an old bug in any stable releases.\n  * add any other useful information.\nThis information can help downstream consumers.\n\nIf you need to contact the OSS-Fuzz team with a question, concern, or any other feedback, please file an issue at https://github.com/google/oss-fuzz/issues. Comments on individual Monorail issues are not monitored.\n\nThis bug is subject to a 90 day disclosure deadline. If 90 days elapse\nwithout an upstream patch, then the bug report will automatically\nbecome visible to the public.",
                "timestamp": 1579149026
            },
            {
                "amendments": [
                    {
                        "fieldName": "Cc",
                        "newOrDeltaValue": "micahk@google.com emkor...@gmail.com"
                    }
                ],
                "localId": 20120,
                "projectName": "oss-fuzz",
                "commenter": {
                    "displayName": "ClusterFuzz-External",
                    "userId": "382749006"
                },
                "sequenceNum": 1,
                "timestamp": 1579194619
            },
            {
                "amendments": [
                    {
                        "fieldName": "Cc",
                        "newOrDeltaValue": "bengi...@gmail.com a_deleted_user szucs...@gmail.com fsain...@gmail.com"
                    }
                ],
                "localId": 20120,
                "projectName": "oss-fuzz",
                "commenter": {
                    "displayName": "ClusterFuzz-External",
                    "userId": "382749006"
                },
                "sequenceNum": 2,
                "timestamp": 1579220386
            },
            {
                "amendments": [
                    {
                        "fieldName": "Status",
                        "oldValue": "New",
                        "newOrDeltaValue": "Verified"
                    },
                    {
                        "fieldName": "Labels",
                        "newOrDeltaValue": "ClusterFuzz-Verified"
                    }
                ],
                "localId": 20120,
                "projectName": "oss-fuzz",
                "commenter": {
                    "displayName": "ClusterFuzz-External",
                    "userId": "382749006"
                },
                "content": "ClusterFuzz testcase 5713881930661888 is verified as fixed in https://oss-fuzz.com/revisions?job=afl_asan_arrow&range=202001160242:202001170244\n\nIf this is incorrect, please file a bug on https://github.com/google/oss-fuzz/issues/new",
                "sequenceNum": 3,
                "timestamp": 1579274109
            },
            {
                "localId": 20120,
                "projectName": "oss-fuzz",
                "commenter": {
                    "displayName": "anto...@python.org",
                    "userId": "494287860"
                },
                "content": "Fixed in https://github.com/apache/arrow/pull/6213\nThis was probably a long-standing issue.\n",
                "sequenceNum": 4,
                "timestamp": 1579516029
            },
            {
                "amendments": [
                    {
                        "fieldName": "Labels",
                        "newOrDeltaValue": "-restrict-view-commit"
                    }
                ],
                "localId": 20120,
                "projectName": "oss-fuzz",
                "commenter": {
                    "displayName": "sheriffbot",
                    "userId": "1950284618"
                },
                "content": "This bug has been fixed for 30 days. It has been opened to the public.\n\n- Your friendly Sheriffbot",
                "sequenceNum": 5,
                "timestamp": 1581877154
            }
        ]
    },
    "fix_commit": "724da320eaac94003a8f1229d6a820fe8c8c1816",
    "repo_addr": "https://github.com/apache/arrow.git"
}