{
    "fix": "https://github.com/apache/arrow/commit/a6307cc8a0127a4852b7d3d2c20940a094eed0d6",
    "verify": "0",
    "localId": 20217,
    "project": "arrow",
    "fuzzer": "libfuzzer",
    "sanitizer": "ubsan",
    "crash_type": "Object-size",
    "severity": "Medium",
    "report": {
        "comments": [
            {
                "projectName": "oss-fuzz",
                "localId": 20217,
                "commenter": {
                    "userId": "382749006",
                    "displayName": "ClusterFuzz-External"
                },
                "timestamp": 1579384290,
                "content": "Detailed Report: https://oss-fuzz.com/testcase?key=5634103970103296\n\nProject: arrow\nFuzzing Engine: libFuzzer\nFuzz Target: arrow-ipc-stream-fuzz\nJob Type: libfuzzer_ubsan_arrow\nPlatform Id: linux\n\nCrash Type: Object-size\nCrash Address: \nCrash State:\n  arrow::UnionType::UnionType\n  std::__1::__shared_ptr_emplace<arrow::UnionType, std::__1::allocator<arrow::Unio\n  (is_array<arrow::UnionType>::value),\n  \nSanitizer: undefined (UBSAN)\n\nRecommended Security Severity: Medium\n\nCrash Revision: https://oss-fuzz.com/revisions?job=libfuzzer_ubsan_arrow&revision=202001180244\n\nReproducer Testcase: https://oss-fuzz.com/download?testcase_id=5634103970103296\n\nIssue filed automatically.\n\nSee https://google.github.io/oss-fuzz/advanced-topics/reproducing for instructions to reproduce this bug locally.\nWhen you fix this bug, please\n  * mention the fix revision(s).\n  * state whether the bug was a short-lived regression or an old bug in any stable releases.\n  * add any other useful information.\nThis information can help downstream consumers.\n\nIf you need to contact the OSS-Fuzz team with a question, concern, or any other feedback, please file an issue at https://github.com/google/oss-fuzz/issues. Comments on individual Monorail issues are not monitored.\n\nThis bug is subject to a 90 day disclosure deadline. If 90 days elapse\nwithout an upstream patch, then the bug report will automatically\nbecome visible to the public.",
                "descriptionNum": 1
            },
            {
                "projectName": "oss-fuzz",
                "localId": 20217,
                "sequenceNum": 1,
                "commenter": {
                    "userId": "4164592774",
                    "displayName": "sheriffbot@chromium.org"
                },
                "timestamp": 1579452481,
                "amendments": [
                    {
                        "fieldName": "Labels",
                        "newOrDeltaValue": "Disclosure-2020-04-17"
                    }
                ]
            },
            {
                "projectName": "oss-fuzz",
                "localId": 20217,
                "sequenceNum": 2,
                "commenter": {
                    "userId": "382749006",
                    "displayName": "ClusterFuzz-External"
                },
                "timestamp": 1579621578,
                "content": "ClusterFuzz testcase 5634103970103296 is verified as fixed in https://oss-fuzz.com/revisions?job=libfuzzer_ubsan_arrow&range=202001200241:202001210242\n\nIf this is incorrect, please file a bug on https://github.com/google/oss-fuzz/issues/new",
                "amendments": [
                    {
                        "fieldName": "Status",
                        "newOrDeltaValue": "Verified",
                        "oldValue": "New"
                    },
                    {
                        "fieldName": "Labels",
                        "newOrDeltaValue": "ClusterFuzz-Verified"
                    }
                ]
            },
            {
                "projectName": "oss-fuzz",
                "localId": 20217,
                "sequenceNum": 3,
                "commenter": {
                    "userId": "494287860",
                    "displayName": "anto...@python.org"
                },
                "timestamp": 1579627538,
                "content": "Fixed in https://github.com/apache/arrow/pull/6230. This was probably a long-standing issue."
            },
            {
                "projectName": "oss-fuzz",
                "localId": 20217,
                "sequenceNum": 4,
                "commenter": {
                    "userId": "1950284618",
                    "displayName": "sheriffbot"
                },
                "timestamp": 1582222853,
                "content": "This bug has been fixed for 30 days. It has been opened to the public.\n\n- Your friendly Sheriffbot",
                "amendments": [
                    {
                        "fieldName": "Labels",
                        "newOrDeltaValue": "-restrict-view-commit"
                    }
                ]
            }
        ]
    },
    "fix_commit": "a6307cc8a0127a4852b7d3d2c20940a094eed0d6",
    "repo_addr": "https://github.com/apache/arrow.git"
}