{
    "fix": "https://github.com/apache/arrow/commit/cb2cf2f2a4714d161535837d90b025feef5bca5c",
    "verify": "0",
    "localId": 23848,
    "project": "arrow",
    "fuzzer": "afl",
    "sanitizer": "asan",
    "crash_type": "Heap-buffer-overflow READ {*}",
    "severity": "Medium",
    "report": {
        "comments": [
            {
                "projectName": "oss-fuzz",
                "localId": 23848,
                "commenter": {
                    "userId": "382749006",
                    "displayName": "ClusterFuzz-External"
                },
                "timestamp": 1593678750,
                "content": "Detailed Report: https://oss-fuzz.com/testcase?key=5760568177983488\n\nProject: arrow\nFuzzing Engine: afl\nFuzz Target: arrow-ipc-file-fuzz\nJob Type: afl_asan_arrow\nPlatform Id: linux\n\nCrash Type: Heap-buffer-overflow READ {*}\nCrash Address: 0x60a000000080\nCrash State:\n  arrow::ConcatenateBuffers\n  arrow::ConcatenateImpl::Visit\n  arrow::Status arrow::VisitTypeInline<arrow::ConcatenateImpl>\n  \nSanitizer: address (ASAN)\n\nRecommended Security Severity: Medium\n\nRegressed: https://oss-fuzz.com/revisions?job=afl_asan_arrow&range=202007010158:202007020156\n\nReproducer Testcase: https://oss-fuzz.com/download?testcase_id=5760568177983488\n\nIssue filed automatically.\n\nSee https://google.github.io/oss-fuzz/advanced-topics/reproducing for instructions to reproduce this bug locally.\nWhen you fix this bug, please\n  * mention the fix revision(s).\n  * state whether the bug was a short-lived regression or an old bug in any stable releases.\n  * add any other useful information.\nThis information can help downstream consumers.\n\nIf you need to contact the OSS-Fuzz team with a question, concern, or any other feedback, please file an issue at https://github.com/google/oss-fuzz/issues. Comments on individual Monorail issues are not monitored.\n\nThis bug is subject to a 90 day disclosure deadline. If 90 days elapse\nwithout an upstream patch, then the bug report will automatically\nbecome visible to the public.",
                "descriptionNum": 1
            },
            {
                "projectName": "oss-fuzz",
                "localId": 23848,
                "sequenceNum": 1,
                "commenter": {
                    "userId": "1950284618",
                    "displayName": "sheriffbot"
                },
                "timestamp": 1593720636,
                "amendments": [
                    {
                        "fieldName": "Labels",
                        "newOrDeltaValue": "Disclosure-2020-09-30"
                    }
                ]
            },
            {
                "projectName": "oss-fuzz",
                "localId": 23848,
                "sequenceNum": 2,
                "commenter": {
                    "userId": "382749006",
                    "displayName": "ClusterFuzz-External"
                },
                "timestamp": 1593786332,
                "content": "ClusterFuzz testcase 5760568177983488 is verified as fixed in https://oss-fuzz.com/revisions?job=afl_asan_arrow&range=202007020156:202007030200\n\nIf this is incorrect, please file a bug on https://github.com/google/oss-fuzz/issues/new",
                "amendments": [
                    {
                        "fieldName": "Status",
                        "newOrDeltaValue": "Verified",
                        "oldValue": "New"
                    },
                    {
                        "fieldName": "Labels",
                        "newOrDeltaValue": "ClusterFuzz-Verified"
                    }
                ]
            },
            {
                "projectName": "oss-fuzz",
                "localId": 23848,
                "sequenceNum": 3,
                "commenter": {
                    "userId": "1950284618",
                    "displayName": "sheriffbot"
                },
                "timestamp": 1596398787,
                "content": "This bug has been fixed for 30 days. It has been opened to the public.\n\n- Your friendly Sheriffbot",
                "amendments": [
                    {
                        "fieldName": "Labels",
                        "newOrDeltaValue": "-restrict-view-commit"
                    }
                ]
            }
        ]
    },
    "fix_commit": "cb2cf2f2a4714d161535837d90b025feef5bca5c",
    "repo_addr": "https://github.com/apache/arrow.git"
}