{
    "fix": "https://github.com/apache/arrow/commit/52afc10adc0c65e3c999665fad28ce78944e23b0",
    "verify": "0",
    "localId": 23916,
    "project": "arrow",
    "fuzzer": "afl",
    "sanitizer": "asan",
    "crash_type": "Heap-buffer-overflow READ 4",
    "severity": "Medium",
    "report": {
        "comments": [
            {
                "projectName": "oss-fuzz",
                "localId": 23916,
                "commenter": {
                    "userId": "382749006",
                    "displayName": "ClusterFuzz-External"
                },
                "timestamp": 1593944808,
                "content": "Detailed Report: https://oss-fuzz.com/testcase?key=6440533038989312\n\nProject: arrow\nFuzzing Engine: afl\nFuzz Target: arrow-ipc-stream-fuzz\nJob Type: afl_asan_arrow\nPlatform Id: linux\n\nCrash Type: Heap-buffer-overflow READ 4\nCrash Address: 0x6190000009ac\nCrash State:\n  arrow::Status arrow::ConcatenateOffsets<int>\n  arrow::ConcatenateImpl::Visit\n  arrow::Status arrow::VisitTypeInline<arrow::ConcatenateImpl>\n  \nSanitizer: address (ASAN)\n\nRecommended Security Severity: Medium\n\nRegressed: https://oss-fuzz.com/revisions?job=afl_asan_arrow&range=202007010158:202007020156\n\nReproducer Testcase: https://oss-fuzz.com/download?testcase_id=6440533038989312\n\nIssue filed automatically.\n\nSee https://google.github.io/oss-fuzz/advanced-topics/reproducing for instructions to reproduce this bug locally.\nWhen you fix this bug, please\n  * mention the fix revision(s).\n  * state whether the bug was a short-lived regression or an old bug in any stable releases.\n  * add any other useful information.\nThis information can help downstream consumers.\n\nIf you need to contact the OSS-Fuzz team with a question, concern, or any other feedback, please file an issue at https://github.com/google/oss-fuzz/issues. Comments on individual Monorail issues are not monitored.\n\nThis bug is subject to a 90 day disclosure deadline. If 90 days elapse\nwithout an upstream patch, then the bug report will automatically\nbecome visible to the public.",
                "descriptionNum": 1
            },
            {
                "projectName": "oss-fuzz",
                "localId": 23916,
                "sequenceNum": 1,
                "commenter": {
                    "userId": "1950284618",
                    "displayName": "sheriffbot"
                },
                "timestamp": 1593979593,
                "amendments": [
                    {
                        "fieldName": "Labels",
                        "newOrDeltaValue": "Disclosure-2020-10-05"
                    }
                ]
            },
            {
                "projectName": "oss-fuzz",
                "localId": 23916,
                "sequenceNum": 2,
                "commenter": {
                    "userId": "382749006",
                    "displayName": "ClusterFuzz-External"
                },
                "timestamp": 1594393019,
                "content": "ClusterFuzz testcase 6440533038989312 is verified as fixed in https://oss-fuzz.com/revisions?job=afl_asan_arrow&range=202007080156:202007092057\n\nIf this is incorrect, please file a bug on https://github.com/google/oss-fuzz/issues/new",
                "amendments": [
                    {
                        "fieldName": "Status",
                        "newOrDeltaValue": "Verified",
                        "oldValue": "New"
                    },
                    {
                        "fieldName": "Labels",
                        "newOrDeltaValue": "ClusterFuzz-Verified"
                    }
                ]
            },
            {
                "projectName": "oss-fuzz",
                "localId": 23916,
                "sequenceNum": 3,
                "commenter": {
                    "userId": "1950284618",
                    "displayName": "sheriffbot"
                },
                "timestamp": 1597003525,
                "content": "This bug has been fixed for 30 days. It has been opened to the public.\n\n- Your friendly Sheriffbot",
                "amendments": [
                    {
                        "fieldName": "Labels",
                        "newOrDeltaValue": "-restrict-view-commit"
                    }
                ]
            }
        ]
    },
    "fix_commit": "52afc10adc0c65e3c999665fad28ce78944e23b0",
    "repo_addr": "https://github.com/apache/arrow.git"
}