{
    "fix": "https://github.com/apache/arrow/commit/64396aa487fc24cd26b62a9b92e13a952c6ecf74",
    "verify": "0",
    "localId": 26829,
    "project": "arrow",
    "fuzzer": "afl",
    "sanitizer": "asan",
    "crash_type": "Heap-buffer-overflow WRITE 1",
    "severity": "High",
    "report": {
        "comments": [
            {
                "projectName": "oss-fuzz",
                "localId": 26829,
                "commenter": {
                    "userId": "382749006",
                    "displayName": "ClusterFuzz-External"
                },
                "timestamp": 1604172906,
                "content": "Detailed Report: https://oss-fuzz.com/testcase?key=5741282380742656\n\nProject: arrow\nFuzzing Engine: afl\nFuzz Target: parquet-arrow-fuzz\nJob Type: afl_asan_arrow\nPlatform Id: linux\n\nCrash Type: Heap-buffer-overflow WRITE 1\nCrash Address: 0x610000002fc0\nCrash State:\n  void parquet::internal::DefRepLevelsToListInfo<int>\n  parquet::internal::DefRepLevelsToBitmap\n  parquet::arrow::StructReader::BuildArray\n  \nSanitizer: address (ASAN)\n\nRecommended Security Severity: High\n\nRegressed: https://oss-fuzz.com/revisions?job=afl_asan_arrow&range=202009210624:202009220601\n\nReproducer Testcase: https://oss-fuzz.com/download?testcase_id=5741282380742656\n\nIssue filed automatically.\n\nSee https://google.github.io/oss-fuzz/advanced-topics/reproducing for instructions to reproduce this bug locally.\nWhen you fix this bug, please\n  * mention the fix revision(s).\n  * state whether the bug was a short-lived regression or an old bug in any stable releases.\n  * add any other useful information.\nThis information can help downstream consumers.\n\nIf you need to contact the OSS-Fuzz team with a question, concern, or any other feedback, please file an issue at https://github.com/google/oss-fuzz/issues. Comments on individual Monorail issues are not monitored.\n\nThis bug is subject to a 90 day disclosure deadline. If 90 days elapse\nwithout an upstream patch, then the bug report will automatically\nbecome visible to the public.",
                "descriptionNum": 1
            },
            {
                "projectName": "oss-fuzz",
                "localId": 26829,
                "sequenceNum": 1,
                "commenter": {
                    "userId": "1950284618",
                    "displayName": "sheriffbot"
                },
                "timestamp": 1604260987,
                "amendments": [
                    {
                        "fieldName": "Labels",
                        "newOrDeltaValue": "Disclosure-2021-01-29"
                    }
                ]
            },
            {
                "projectName": "oss-fuzz",
                "localId": 26829,
                "sequenceNum": 2,
                "commenter": {
                    "userId": "382749006",
                    "displayName": "ClusterFuzz-External"
                },
                "timestamp": 1605109196,
                "content": "ClusterFuzz testcase 5741282380742656 is verified as fixed in https://oss-fuzz.com/revisions?job=afl_asan_arrow&range=202011100627:202011110609\n\nIf this is incorrect, please file a bug on https://github.com/google/oss-fuzz/issues/new",
                "amendments": [
                    {
                        "fieldName": "Status",
                        "newOrDeltaValue": "Verified",
                        "oldValue": "New"
                    },
                    {
                        "fieldName": "Labels",
                        "newOrDeltaValue": "ClusterFuzz-Verified"
                    }
                ]
            },
            {
                "projectName": "oss-fuzz",
                "localId": 26829,
                "sequenceNum": 3,
                "commenter": {
                    "userId": "1950284618",
                    "displayName": "sheriffbot"
                },
                "timestamp": 1607802831,
                "content": "This bug has been fixed for 30 days. It has been opened to the public.\n\n- Your friendly Sheriffbot",
                "amendments": [
                    {
                        "fieldName": "Labels",
                        "newOrDeltaValue": "-restrict-view-commit"
                    }
                ]
            }
        ]
    },
    "fix_commit": "64396aa487fc24cd26b62a9b92e13a952c6ecf74",
    "repo_addr": "https://github.com/apache/arrow.git"
}