{
    "fix": "https://github.com/apache/arrow/commit/be13bf50fe00f0f4c2d065a61db189d6c59b1f7b",
    "verify": "0",
    "localId": 27475,
    "project": "arrow",
    "fuzzer": "libfuzzer",
    "sanitizer": "asan",
    "crash_type": "Global-buffer-overflow READ 4",
    "report": {
        "comments": [
            {
                "projectName": "oss-fuzz",
                "localId": 27475,
                "commenter": {
                    "userId": "382749006",
                    "displayName": "ClusterFuzz-External"
                },
                "timestamp": 1605346940,
                "content": "Detailed Report: https://oss-fuzz.com/testcase?key=5151909853528064\n\nProject: arrow\nFuzzing Engine: libFuzzer\nFuzz Target: arrow-ipc-stream-fuzz\nJob Type: libfuzzer_asan_arrow\nPlatform Id: linux\n\nCrash Type: Global-buffer-overflow READ 4\nCrash Address: 0x000002308938\nCrash State:\n  arrow::Status arrow::internal::ValidateArrayFullImpl::ValidateListLike<arrow::Li\n  arrow::internal::ValidateArrayFullImpl::ValidateWithType\n  arrow::internal::ValidateArrayFull\n  \nSanitizer: address (ASAN)\n\nRegressed: https://oss-fuzz.com/revisions?job=libfuzzer_asan_arrow&range=202011130619:202011140600\n\nReproducer Testcase: https://oss-fuzz.com/download?testcase_id=5151909853528064\n\nIssue filed automatically.\n\nSee https://google.github.io/oss-fuzz/advanced-topics/reproducing for instructions to reproduce this bug locally.\nWhen you fix this bug, please\n  * mention the fix revision(s).\n  * state whether the bug was a short-lived regression or an old bug in any stable releases.\n  * add any other useful information.\nThis information can help downstream consumers.\n\nIf you need to contact the OSS-Fuzz team with a question, concern, or any other feedback, please file an issue at https://github.com/google/oss-fuzz/issues. Comments on individual Monorail issues are not monitored.\n\nThis bug is subject to a 90 day disclosure deadline. If 90 days elapse\nwithout an upstream patch, then the bug report will automatically\nbecome visible to the public.",
                "descriptionNum": 1
            },
            {
                "projectName": "oss-fuzz",
                "localId": 27475,
                "sequenceNum": 1,
                "commenter": {
                    "userId": "1950284618",
                    "displayName": "sheriffbot"
                },
                "timestamp": 1605384198,
                "amendments": [
                    {
                        "fieldName": "Labels",
                        "newOrDeltaValue": "Disclosure-2021-02-12"
                    }
                ]
            },
            {
                "projectName": "oss-fuzz",
                "localId": 27475,
                "sequenceNum": 2,
                "commenter": {
                    "userId": "382749006",
                    "displayName": "ClusterFuzz-External"
                },
                "timestamp": 1605973606,
                "content": "ClusterFuzz testcase 5151909853528064 is verified as fixed in https://oss-fuzz.com/revisions?job=libfuzzer_asan_arrow&range=202011200619:202011210627\n\nIf this is incorrect, please file a bug on https://github.com/google/oss-fuzz/issues/new",
                "amendments": [
                    {
                        "fieldName": "Status",
                        "newOrDeltaValue": "Verified",
                        "oldValue": "New"
                    },
                    {
                        "fieldName": "Labels",
                        "newOrDeltaValue": "ClusterFuzz-Verified"
                    }
                ]
            },
            {
                "projectName": "oss-fuzz",
                "localId": 27475,
                "sequenceNum": 3,
                "commenter": {
                    "userId": "1950284618",
                    "displayName": "sheriffbot"
                },
                "timestamp": 1608580423,
                "content": "This bug has been fixed for 30 days. It has been opened to the public.\n\n- Your friendly Sheriffbot",
                "amendments": [
                    {
                        "fieldName": "Labels",
                        "newOrDeltaValue": "-restrict-view-commit"
                    }
                ]
            }
        ]
    },
    "fix_commit": "be13bf50fe00f0f4c2d065a61db189d6c59b1f7b",
    "repo_addr": "https://github.com/apache/arrow.git"
}