{
    "fix": "https://github.com/fmtlib/fmt/commit/c156093ffd99b0689af3826f3aa04e7db97cc543",
    "verify": "0",
    "localId": 25884,
    "project": "fmt",
    "fuzzer": "honggfuzz",
    "sanitizer": "asan",
    "crash_type": "Stack-buffer-overflow READ 1",
    "severity": "Medium",
    "report": {
        "comments": [
            {
                "projectName": "oss-fuzz",
                "localId": 25884,
                "commenter": {
                    "userId": "382749006",
                    "displayName": "ClusterFuzz-External"
                },
                "timestamp": 1600870561,
                "content": "Detailed Report: https://oss-fuzz.com/testcase?key=5201197777289216\n\nProject: libfmt\nFuzzing Engine: honggfuzz\nFuzz Target: fuzzer_named_arg\nJob Type: honggfuzz_asan_libfmt\nPlatform Id: linux\n\nCrash Type: Stack-buffer-overflow READ 1\nCrash Address: 0x7fff5c6570b8\nCrash State:\n  fmt::v7::detail::buffer<char>::push_back\n  std::__1::back_insert_iterator<fmt::v7::detail::buffer<char> >::operator=\n  fmt::v7::detail::buffer_appender<char> std::__1::__copy_constexpr<char const*, f\n  \nSanitizer: address (ASAN)\n\nRecommended Security Severity: Medium\n\nRegressed: https://oss-fuzz.com/revisions?job=honggfuzz_asan_libfmt&range=202009220604:202009230612\n\nReproducer Testcase: https://oss-fuzz.com/download?testcase_id=5201197777289216\n\nIssue filed automatically.\n\nSee https://google.github.io/oss-fuzz/advanced-topics/reproducing for instructions to reproduce this bug locally.\nWhen you fix this bug, please\n  * mention the fix revision(s).\n  * state whether the bug was a short-lived regression or an old bug in any stable releases.\n  * add any other useful information.\nThis information can help downstream consumers.\n\nIf you need to contact the OSS-Fuzz team with a question, concern, or any other feedback, please file an issue at https://github.com/google/oss-fuzz/issues. Comments on individual Monorail issues are not monitored.\n\nThis bug is subject to a 90 day disclosure deadline. If 90 days elapse\nwithout an upstream patch, then the bug report will automatically\nbecome visible to the public.",
                "descriptionNum": 1
            },
            {
                "projectName": "oss-fuzz",
                "localId": 25884,
                "sequenceNum": 1,
                "commenter": {
                    "userId": "1950284618",
                    "displayName": "sheriffbot"
                },
                "timestamp": 1600892139,
                "amendments": [
                    {
                        "fieldName": "Labels",
                        "newOrDeltaValue": "Disclosure-2020-12-22"
                    }
                ]
            },
            {
                "projectName": "oss-fuzz",
                "localId": 25884,
                "sequenceNum": 2,
                "commenter": {
                    "userId": "382749006",
                    "displayName": "ClusterFuzz-External"
                },
                "timestamp": 1600987062,
                "content": "This crash occurs very frequently on linux platform and is likely preventing the fuzzer fuzzer_named_arg from making much progress. Fixing this will allow more bugs to be found.\n\nIf this is incorrect, please file a bug on https://github.com/google/oss-fuzz/issues/new",
                "amendments": [
                    {
                        "fieldName": "Labels",
                        "newOrDeltaValue": "Fuzz-Blocker"
                    }
                ]
            },
            {
                "projectName": "oss-fuzz",
                "localId": 25884,
                "sequenceNum": 3,
                "commenter": {
                    "userId": "382749006",
                    "displayName": "ClusterFuzz-External"
                },
                "timestamp": 1601131269,
                "content": "ClusterFuzz testcase 5201197777289216 is verified as fixed in https://oss-fuzz.com/revisions?job=honggfuzz_asan_libfmt&range=202009250614:202009260622\n\nIf this is incorrect, please file a bug on https://github.com/google/oss-fuzz/issues/new",
                "amendments": [
                    {
                        "fieldName": "Status",
                        "newOrDeltaValue": "Verified",
                        "oldValue": "New"
                    },
                    {
                        "fieldName": "Labels",
                        "newOrDeltaValue": "ClusterFuzz-Verified"
                    }
                ]
            },
            {
                "projectName": "oss-fuzz",
                "localId": 25884,
                "sequenceNum": 4,
                "commenter": {
                    "userId": "1950284618",
                    "displayName": "sheriffbot"
                },
                "timestamp": 1603738337,
                "content": "This bug has been fixed for 30 days. It has been opened to the public.\n\n- Your friendly Sheriffbot",
                "amendments": [
                    {
                        "fieldName": "Labels",
                        "newOrDeltaValue": "-restrict-view-commit"
                    }
                ]
            }
        ]
    },
    "fix_commit": "c156093ffd99b0689af3826f3aa04e7db97cc543",
    "repo_addr": "https://github.com/fmtlib/fmt.git"
}