{
    "fix": "https://github.com/samtools/htslib/commit/a01a139ac1fa365a688ec8734d62ef859a8bc416",
    "verify": "0",
    "localId": 29795,
    "project": "htslib",
    "fuzzer": "libfuzzer",
    "sanitizer": "asan",
    "crash_type": "Heap-buffer-overflow READ 1",
    "severity": "Medium",
    "report": {
        "comments": [
            {
                "projectName": "oss-fuzz",
                "localId": 29795,
                "commenter": {
                    "userId": "382749006",
                    "displayName": "ClusterFuzz-External"
                },
                "timestamp": 1611249778,
                "content": "Detailed Report: https://oss-fuzz.com/testcase?key=4825968776708096\n\nProject: htslib\nFuzzing Engine: libFuzzer\nFuzz Target: hts_open_fuzzer\nJob Type: libfuzzer_asan_htslib\nPlatform Id: linux\n\nCrash Type: Heap-buffer-overflow READ 1\nCrash Address: 0x61100002b302\nCrash State:\n  rans_uncompress_to_4x16\n  rans_uncompress_4x16\n  cram_uncompress_block\n  \nSanitizer: address (ASAN)\n\nRecommended Security Severity: Medium\n\nRegressed: https://oss-fuzz.com/revisions?job=libfuzzer_asan_htslib&range=202101200604:202101210612\n\nReproducer Testcase: https://oss-fuzz.com/download?testcase_id=4825968776708096\n\nIssue filed automatically.\n\nSee https://google.github.io/oss-fuzz/advanced-topics/reproducing for instructions to reproduce this bug locally.\nWhen you fix this bug, please\n  * mention the fix revision(s).\n  * state whether the bug was a short-lived regression or an old bug in any stable releases.\n  * add any other useful information.\nThis information can help downstream consumers.\n\nIf you need to contact the OSS-Fuzz team with a question, concern, or any other feedback, please file an issue at https://github.com/google/oss-fuzz/issues. Comments on individual Monorail issues are not monitored.\n\nThis bug is subject to a 90 day disclosure deadline. If 90 days elapse\nwithout an upstream patch, then the bug report will automatically\nbecome visible to the public.",
                "descriptionNum": 1
            },
            {
                "projectName": "oss-fuzz",
                "localId": 29795,
                "sequenceNum": 1,
                "commenter": {
                    "userId": "1950284618",
                    "displayName": "sheriffbot"
                },
                "timestamp": 1611259456,
                "amendments": [
                    {
                        "fieldName": "Labels",
                        "newOrDeltaValue": "Disclosure-2021-04-21"
                    }
                ]
            },
            {
                "projectName": "oss-fuzz",
                "localId": 29795,
                "sequenceNum": 2,
                "commenter": {
                    "userId": "382749006",
                    "displayName": "ClusterFuzz-External"
                },
                "timestamp": 1611343757,
                "content": "This crash occurs very frequently on linux platform and is likely preventing the fuzzer hts_open_fuzzer from making much progress. Fixing this will allow more bugs to be found.\n\nIf this is incorrect, please file a bug on https://github.com/google/oss-fuzz/issues/new",
                "amendments": [
                    {
                        "fieldName": "Labels",
                        "newOrDeltaValue": "Fuzz-Blocker"
                    }
                ]
            },
            {
                "projectName": "oss-fuzz",
                "localId": 29795,
                "sequenceNum": 3,
                "commenter": {
                    "userId": "382749006",
                    "displayName": "ClusterFuzz-External"
                },
                "timestamp": 1611675291,
                "content": "ClusterFuzz testcase 4825968776708096 is verified as fixed in https://oss-fuzz.com/revisions?job=libfuzzer_asan_htslib&range=202101250614:202101251820\n\nIf this is incorrect, please file a bug on https://github.com/google/oss-fuzz/issues/new",
                "amendments": [
                    {
                        "fieldName": "Status",
                        "newOrDeltaValue": "Verified",
                        "oldValue": "New"
                    },
                    {
                        "fieldName": "Labels",
                        "newOrDeltaValue": "ClusterFuzz-Verified"
                    }
                ]
            },
            {
                "projectName": "oss-fuzz",
                "localId": 29795,
                "sequenceNum": 4,
                "commenter": {
                    "userId": "1950284618",
                    "displayName": "sheriffbot"
                },
                "timestamp": 1614369118,
                "content": "This bug has been fixed for 30 days. It has been opened to the public.\n\n- Your friendly Sheriffbot",
                "amendments": [
                    {
                        "fieldName": "Labels",
                        "newOrDeltaValue": "-restrict-view-commit"
                    }
                ]
            }
        ]
    },
    "fix_commit": "a01a139ac1fa365a688ec8734d62ef859a8bc416",
    "repo_addr": "https://github.com/samtools/htslib.git"
}