{
    "fix": "https://github.com/samtools/htslib/commit/40afaaa5bf7e3f9cd6d6d9d9d8ae26496df82aea",
    "verify": "0",
    "localId": 29827,
    "project": "htslib",
    "fuzzer": "afl",
    "sanitizer": "asan",
    "crash_type": "Heap-buffer-overflow WRITE 4",
    "severity": "High",
    "report": {
        "comments": [
            {
                "projectName": "oss-fuzz",
                "localId": 29827,
                "commenter": {
                    "userId": "382749006",
                    "displayName": "ClusterFuzz-External"
                },
                "timestamp": 1611335858,
                "content": "Detailed Report: https://oss-fuzz.com/testcase?key=5312888543772672\n\nProject: htslib\nFuzzing Engine: afl\nFuzz Target: hts_open_fuzzer\nJob Type: afl_asan_htslib\nPlatform Id: linux\n\nCrash Type: Heap-buffer-overflow WRITE 4\nCrash Address: 0x61d000001cf8\nCrash State:\n  cram_xpack_decode_init\n  cram_decoder_init\n  cram_decode_compression_header\n  \nSanitizer: address (ASAN)\n\nRecommended Security Severity: High\n\nRegressed: https://oss-fuzz.com/revisions?job=afl_asan_htslib&range=202101200604:202101210612\n\nReproducer Testcase: https://oss-fuzz.com/download?testcase_id=5312888543772672\n\nIssue filed automatically.\n\nSee https://google.github.io/oss-fuzz/advanced-topics/reproducing for instructions to reproduce this bug locally.\nWhen you fix this bug, please\n  * mention the fix revision(s).\n  * state whether the bug was a short-lived regression or an old bug in any stable releases.\n  * add any other useful information.\nThis information can help downstream consumers.\n\nIf you need to contact the OSS-Fuzz team with a question, concern, or any other feedback, please file an issue at https://github.com/google/oss-fuzz/issues. Comments on individual Monorail issues are not monitored.\n\nThis bug is subject to a 90 day disclosure deadline. If 90 days elapse\nwithout an upstream patch, then the bug report will automatically\nbecome visible to the public.",
                "descriptionNum": 1
            },
            {
                "projectName": "oss-fuzz",
                "localId": 29827,
                "sequenceNum": 1,
                "commenter": {
                    "userId": "1950284618",
                    "displayName": "sheriffbot"
                },
                "timestamp": 1611345924,
                "amendments": [
                    {
                        "fieldName": "Labels",
                        "newOrDeltaValue": "Disclosure-2021-04-22"
                    }
                ]
            },
            {
                "projectName": "oss-fuzz",
                "localId": 29827,
                "sequenceNum": 2,
                "commenter": {
                    "userId": "382749006",
                    "displayName": "ClusterFuzz-External"
                },
                "timestamp": 1611676763,
                "content": "ClusterFuzz testcase 5312888543772672 is verified as fixed in https://oss-fuzz.com/revisions?job=afl_asan_htslib&range=202101250614:202101251820\n\nIf this is incorrect, please file a bug on https://github.com/google/oss-fuzz/issues/new",
                "amendments": [
                    {
                        "fieldName": "Status",
                        "newOrDeltaValue": "Verified",
                        "oldValue": "New"
                    },
                    {
                        "fieldName": "Labels",
                        "newOrDeltaValue": "ClusterFuzz-Verified"
                    }
                ]
            },
            {
                "projectName": "oss-fuzz",
                "localId": 29827,
                "sequenceNum": 3,
                "commenter": {
                    "userId": "1950284618",
                    "displayName": "sheriffbot"
                },
                "timestamp": 1614369120,
                "content": "This bug has been fixed for 30 days. It has been opened to the public.\n\n- Your friendly Sheriffbot",
                "amendments": [
                    {
                        "fieldName": "Labels",
                        "newOrDeltaValue": "-restrict-view-commit"
                    }
                ]
            }
        ]
    },
    "fix_commit": "40afaaa5bf7e3f9cd6d6d9d9d8ae26496df82aea",
    "repo_addr": "https://github.com/samtools/htslib.git"
}