{
    "fix": "https://github.com/samtools/htslib/commit/28a980bba6f731f901906f57e5c1ee19f4155849",
    "verify": "0",
    "localId": 62270,
    "project": "htslib",
    "fuzzer": "honggfuzz",
    "sanitizer": "asan",
    "crash_type": "Heap-buffer-overflow READ 1",
    "severity": "Medium",
    "report": {
        "comments": [
            {
                "projectName": "oss-fuzz",
                "localId": 62270,
                "commenter": {
                    "userId": "382749006",
                    "displayName": "ClusterFuzz-External"
                },
                "timestamp": 1694484369,
                "content": "Detailed Report: https://oss-fuzz.com/testcase?key=5097832530706432\n\nProject: htslib\nFuzzing Engine: honggfuzz\nFuzz Target: hts_open_fuzzer\nJob Type: honggfuzz_asan_htslib\nPlatform Id: linux\n\nCrash Type: Heap-buffer-overflow READ 1\nCrash Address: 0x61500008ae32\nCrash State:\n  uint7_get_64\n  cram_huffman_decode_init\n  cram_decoder_init\n  \nSanitizer: address (ASAN)\n\nRecommended Security Severity: Medium\n\nRegressed: https://oss-fuzz.com/revisions?job=honggfuzz_asan_htslib&range=202308250626:202308260602\n\nReproducer Testcase: https://oss-fuzz.com/download?testcase_id=5097832530706432\n\nIssue filed automatically.\n\nSee https://google.github.io/oss-fuzz/advanced-topics/reproducing for instructions to reproduce this bug locally.\nWhen you fix this bug, please\n  * mention the fix revision(s).\n  * state whether the bug was a short-lived regression or an old bug in any stable releases.\n  * add any other useful information.\nThis information can help downstream consumers.\n\nIf you need to contact the OSS-Fuzz team with a question, concern, or any other feedback, please file an issue at https://github.com/google/oss-fuzz/issues. Comments on individual Monorail issues are not monitored.\n\nThis bug is subject to a 90 day disclosure deadline. If 90 days elapse\nwithout an upstream patch, then the bug report will automatically\nbecome visible to the public.",
                "descriptionNum": 1
            },
            {
                "projectName": "oss-fuzz",
                "localId": 62270,
                "sequenceNum": 1,
                "commenter": {
                    "userId": "1950284618",
                    "displayName": "sheriffbot"
                },
                "timestamp": 1694545524,
                "amendments": [
                    {
                        "fieldName": "Labels",
                        "newOrDeltaValue": "Disclosure-2023-12-11"
                    }
                ]
            },
            {
                "projectName": "oss-fuzz",
                "localId": 62270,
                "sequenceNum": 2,
                "commenter": {
                    "userId": "382749006",
                    "displayName": "ClusterFuzz-External"
                },
                "timestamp": 1696669514,
                "content": "ClusterFuzz testcase 5097832530706432 is verified as fixed in https://oss-fuzz.com/revisions?job=honggfuzz_asan_htslib&range=202310060629:202310070601\n\nIf this is incorrect, please file a bug on https://github.com/google/oss-fuzz/issues/new",
                "amendments": [
                    {
                        "fieldName": "Status",
                        "newOrDeltaValue": "Verified",
                        "oldValue": "New"
                    },
                    {
                        "fieldName": "Labels",
                        "newOrDeltaValue": "ClusterFuzz-Verified"
                    }
                ]
            },
            {
                "projectName": "oss-fuzz",
                "localId": 62270,
                "sequenceNum": 3,
                "commenter": {
                    "userId": "1950284618",
                    "displayName": "sheriffbot"
                },
                "timestamp": 1696705247,
                "content": "This bug has been fixed. It has been opened to the public.\n\n- Your friendly Sheriffbot",
                "amendments": [
                    {
                        "fieldName": "Labels",
                        "newOrDeltaValue": "-restrict-view-commit"
                    }
                ]
            }
        ]
    },
    "fix_commit": "28a980bba6f731f901906f57e5c1ee19f4155849",
    "repo_addr": "https://github.com/samtools/htslib.git"
}