{
    "fix": "https://github.com/libvips/libvips/commit/e75320bb0def0f671e40145688b235fd81a2587e",
    "verify": "0",
    "localId": 16313,
    "project": "libvips",
    "fuzzer": "libfuzzer",
    "sanitizer": "asan",
    "crash_type": "Heap-buffer-overflow READ 1",
    "severity": "Medium",
    "report": {
        "comments": [
            {
                "projectName": "oss-fuzz",
                "localId": 16313,
                "commenter": {
                    "userId": "382749006",
                    "displayName": "ClusterFuzz-External"
                },
                "timestamp": 1565333964,
                "content": "Detailed report: https://oss-fuzz.com/testcase?key=5157921138147328\n\nProject: libvips\nFuzzing engine: libFuzzer\nFuzz target: pngsave_buffer_fuzzer\nJob Type: libfuzzer_asan_libvips\nPlatform Id: linux\n\nCrash Type: Heap-buffer-overflow READ 1\nCrash Address: 0x609000003a75\nCrash State:\n  IsHTML\n  GetImageMagick\n  magick_ismagick\n  \nSanitizer: address (ASAN)\n\nRecommended Security Severity: Medium\n\nRegressed: https://oss-fuzz.com/revisions?job=libfuzzer_asan_libvips&range=201908070201:201908090201\n\nReproducer Testcase: https://oss-fuzz.com/download?testcase_id=5157921138147328\n\nIssue filed automatically.\n\nSee https://github.com/google/oss-fuzz/blob/master/docs/reproducing.md for instructions to reproduce this bug locally.\n\nThis bug is subject to a 90 day disclosure deadline. If 90 days elapse\nwithout an upstream patch, then the bug report will automatically\nbecome visible to the public.",
                "descriptionNum": 1
            },
            {
                "projectName": "oss-fuzz",
                "localId": 16313,
                "sequenceNum": 1,
                "commenter": {
                    "userId": "1627850854",
                    "displayName": "jcup...@gmail.com"
                },
                "timestamp": 1565342160,
                "content": "This is a bug in ImageMagick."
            },
            {
                "projectName": "oss-fuzz",
                "localId": 16313,
                "sequenceNum": 2,
                "commenter": {
                    "userId": "1627850854",
                    "displayName": "jcup...@gmail.com"
                },
                "timestamp": 1565342624,
                "content": "I've tried adding libMagickCore to the lsan supp file to stop this test."
            },
            {
                "projectName": "oss-fuzz",
                "localId": 16313,
                "sequenceNum": 3,
                "commenter": {
                    "userId": "1",
                    "displayName": "a_deleted_user"
                },
                "timestamp": 1565350149,
                "content": "Yeah, true. I filled an issue https://github.com/ImageMagick/ImageMagick/issues/1664\n\nBe careful suppressing errors for the whole library. It could mask bugs in libvips as well (i.e. a short buffer allocated by libvips but read/written in libmagick)\n\nYou can just wait until the bug is fixed. The build script in oss-fuzz uses latest version (HEAD) of libmagick. As soon as they fix it, this issue will be closed automatically."
            },
            {
                "projectName": "oss-fuzz",
                "localId": 16313,
                "sequenceNum": 4,
                "commenter": {
                    "userId": "1627850854",
                    "displayName": "jcup...@gmail.com"
                },
                "timestamp": 1565351897,
                "content": "Oh, good job filing it.\n\nI couldn't get the asan supp file working, I don't suppose you know what might be causing the problem?\n\nI had:\n\ninterceptor_via_lib:libMagickCore-6.Q16.so\n\nin asan.supp, and \n\nASAN_OPTIONS=\"suppressions=$TRAVIS_BUILD_DIR/suppressions/asan.supp\"\n\nin .travis.yml, but configure fails with\n\nconfigure:4743: checking whether we are cross compiling\nconfigure:4751: clang -o conftest -fsanitize=address,undefined -fno-omit-frame-pointer -fopenmp -DFUZZING_BUILD_MODE_UNSAFE_FOR_PRODUCTION  -fsanitize=address,undefined -dynamic-asan -fopenmp=libiomp5 conftest.c  >&5\nclang: warning: argument unused during compilation: '-dynamic-asan' [-Wunused-command-line-argument]\nconfigure:4755: $? = 0\nconfigure:4762: ./conftest\nAddressSanitizer: failed to parse suppressions\nconfigure:4766: $? = 1\nconfigure:4773: error: in `/home/john/GIT/libvips':\nconfigure:4775: error: cannot run C compiled programs.\n\nI experimented but couldn't find a syntax that worked in clang7 or clang8."
            },
            {
                "projectName": "oss-fuzz",
                "localId": 16313,
                "sequenceNum": 5,
                "commenter": {
                    "userId": "1627850854",
                    "displayName": "jcup...@gmail.com"
                },
                "timestamp": 1565364474,
                "content": "ubsan supp is working now, but still no asan supp :("
            },
            {
                "projectName": "oss-fuzz",
                "localId": 16313,
                "sequenceNum": 6,
                "commenter": {
                    "userId": "382749006",
                    "displayName": "ClusterFuzz-External"
                },
                "timestamp": 1565365822,
                "amendments": [
                    {
                        "fieldName": "Cc",
                        "newOrDeltaValue": "kleis...@gmail.com"
                    }
                ]
            },
            {
                "projectName": "oss-fuzz",
                "localId": 16313,
                "sequenceNum": 7,
                "commenter": {
                    "userId": "382749006",
                    "displayName": "ClusterFuzz-External"
                },
                "timestamp": 1565433321,
                "content": "ClusterFuzz testcase 5157921138147328 is verified as fixed in https://oss-fuzz.com/revisions?job=libfuzzer_asan_libvips&range=201908090201:201908100201\n\nIf this is incorrect, please file a bug on https://github.com/google/oss-fuzz/issues/new",
                "amendments": [
                    {
                        "fieldName": "Status",
                        "newOrDeltaValue": "Verified",
                        "oldValue": "New"
                    },
                    {
                        "fieldName": "Labels",
                        "newOrDeltaValue": "ClusterFuzz-Verified"
                    }
                ]
            },
            {
                "projectName": "oss-fuzz",
                "localId": 16313,
                "sequenceNum": 8,
                "commenter": {
                    "userId": "4164592774",
                    "displayName": "sheriffbot@chromium.org"
                },
                "timestamp": 1568043027,
                "content": "This bug has been fixed for 30 days. It has been opened to the public.\n\n- Your friendly Sheriffbot",
                "amendments": [
                    {
                        "fieldName": "Labels",
                        "newOrDeltaValue": "-restrict-view-commit"
                    }
                ]
            }
        ]
    },
    "fix_commit": "e75320bb0def0f671e40145688b235fd81a2587e",
    "repo_addr": "https://github.com/libvips/libvips"
}