{
    "fix": "https://github.com/libvips/libvips/commit/0dda54b1b5dd97ac1358fb7414b8a6e117029473",
    "verify": "0",
    "localId": 16707,
    "project": "libvips",
    "fuzzer": "libfuzzer",
    "sanitizer": "ubsan",
    "crash_type": "UNKNOWN READ",
    "severity": "Medium",
    "report": {
        "comments": [
            {
                "projectName": "oss-fuzz",
                "localId": 16707,
                "commenter": {
                    "userId": "382749006",
                    "displayName": "ClusterFuzz-External"
                },
                "timestamp": 1566638151,
                "content": "Detailed Report: https://oss-fuzz.com/testcase?key=5688033944272896\n\nProject: libvips\nFuzzing Engine: libFuzzer\nFuzz Target: jpegsave_file_fuzzer\nJob Type: libfuzzer_ubsan_libvips\nPlatform Id: linux\n\nCrash Type: UNKNOWN READ\nCrash Address: 0xffffffff619653e4\nCrash State:\n  vips__foreign_convert_saveable\n  vips_foreign_save_build\n  vips_foreign_save_jpeg_buffer_build\n  \nSanitizer: undefined (UBSAN)\n\nRecommended Security Severity: Medium\n\nRegressed: https://oss-fuzz.com/revisions?job=libfuzzer_ubsan_libvips&range=201908230209:201908240209\n\nReproducer Testcase: https://oss-fuzz.com/download?testcase_id=5688033944272896\n\nIssue filed automatically.\n\nSee https://google.github.io/oss-fuzz/advanced-topics/reproducing for instructions to reproduce this bug locally.\n\nThis bug is subject to a 90 day disclosure deadline. If 90 days elapse\nwithout an upstream patch, then the bug report will automatically\nbecome visible to the public.",
                "descriptionNum": 1
            },
            {
                "projectName": "oss-fuzz",
                "localId": 16707,
                "sequenceNum": 1,
                "commenter": {
                    "userId": "1627850854",
                    "displayName": "jcup...@gmail.com"
                },
                "timestamp": 1566642193,
                "content": "Not a security risk, but fixed with https://github.com/libvips/libvips/commit/038409093faa55046972f632d9c6135f11572f7a"
            },
            {
                "projectName": "oss-fuzz",
                "localId": 16707,
                "sequenceNum": 2,
                "commenter": {
                    "userId": "382749006",
                    "displayName": "ClusterFuzz-External"
                },
                "timestamp": 1566744900,
                "content": "ClusterFuzz testcase 5688033944272896 is verified as fixed in https://oss-fuzz.com/revisions?job=libfuzzer_ubsan_libvips&range=201908240209:201908250208\n\nIf this is incorrect, please file a bug on https://github.com/google/oss-fuzz/issues/new",
                "amendments": [
                    {
                        "fieldName": "Status",
                        "newOrDeltaValue": "Verified",
                        "oldValue": "New"
                    },
                    {
                        "fieldName": "Labels",
                        "newOrDeltaValue": "ClusterFuzz-Verified"
                    }
                ]
            },
            {
                "projectName": "oss-fuzz",
                "localId": 16707,
                "sequenceNum": 3,
                "commenter": {
                    "userId": "4164592774",
                    "displayName": "sheriffbot@chromium.org"
                },
                "timestamp": 1569339508,
                "content": "This bug has been fixed for 30 days. It has been opened to the public.\n\n- Your friendly Sheriffbot",
                "amendments": [
                    {
                        "fieldName": "Labels",
                        "newOrDeltaValue": "-restrict-view-commit"
                    }
                ]
            }
        ]
    },
    "fix_commit": [
        "038409093faa55046972f632d9c6135f11572f7a",
        "4691260540dbc2bf3828d8fbf28e9ac1e92b9b2e",
        "1ac96313cca88c4a69019f66c7f625e15815a29f",
        "0dda54b1b5dd97ac1358fb7414b8a6e117029473"
    ],
    "repo_addr": "https://github.com/libvips/libvips"
}