{
    "fix": "https://github.com/libvips/libvips/commit/0895d120d80f3b3ba6defb1b129782645e369562",
    "verify": "0",
    "localId": 16794,
    "project": "libvips",
    "fuzzer": "libfuzzer",
    "sanitizer": "asan",
    "crash_type": "UNKNOWN",
    "severity": "Medium",
    "report": {
        "comments": [
            {
                "projectName": "oss-fuzz",
                "localId": 16794,
                "commenter": {
                    "userId": "382749006",
                    "displayName": "ClusterFuzz-External"
                },
                "timestamp": 1566868421,
                "content": "Detailed Report: https://oss-fuzz.com/testcase?key=5682293519155200\n\nProject: libvips\nFuzzing Engine: libFuzzer\nFuzz Target: jpegsave_file_fuzzer\nJob Type: libfuzzer_asan_libvips\nPlatform Id: linux\n\nCrash Type: UNKNOWN\nCrash Address: 0x7f8e216e0000\nCrash State:\n  vips_rad2float_line\n  vips_colour_gen\n  vips_region_generate\n  \nSanitizer: address (ASAN)\n\nRecommended Security Severity: Medium\n\nRegressed: https://oss-fuzz.com/revisions?job=libfuzzer_asan_libvips&range=201908240209:201908250208\n\nReproducer Testcase: https://oss-fuzz.com/download?testcase_id=5682293519155200\n\nIssue filed automatically.\n\nSee https://google.github.io/oss-fuzz/advanced-topics/reproducing for instructions to reproduce this bug locally.\n\nThis bug is subject to a 90 day disclosure deadline. If 90 days elapse\nwithout an upstream patch, then the bug report will automatically\nbecome visible to the public.",
                "descriptionNum": 1
            },
            {
                "projectName": "oss-fuzz",
                "localId": 16794,
                "sequenceNum": 1,
                "commenter": {
                    "userId": "1627850854",
                    "displayName": "jcup...@gmail.com"
                },
                "timestamp": 1566906448,
                "content": "Might help https://github.com/libvips/libvips/commit/3e89944bf92dd63b60c8d224aed0d45ea8a9b88e"
            },
            {
                "projectName": "oss-fuzz",
                "localId": 16794,
                "sequenceNum": 2,
                "commenter": {
                    "userId": "382749006",
                    "displayName": "ClusterFuzz-External"
                },
                "timestamp": 1567004061,
                "content": "ClusterFuzz testcase 5682293519155200 is verified as fixed in https://oss-fuzz.com/revisions?job=libfuzzer_asan_libvips&range=201908270210:201908280210\n\nIf this is incorrect, please file a bug on https://github.com/google/oss-fuzz/issues/new",
                "amendments": [
                    {
                        "fieldName": "Status",
                        "newOrDeltaValue": "Verified",
                        "oldValue": "New"
                    },
                    {
                        "fieldName": "Labels",
                        "newOrDeltaValue": "ClusterFuzz-Verified"
                    }
                ]
            },
            {
                "projectName": "oss-fuzz",
                "localId": 16794,
                "sequenceNum": 3,
                "commenter": {
                    "userId": "4164592774",
                    "displayName": "sheriffbot@chromium.org"
                },
                "timestamp": 1569598877,
                "content": "This bug has been fixed for 30 days. It has been opened to the public.\n\n- Your friendly Sheriffbot",
                "amendments": [
                    {
                        "fieldName": "Labels",
                        "newOrDeltaValue": "-restrict-view-commit"
                    }
                ]
            }
        ]
    },
    "fix_commit": "0895d120d80f3b3ba6defb1b129782645e369562",
    "repo_addr": "https://github.com/libvips/libvips"
}