{
    "fix": "https://github.com/libvips/libvips/commit/20988977ab5425cec88c7ffe0e1e648e1373698c",
    "verify": "0",
    "localId": 26855,
    "project": "libvips",
    "fuzzer": "afl",
    "sanitizer": "asan",
    "crash_type": "Heap-buffer-overflow READ 2",
    "severity": "Medium",
    "report": {
        "comments": [
            {
                "projectName": "oss-fuzz",
                "localId": 26855,
                "commenter": {
                    "userId": "382749006",
                    "displayName": "ClusterFuzz-External"
                },
                "timestamp": 1604220002,
                "content": "Detailed Report: https://oss-fuzz.com/testcase?key=4660373640445952\n\nProject: libvips\nFuzzing Engine: afl\nFuzz Target: jpegsave_buffer_fuzzer\nJob Type: afl_asan_libvips\nPlatform Id: linux\n\nCrash Type: Heap-buffer-overflow READ 2\nCrash Address: 0x6020000290b8\nCrash State:\n  rtiff_parse_palette\n  rtiff_set_header\n  vips__tiff_read_header_source\n  \nSanitizer: address (ASAN)\n\nRecommended Security Severity: Medium\n\nRegressed: https://oss-fuzz.com/revisions?job=afl_asan_libvips&range=202006050249:202006060251\n\nReproducer Testcase: https://oss-fuzz.com/download?testcase_id=4660373640445952\n\nIssue filed automatically.\n\nSee https://google.github.io/oss-fuzz/advanced-topics/reproducing for instructions to reproduce this bug locally.\nWhen you fix this bug, please\n  * mention the fix revision(s).\n  * state whether the bug was a short-lived regression or an old bug in any stable releases.\n  * add any other useful information.\nThis information can help downstream consumers.\n\nIf you need to contact the OSS-Fuzz team with a question, concern, or any other feedback, please file an issue at https://github.com/google/oss-fuzz/issues. Comments on individual Monorail issues are not monitored.\n\nThis bug is subject to a 90 day disclosure deadline. If 90 days elapse\nwithout an upstream patch, then the bug report will automatically\nbecome visible to the public.",
                "descriptionNum": 1
            },
            {
                "projectName": "oss-fuzz",
                "localId": 26855,
                "sequenceNum": 1,
                "commenter": {
                    "userId": "1950284618",
                    "displayName": "sheriffbot"
                },
                "timestamp": 1604261005,
                "amendments": [
                    {
                        "fieldName": "Labels",
                        "newOrDeltaValue": "Disclosure-2021-02-01"
                    }
                ]
            },
            {
                "projectName": "oss-fuzz",
                "localId": 26855,
                "sequenceNum": 2,
                "commenter": {
                    "userId": "1627850854",
                    "displayName": "jcup...@gmail.com"
                },
                "timestamp": 1604404448,
                "content": "libtiff can change the value of some header fields while scanning a corrupt tiff. This could then trigger an out of bounds read.\n\nShould be fixed in 8.10.3 with https://github.com/libvips/libvips/commit/91d9610a55409d03b91d5ff0d2022aa1b7b58269"
            },
            {
                "projectName": "oss-fuzz",
                "localId": 26855,
                "sequenceNum": 3,
                "commenter": {
                    "userId": "382749006",
                    "displayName": "ClusterFuzz-External"
                },
                "timestamp": 1604502717,
                "content": "ClusterFuzz testcase 4660373640445952 is verified as fixed in https://oss-fuzz.com/revisions?job=afl_asan_libvips&range=202011030620:202011040606\n\nIf this is incorrect, please file a bug on https://github.com/google/oss-fuzz/issues/new",
                "amendments": [
                    {
                        "fieldName": "Status",
                        "newOrDeltaValue": "Verified",
                        "oldValue": "New"
                    },
                    {
                        "fieldName": "Labels",
                        "newOrDeltaValue": "ClusterFuzz-Verified"
                    }
                ]
            },
            {
                "projectName": "oss-fuzz",
                "localId": 26855,
                "sequenceNum": 4,
                "commenter": {
                    "userId": "1950284618",
                    "displayName": "sheriffbot"
                },
                "timestamp": 1607198035,
                "content": "This bug has been fixed for 30 days. It has been opened to the public.\n\n- Your friendly Sheriffbot",
                "amendments": [
                    {
                        "fieldName": "Labels",
                        "newOrDeltaValue": "-restrict-view-commit"
                    }
                ]
            }
        ]
    },
    "fix_commit": "20988977ab5425cec88c7ffe0e1e648e1373698c",
    "repo_addr": "https://github.com/libvips/libvips"
}