{
    "fix": "https://github.com/libvips/libvips/commit/55cbde674be27fcb4f79023e8cf1d3ec1291d4fd",
    "verify": "0",
    "localId": 48036,
    "project": "libvips",
    "fuzzer": "libfuzzer",
    "sanitizer": "asan",
    "crash_type": "Segv on unknown address",
    "report": {
        "comments": [
            {
                "projectName": "oss-fuzz",
                "localId": 48036,
                "commenter": {
                    "userId": "382749006",
                    "displayName": "ClusterFuzz-External"
                },
                "timestamp": 1655230705,
                "content": "Detailed Report: https://oss-fuzz.com/testcase?key=6410413287276544\n\nProject: libvips\nFuzzing Engine: libFuzzer\nFuzz Target: jpegsave_buffer_fuzzer\nJob Type: libfuzzer_asan_libvips\nPlatform Id: linux\n\nCrash Type: Segv on unknown address\nCrash Address: \nCrash State:\n  HandleBoxes\n  JxlDecoderProcessInput\n  vips_foreign_load_jxl_header\n  \nSanitizer: address (ASAN)\n\nRegressed: https://oss-fuzz.com/revisions?job=libfuzzer_asan_libvips&range=202206130605:202206140612\n\nReproducer Testcase: https://oss-fuzz.com/download?testcase_id=6410413287276544\n\nIssue filed automatically.\n\nSee https://google.github.io/oss-fuzz/advanced-topics/reproducing for instructions to reproduce this bug locally.\nWhen you fix this bug, please\n  * mention the fix revision(s).\n  * state whether the bug was a short-lived regression or an old bug in any stable releases.\n  * add any other useful information.\nThis information can help downstream consumers.\n\nIf you need to contact the OSS-Fuzz team with a question, concern, or any other feedback, please file an issue at https://github.com/google/oss-fuzz/issues. Comments on individual Monorail issues are not monitored.\n\nThis bug is subject to a 90 day disclosure deadline. If 90 days elapse\nwithout an upstream patch, then the bug report will automatically\nbecome visible to the public.",
                "descriptionNum": 1
            },
            {
                "projectName": "oss-fuzz",
                "localId": 48036,
                "sequenceNum": 1,
                "commenter": {
                    "userId": "1950284618",
                    "displayName": "sheriffbot"
                },
                "timestamp": 1655232671,
                "amendments": [
                    {
                        "fieldName": "Labels",
                        "newOrDeltaValue": "Disclosure-2022-09-12"
                    }
                ]
            },
            {
                "projectName": "oss-fuzz",
                "localId": 48036,
                "sequenceNum": 2,
                "commenter": {
                    "userId": "382749006",
                    "displayName": "ClusterFuzz-External"
                },
                "timestamp": 1656949015,
                "content": "ClusterFuzz testcase 6410413287276544 is verified as fixed in https://oss-fuzz.com/revisions?job=libfuzzer_asan_libvips&range=202206300609:202207040609\n\nIf this is incorrect, please file a bug on https://github.com/google/oss-fuzz/issues/new",
                "amendments": [
                    {
                        "fieldName": "Status",
                        "newOrDeltaValue": "Verified",
                        "oldValue": "New"
                    },
                    {
                        "fieldName": "Labels",
                        "newOrDeltaValue": "ClusterFuzz-Verified"
                    }
                ]
            },
            {
                "projectName": "oss-fuzz",
                "localId": 48036,
                "sequenceNum": 3,
                "commenter": {
                    "userId": "1950284618",
                    "displayName": "sheriffbot"
                },
                "timestamp": 1656960248,
                "content": "This bug has been fixed. It has been opened to the public.\n\n- Your friendly Sheriffbot",
                "amendments": [
                    {
                        "fieldName": "Labels",
                        "newOrDeltaValue": "-restrict-view-commit"
                    }
                ]
            }
        ]
    },
    "fix_commit": [
        "8c7576a5fe26b3e6a24b4191ff62958900ee0b27",
        "5ef16188cae91630867048a502bd8d8419eeb99b",
        "9c22d74cff6d9013173724ab001188f9fdb96933",
        "156e6a91e4cba186e99b8f48e64325c3bd85513d",
        "c61b458904d7bb666dbd87d21ffccd91391dd05d",
        "5b79a744a7710a78a4d67898e8caa705228d3b8b",
        "41da0d28e0e1da3c0c85e5b881b4b36872b5085c",
        "905a6fe79f742702b6c9fa6e47a602ee98f6ff80",
        "89615465b74f366ff901bae8778b7363b4b3a47c",
        "01d5fbd6a4a0a0e84bfe80d4a18d5b5be4ba9ed8",
        "dfeb270fe0469730f29151eca3d8b609ef0f5806",
        "a129476f0febbca8e0df9c6766b141047a20e89c",
        "e9414f8d8f90e7966e3802273e2aa46f67016616",
        "d9f31be67d95b912f2baa518ae236b33180904d8",
        "3bd0701604995ddc866b436ad1ad225993d8b4a5",
        "16e0182e521792b21f6269c01b880f6215cabe4c",
        "748a99d245a1ac84e88c4060342b26bd71a5aaa3",
        "1c600c83b69416efe84aec1f4a53832a7337fd58",
        "e81f7f1fab61e44718b603706cea9c63cd1c4f6e",
        "f26a02551639baa3b7640c7d98bfba5ff17bff53",
        "ae831a145e876f06410d106186a8d80e1f52c231",
        "2cc19471770edb340d1a8b0c20a9707633dc54f9",
        "26de04d147a818877c3229dfcf9094cbd932e007",
        "d70317e0a8fe7998e044fee03a95dcc3ddf89e02",
        "f28e3f1e3603ac6a1683c862b491963d0f41c29d",
        "6dfb49b976d1b8fbcce525476fe36b526bbde70b",
        "09713447858c00501d9ab0d55cd66b454bc93f62",
        "c223ec5e4b4ac06242dd54a8f07a58e52dbabbf3",
        "5493103a7ad3c136b4be2d46d526c1f53e41cd3f",
        "55cbde674be27fcb4f79023e8cf1d3ec1291d4fd"
    ],
    "repo_addr": "https://github.com/libvips/libvips.git"
}