{
    "fix": "https://github.com/OpenSIPS/opensips/commit/66898d8208d158d95a27f1a76078a29bd1e08d7e",
    "verify": "0",
    "localId": 39802,
    "project": "opensips",
    "fuzzer": "libfuzzer",
    "sanitizer": "asan",
    "crash_type": "Heap-buffer-overflow READ 1",
    "severity": "Medium",
    "report": {
        "comments": [
            {
                "projectName": "oss-fuzz",
                "localId": 39802,
                "commenter": {
                    "userId": "382749006",
                    "displayName": "ClusterFuzz-External"
                },
                "timestamp": 1633868310,
                "content": "Detailed Report: https://oss-fuzz.com/testcase?key=4784549297520640\n\nProject: opensips\nFuzzing Engine: libFuzzer\nFuzz Target: fuzz_msg_parser\nJob Type: libfuzzer_asan_opensips\nPlatform Id: linux\n\nCrash Type: Heap-buffer-overflow READ 1\nCrash Address: 0x603000000111\nCrash State:\n  parse_hname2\n  get_hdr_field\n  parse_headers\n  \nSanitizer: address (ASAN)\n\nRecommended Security Severity: Medium\n\nCrash Revision: https://oss-fuzz.com/revisions?job=libfuzzer_asan_opensips&revision=202110100610\n\nReproducer Testcase: https://oss-fuzz.com/download?testcase_id=4784549297520640\n\nIssue filed automatically.\n\nSee https://google.github.io/oss-fuzz/advanced-topics/reproducing for instructions to reproduce this bug locally.\nWhen you fix this bug, please\n  * mention the fix revision(s).\n  * state whether the bug was a short-lived regression or an old bug in any stable releases.\n  * add any other useful information.\nThis information can help downstream consumers.\n\nIf you need to contact the OSS-Fuzz team with a question, concern, or any other feedback, please file an issue at https://github.com/google/oss-fuzz/issues. Comments on individual Monorail issues are not monitored.\n\nThis bug is subject to a 90 day disclosure deadline. If 90 days elapse\nwithout an upstream patch, then the bug report will automatically\nbecome visible to the public.",
                "descriptionNum": 1
            },
            {
                "projectName": "oss-fuzz",
                "localId": 39802,
                "sequenceNum": 1,
                "commenter": {
                    "userId": "1950284618",
                    "displayName": "sheriffbot"
                },
                "timestamp": 1633891917,
                "amendments": [
                    {
                        "fieldName": "Labels",
                        "newOrDeltaValue": "Disclosure-2022-01-10"
                    }
                ]
            },
            {
                "projectName": "oss-fuzz",
                "localId": 39802,
                "sequenceNum": 2,
                "commenter": {
                    "userId": "382749006",
                    "displayName": "ClusterFuzz-External"
                },
                "timestamp": 1633892480,
                "content": "This crash occurs very frequently on linux platform and is likely preventing the fuzzer fuzz_msg_parser from making much progress. Fixing this will allow more bugs to be found.\n\nIf this is incorrect, please file a bug on https://github.com/google/oss-fuzz/issues/new",
                "amendments": [
                    {
                        "fieldName": "Labels",
                        "newOrDeltaValue": "Fuzz-Blocker"
                    }
                ]
            },
            {
                "projectName": "oss-fuzz",
                "localId": 39802,
                "sequenceNum": 3,
                "commenter": {
                    "userId": "382749006",
                    "displayName": "ClusterFuzz-External"
                },
                "timestamp": 1633917122,
                "amendments": [
                    {
                        "fieldName": "Cc",
                        "newOrDeltaValue": "liviu...@gmail.com"
                    }
                ]
            },
            {
                "projectName": "oss-fuzz",
                "localId": 39802,
                "sequenceNum": 4,
                "commenter": {
                    "userId": "382749006",
                    "displayName": "ClusterFuzz-External"
                },
                "timestamp": 1633957350,
                "amendments": [
                    {
                        "fieldName": "Cc",
                        "newOrDeltaValue": "bogda...@gmail.com rvlad...@gmail.com razva...@gmail.com"
                    }
                ]
            },
            {
                "projectName": "oss-fuzz",
                "localId": 39802,
                "sequenceNum": 5,
                "commenter": {
                    "userId": "1950284618",
                    "displayName": "sheriffbot"
                },
                "timestamp": 1641238290,
                "content": "This bug is approaching its deadline for being fixed, and will be automatically derestricted within 7 days. If a fix is planned within 2 weeks after the deadline has passed, a grace extension can be granted.\n\n- Your friendly Sheriffbot",
                "amendments": [
                    {
                        "fieldName": "Labels",
                        "newOrDeltaValue": "Deadline-Approaching"
                    }
                ]
            },
            {
                "projectName": "oss-fuzz",
                "localId": 39802,
                "sequenceNum": 6,
                "commenter": {
                    "userId": "1950284618",
                    "displayName": "sheriffbot"
                },
                "timestamp": 1641843414,
                "content": "This bug has exceeded our disclosure deadline. It has been opened to the public.\n\n- Your friendly Sheriffbot",
                "amendments": [
                    {
                        "fieldName": "Labels",
                        "newOrDeltaValue": "-restrict-view-commit -deadline-approaching Deadline-Exceeded"
                    }
                ]
            },
            {
                "projectName": "oss-fuzz",
                "localId": 39802,
                "sequenceNum": 7,
                "commenter": {
                    "userId": "382749006",
                    "displayName": "ClusterFuzz-External"
                },
                "timestamp": 1663778303,
                "content": "ClusterFuzz testcase 4784549297520640 is verified as fixed in https://oss-fuzz.com/revisions?job=libfuzzer_asan_opensips&range=202209200612:202209210604\n\nIf this is incorrect, please file a bug on https://github.com/google/oss-fuzz/issues/new",
                "amendments": [
                    {
                        "fieldName": "Status",
                        "newOrDeltaValue": "Verified",
                        "oldValue": "New"
                    },
                    {
                        "fieldName": "Labels",
                        "newOrDeltaValue": "ClusterFuzz-Verified"
                    }
                ]
            }
        ]
    },
    "fix_commit": "66898d8208d158d95a27f1a76078a29bd1e08d7e",
    "repo_addr": "https://github.com/OpenSIPS/opensips"
}