{
    "fix": "https://github.com/PCRE2Project/pcre2/commit/68f9c495178a04e055cf1b25e63edd0e59461183",
    "verify": "0",
    "localId": 20867,
    "project": "pcre2",
    "fuzzer": "libfuzzer",
    "sanitizer": "msan",
    "crash_type": "UNKNOWN WRITE",
    "severity": "High",
    "report": {
        "comments": [
            {
                "projectName": "oss-fuzz",
                "localId": 20867,
                "commenter": {
                    "userId": "382749006",
                    "displayName": "ClusterFuzz-External"
                },
                "timestamp": 1582630226,
                "content": "Detailed Report: https://oss-fuzz.com/testcase?key=6290883744104448\n\nProject: pcre2\nFuzzing Engine: libFuzzer\nFuzz Target: pcre2_fuzzer\nJob Type: libfuzzer_msan_pcre2\nPlatform Id: linux\n\nCrash Type: UNKNOWN WRITE\nCrash Address: 0x7fff9416d140\nCrash State:\n  match\n  pcre2_match_8\n  pcre2_fuzzsupport.c\n  \nSanitizer: memory (MSAN)\n\nRecommended Security Severity: High\n\nRegressed: https://oss-fuzz.com/revisions?job=libfuzzer_msan_pcre2&range=202002230413:202002250408\n\nReproducer Testcase: https://oss-fuzz.com/download?testcase_id=6290883744104448\n\nIssue filed automatically.\n\nSee https://google.github.io/oss-fuzz/advanced-topics/reproducing for instructions to reproduce this bug locally.\nWhen you fix this bug, please\n  * mention the fix revision(s).\n  * state whether the bug was a short-lived regression or an old bug in any stable releases.\n  * add any other useful information.\nThis information can help downstream consumers.\n\nIf you need to contact the OSS-Fuzz team with a question, concern, or any other feedback, please file an issue at https://github.com/google/oss-fuzz/issues. Comments on individual Monorail issues are not monitored.\n\nThis bug is subject to a 90 day disclosure deadline. If 90 days elapse\nwithout an upstream patch, then the bug report will automatically\nbecome visible to the public.",
                "descriptionNum": 1
            },
            {
                "projectName": "oss-fuzz",
                "localId": 20867,
                "sequenceNum": 1,
                "commenter": {
                    "userId": "1950284618",
                    "displayName": "sheriffbot"
                },
                "timestamp": 1582661446,
                "amendments": [
                    {
                        "fieldName": "Labels",
                        "newOrDeltaValue": "Disclosure-2020-05-25"
                    }
                ]
            },
            {
                "projectName": "oss-fuzz",
                "localId": 20867,
                "sequenceNum": 2,
                "commenter": {
                    "userId": "382749006",
                    "displayName": "ClusterFuzz-External"
                },
                "timestamp": 1582732034,
                "content": "ClusterFuzz testcase 6290883744104448 is verified as fixed in https://oss-fuzz.com/revisions?job=libfuzzer_msan_pcre2&range=202002250408:202002260413\n\nIf this is incorrect, please file a bug on https://github.com/google/oss-fuzz/issues/new",
                "amendments": [
                    {
                        "fieldName": "Status",
                        "newOrDeltaValue": "Verified",
                        "oldValue": "New"
                    },
                    {
                        "fieldName": "Labels",
                        "newOrDeltaValue": "ClusterFuzz-Verified"
                    }
                ]
            },
            {
                "projectName": "oss-fuzz",
                "localId": 20867,
                "sequenceNum": 3,
                "commenter": {
                    "userId": "1950284618",
                    "displayName": "sheriffbot"
                },
                "timestamp": 1585335214,
                "content": "This bug has been fixed for 30 days. It has been opened to the public.\n\n- Your friendly Sheriffbot",
                "amendments": [
                    {
                        "fieldName": "Labels",
                        "newOrDeltaValue": "-restrict-view-commit"
                    }
                ]
            }
        ]
    },
    "fix_commit": "68f9c495178a04e055cf1b25e63edd0e59461183",
    "repo_addr": "https://github.com/PCRE2Project/pcre2"
}