{
    "fix": "https://github.com/PCRE2Project/pcre2/commit/7d97c226c72fd794295f311e101b3cdf67942092",
    "verify": "0",
    "localId": 9542,
    "project": "pcre2",
    "fuzzer": "afl",
    "sanitizer": "asan",
    "crash_type": "Heap-buffer-overflow READ 1",
    "severity": "Medium",
    "report": {
        "comments": [
            {
                "projectName": "oss-fuzz",
                "localId": 9542,
                "commenter": {
                    "userId": "382749006",
                    "displayName": "ClusterFuzz-External"
                },
                "timestamp": 1532265206,
                "content": "Detailed report: https://oss-fuzz.com/testcase?key=5841302817079296\n\nProject: pcre2\nFuzzer: afl_pcre2_fuzzer\nFuzz target binary: pcre2_fuzzer\nJob Type: afl_asan_pcre2\nPlatform Id: linux\n\nCrash Type: Heap-buffer-overflow READ 1\nCrash Address: 0x60e0000002b3\nCrash State:\n  get_chr_property_list\n  compare_opcodes\n  _pcre2_auto_possessify_8\n  \nSanitizer: address (ASAN)\n\nRecommended Security Severity: Medium\n\nRegressed: https://oss-fuzz.com/revisions?job=afl_asan_pcre2&range=201807210550:201807220512\n\nReproducer Testcase: https://oss-fuzz.com/download?testcase_id=5841302817079296\n\nIssue filed automatically.\n\nSee https://github.com/google/oss-fuzz/blob/master/docs/reproducing.md for more information.\n\nThis bug is subject to a 90 day disclosure deadline. If 90 days elapse\nwithout an upstream patch, then the bug report will automatically\nbecome visible to the public.\n\nWhen you fix this bug, please\n  * mention the fix revision(s).\n  * state whether the bug was a short-lived regression or an old bug in any stable releases.\n  * add any other useful information.\nThis information can help downstream consumers.\n\nIf you need to contact the OSS-Fuzz team with a question, concern, or any other feedback, please file an issue at https://github.com/google/oss-fuzz/issues.",
                "descriptionNum": 1
            },
            {
                "projectName": "oss-fuzz",
                "localId": 9542,
                "sequenceNum": 1,
                "commenter": {
                    "userId": "382749006",
                    "displayName": "ClusterFuzz-External"
                },
                "timestamp": 1532265866,
                "amendments": [
                    {
                        "fieldName": "Labels",
                        "newOrDeltaValue": "OS-Linux"
                    }
                ]
            },
            {
                "projectName": "oss-fuzz",
                "localId": 9542,
                "sequenceNum": 2,
                "commenter": {
                    "userId": "382749006",
                    "displayName": "ClusterFuzz-External"
                },
                "timestamp": 1532330131,
                "content": "ClusterFuzz has detected this issue as fixed in range 201807220512:201807230523.\n\nDetailed report: https://oss-fuzz.com/testcase?key=5841302817079296\n\nProject: pcre2\nFuzzer: afl_pcre2_fuzzer\nFuzz target binary: pcre2_fuzzer\nJob Type: afl_asan_pcre2\nPlatform Id: linux\n\nCrash Type: Heap-buffer-overflow READ 1\nCrash Address: 0x60e0000002b3\nCrash State:\n  get_chr_property_list\n  compare_opcodes\n  _pcre2_auto_possessify_8\n  \nSanitizer: address (ASAN)\n\nRecommended Security Severity: Medium\n\nRegressed: https://oss-fuzz.com/revisions?job=afl_asan_pcre2&range=201807210550:201807220512\nFixed: https://oss-fuzz.com/revisions?job=afl_asan_pcre2&range=201807220512:201807230523\n\nReproducer Testcase: https://oss-fuzz.com/download?testcase_id=5841302817079296\n\nSee https://github.com/google/oss-fuzz/blob/master/docs/reproducing.md for more information.\n\nIf you suspect that the result above is incorrect, try re-doing that job on the test case report page."
            },
            {
                "projectName": "oss-fuzz",
                "localId": 9542,
                "sequenceNum": 3,
                "commenter": {
                    "userId": "382749006",
                    "displayName": "ClusterFuzz-External"
                },
                "timestamp": 1532330689,
                "content": "ClusterFuzz testcase 5841302817079296 is verified as fixed, so closing issue as verified.\n\nIf this is incorrect, please file a bug on https://github.com/google/oss-fuzz/issues/new",
                "amendments": [
                    {
                        "fieldName": "Status",
                        "newOrDeltaValue": "Verified",
                        "oldValue": "New"
                    },
                    {
                        "fieldName": "Labels",
                        "newOrDeltaValue": "ClusterFuzz-Verified"
                    }
                ]
            },
            {
                "projectName": "oss-fuzz",
                "localId": 9542,
                "sequenceNum": 4,
                "commenter": {
                    "userId": "4164592774",
                    "displayName": "sheriffbot@chromium.org"
                },
                "timestamp": 1534951544,
                "content": "This bug has been fixed for 30 days. It has been opened to the public.\n\n- Your friendly Sheriffbot",
                "amendments": [
                    {
                        "fieldName": "Labels",
                        "newOrDeltaValue": "-restrict-view-commit"
                    }
                ]
            }
        ]
    },
    "fix_commit": "7d97c226c72fd794295f311e101b3cdf67942092",
    "repo_addr": "https://github.com/PCRE2Project/pcre2"
}