{
    "fix": "https://github.com/beltoforion/muparser/commit/920a25803c6872b2b11b776b4fdefd5043ab40f1",
    "verify": "0",
    "localId": 22927,
    "project": "muparser",
    "fuzzer": "libfuzzer",
    "sanitizer": "asan",
    "crash_type": "Heap-buffer-overflow READ 8",
    "severity": "Medium",
    "report": {
        "comments": [
            {
                "projectName": "oss-fuzz",
                "localId": 22927,
                "commenter": {
                    "userId": "382749006",
                    "displayName": "ClusterFuzz-External"
                },
                "timestamp": 1591035686,
                "content": "Detailed Report: https://oss-fuzz.com/testcase?key=5670338645196800\n\nProject: muparser\nFuzzing Engine: libFuzzer\nFuzz Target: set_eval_fuzzer\nJob Type: libfuzzer_asan_muparser\nPlatform Id: linux\n\nCrash Type: Heap-buffer-overflow READ 8\nCrash Address: 0x618000000078\nCrash State:\n  mu::Parser::Sum\n  mu::ParserBase::ParseCmdCodeBulk\n  mu::ParserBase::ParseString\n  \nSanitizer: address (ASAN)\n\nRecommended Security Severity: Medium\n\nCrash Revision: https://oss-fuzz.com/revisions?job=libfuzzer_asan_muparser&revision=202006011409\n\nReproducer Testcase: https://oss-fuzz.com/download?testcase_id=5670338645196800\n\nIssue filed automatically.\n\nSee https://google.github.io/oss-fuzz/advanced-topics/reproducing for instructions to reproduce this bug locally.\nWhen you fix this bug, please\n  * mention the fix revision(s).\n  * state whether the bug was a short-lived regression or an old bug in any stable releases.\n  * add any other useful information.\nThis information can help downstream consumers.\n\nIf you need to contact the OSS-Fuzz team with a question, concern, or any other feedback, please file an issue at https://github.com/google/oss-fuzz/issues. Comments on individual Monorail issues are not monitored.\n\nThis bug is subject to a 90 day disclosure deadline. If 90 days elapse\nwithout an upstream patch, then the bug report will automatically\nbecome visible to the public.",
                "descriptionNum": 1
            },
            {
                "projectName": "oss-fuzz",
                "localId": 22927,
                "sequenceNum": 1,
                "commenter": {
                    "userId": "382749006",
                    "displayName": "ClusterFuzz-External"
                },
                "timestamp": 1591038438,
                "amendments": [
                    {
                        "fieldName": "Cc",
                        "newOrDeltaValue": "equin...@googlemail.com"
                    }
                ]
            },
            {
                "projectName": "oss-fuzz",
                "localId": 22927,
                "sequenceNum": 2,
                "commenter": {
                    "userId": "1950284618",
                    "displayName": "sheriffbot"
                },
                "timestamp": 1591042143,
                "amendments": [
                    {
                        "fieldName": "Labels",
                        "newOrDeltaValue": "Disclosure-2020-08-31"
                    }
                ]
            },
            {
                "projectName": "oss-fuzz",
                "localId": 22927,
                "sequenceNum": 3,
                "commenter": {
                    "userId": "382749006",
                    "displayName": "ClusterFuzz-External"
                },
                "timestamp": 1591647097,
                "content": "This crash occurs very frequently on linux platform and is likely preventing the fuzzer set_eval_fuzzer from making much progress. Fixing this will allow more bugs to be found.\n\nIf this is incorrect, please file a bug on https://github.com/google/oss-fuzz/issues/new",
                "amendments": [
                    {
                        "fieldName": "Labels",
                        "newOrDeltaValue": "Fuzz-Blocker"
                    }
                ]
            },
            {
                "projectName": "oss-fuzz",
                "localId": 22927,
                "sequenceNum": 4,
                "commenter": {
                    "userId": "382749006",
                    "displayName": "ClusterFuzz-External"
                },
                "timestamp": 1591713094,
                "content": "ClusterFuzz testcase 5670338645196800 is verified as fixed in https://oss-fuzz.com/revisions?job=libfuzzer_asan_muparser&range=202006080309:202006090307\n\nIf this is incorrect, please file a bug on https://github.com/google/oss-fuzz/issues/new",
                "amendments": [
                    {
                        "fieldName": "Status",
                        "newOrDeltaValue": "Verified",
                        "oldValue": "New"
                    },
                    {
                        "fieldName": "Labels",
                        "newOrDeltaValue": "ClusterFuzz-Verified"
                    }
                ]
            },
            {
                "projectName": "oss-fuzz",
                "localId": 22927,
                "sequenceNum": 5,
                "commenter": {
                    "userId": "1950284618",
                    "displayName": "sheriffbot"
                },
                "timestamp": 1594497686,
                "content": "This bug has been fixed for 30 days. It has been opened to the public.\n\n- Your friendly Sheriffbot",
                "amendments": [
                    {
                        "fieldName": "Labels",
                        "newOrDeltaValue": "-restrict-view-commit"
                    }
                ]
            }
        ]
    },
    "fix_commit": [
        "cf738a7eddc56bd64454db3d0234c39ea0fbc3e6",
        "2341772260f38958812293e8917de82d1db78c36",
        "984fdba85af3a2b0ff3ff87a6c82ae028be3f05f",
        "e9954dd1cad3ad6ee7fdfa3b0987717307ba6d1a",
        "ed089e8e641d9d4d12f5fe8281e8813c19663b4c",
        "74bf7b84acf99d6e5aedc9368ef6a0bafce10167",
        "211d926bbb03c20bfc1a48149668d9fa77abed9c",
        "fa2149242e825cac48dc14adf4af1aa32058de77",
        "ebd185caf02f2f7f63de4458bc5d1e406ba98a4b",
        "355976a10fb99dc8836ef4e41131d7e6507776dd",
        "15e686e7d959df11f01b52142c09fdbe64f27ebb",
        "3f85b95abeb9688566f26935620ae90a60104288",
        "415c216e959aa3b196b8582f87ef8c38be34cb23",
        "f086205c840c2d88043398e152426f8f0dd4185b",
        "004f03c5a503d7d874ee601bd9eb13900aa37ed5",
        "afe7aa9e0e5f691f4f908ce06575f18c6cff62b8",
        "c8b624cc7da1d7172a6d149c91754489c706ff64",
        "0ea51b60dd22c7a15a39af2aa687445d00e33bda",
        "91d2075b4e13a0b2be6c903ede5498e603fbc595",
        "43e7b030a7acd03ae5c695628b2d27131a34f841",
        "f762dea44d5a2f9d1baca45f17fa66e45dca8342",
        "bbe1c13e249a8c7001baa87216308b2738a2375b",
        "24adbcaace2c586c472d56cf5473a2231122d397",
        "79478b21901e031b33a061c10e5079a553f17d31",
        "f5fdc5a40c1782c6d411ca82d91a1c27f586d006",
        "0d00d0e9a45c76757cb3fa5888615dd128bf3c38",
        "8b27515ebd8752aa01ae0ce3bc5667b4010754db",
        "5b8b12b56242c7e4e04cdbe187daca931655f65e",
        "7d98fd9fdbcc5bc9845adc942716580a1331a4d4",
        "16d765db0f259b0e1a375007006b25954f01dd81",
        "920a25803c6872b2b11b776b4fdefd5043ab40f1"
    ],
    "repo_addr": "https://github.com/beltoforion/muparser.git"
}