{
    "fix": "https://github.com/hunspell/hunspell/commit/4631c530b0afbd57ef34ffa6260899ffa6d91eb4",
    "verify": "0",
    "localId": 51134,
    "project": "hunspell",
    "fuzzer": "afl",
    "sanitizer": "asan",
    "crash_type": "Stack-buffer-overflow READ 1",
    "severity": "Medium",
    "report": {
        "comments": [
            {
                "localId": 51134,
                "descriptionNum": 1,
                "projectName": "oss-fuzz",
                "commenter": {
                    "displayName": "ClusterFuzz-External",
                    "userId": "382749006"
                },
                "content": "Detailed Report: https://oss-fuzz.com/testcase?key=5030975893012480\n\nProject: hunspell\nFuzzing Engine: afl\nFuzz Target: affdicfuzzer\nJob Type: afl_asan_hunspell\nPlatform Id: linux\n\nCrash Type: Stack-buffer-overflow READ 1\nCrash Address: 0x7ffc62a7c898\nCrash State:\n  PfxEntry::test_condition\n  PfxEntry::checkword\n  AffixMgr::prefix_check\n  \nSanitizer: address (ASAN)\n\nRecommended Security Severity: Medium\n\nRegressed: https://oss-fuzz.com/revisions?job=afl_asan_hunspell&range=202209070609:202209080613\n\nReproducer Testcase: https://oss-fuzz.com/download?testcase_id=5030975893012480\n\nIssue manually filed by: caolanm\n\nSee https://google.github.io/oss-fuzz/advanced-topics/reproducing for instructions to reproduce this bug locally.\nWhen you fix this bug, please\n  * mention the fix revision(s).\n  * state whether the bug was a short-lived regression or an old bug in any stable releases.\n  * add any other useful information.\nThis information can help downstream consumers.\n\nIf you need to contact the OSS-Fuzz team with a question, concern, or any other feedback, please file an issue at https://github.com/google/oss-fuzz/issues. Comments on individual Monorail issues are not monitored.\n\nThis bug is subject to a 90 day disclosure deadline. If 90 days elapse\nwithout an upstream patch, then the bug report will automatically\nbecome visible to the public.",
                "timestamp": 1662654393
            },
            {
                "amendments": [
                    {
                        "fieldName": "Labels",
                        "newOrDeltaValue": "Disclosure-2022-12-07"
                    }
                ],
                "localId": 51134,
                "projectName": "oss-fuzz",
                "commenter": {
                    "displayName": "sheriffbot",
                    "userId": "1950284618"
                },
                "sequenceNum": 1,
                "timestamp": 1662663388
            },
            {
                "amendments": [
                    {
                        "fieldName": "Status",
                        "oldValue": "New",
                        "newOrDeltaValue": "Verified"
                    },
                    {
                        "fieldName": "Labels",
                        "newOrDeltaValue": "ClusterFuzz-Verified"
                    }
                ],
                "localId": 51134,
                "projectName": "oss-fuzz",
                "commenter": {
                    "displayName": "ClusterFuzz-External",
                    "userId": "382749006"
                },
                "content": "ClusterFuzz testcase 5030975893012480 is verified as fixed in https://oss-fuzz.com/revisions?job=afl_asan_hunspell&range=202209080613:202209090612\n\nIf this is incorrect, please file a bug on https://github.com/google/oss-fuzz/issues/new",
                "sequenceNum": 2,
                "timestamp": 1662710913
            },
            {
                "amendments": [
                    {
                        "fieldName": "Labels",
                        "newOrDeltaValue": "-restrict-view-commit"
                    }
                ],
                "localId": 51134,
                "projectName": "oss-fuzz",
                "commenter": {
                    "displayName": "sheriffbot",
                    "userId": "1950284618"
                },
                "content": "This bug has been fixed. It has been opened to the public.\n\n- Your friendly Sheriffbot",
                "sequenceNum": 3,
                "timestamp": 1662835503
            }
        ]
    },
    "fix_commit": "4631c530b0afbd57ef34ffa6260899ffa6d91eb4",
    "repo_addr": "https://github.com/hunspell/hunspell.git"
}