{
    "fix": "https://github.com/hunspell/hunspell/commit/c6d900cfd5d10c428008dc40f804b9d9319cec87",
    "verify": "0",
    "localId": 56737,
    "project": "hunspell",
    "fuzzer": "libfuzzer",
    "sanitizer": "asan",
    "crash_type": "Heap-use-after-free READ 2",
    "severity": "Medium",
    "report": {
        "comments": [
            {
                "projectName": "oss-fuzz",
                "localId": 56737,
                "commenter": {
                    "userId": "382749006",
                    "displayName": "ClusterFuzz-External"
                },
                "timestamp": 1678131829,
                "content": "Detailed Report: https://oss-fuzz.com/testcase?key=4826079711068160\n\nProject: hunspell\nFuzzing Engine: libFuzzer\nFuzz Target: affdicfuzzer\nJob Type: libfuzzer_asan_hunspell\nPlatform Id: linux\n\nCrash Type: Heap-use-after-free READ 2\nCrash Address: 0x631000034800\nCrash State:\n  HashMgr::add_word\n  HashMgr::load_tables\n  HashMgr::HashMgr\n  \nSanitizer: address (ASAN)\n\nRecommended Security Severity: Medium\n\nRegressed: https://oss-fuzz.com/revisions?job=libfuzzer_asan_hunspell&range=202301060609:202301070609\n\nReproducer Testcase: https://oss-fuzz.com/download?testcase_id=4826079711068160\n\nIssue filed automatically.\n\nSee https://google.github.io/oss-fuzz/advanced-topics/reproducing for instructions to reproduce this bug locally.\nWhen you fix this bug, please\n  * mention the fix revision(s).\n  * state whether the bug was a short-lived regression or an old bug in any stable releases.\n  * add any other useful information.\nThis information can help downstream consumers.\n\nIf you need to contact the OSS-Fuzz team with a question, concern, or any other feedback, please file an issue at https://github.com/google/oss-fuzz/issues. Comments on individual Monorail issues are not monitored.\n\nThis bug is subject to a 90 day disclosure deadline. If 90 days elapse\nwithout an upstream patch, then the bug report will automatically\nbecome visible to the public.",
                "descriptionNum": 1
            },
            {
                "projectName": "oss-fuzz",
                "localId": 56737,
                "sequenceNum": 1,
                "commenter": {
                    "userId": "1950284618",
                    "displayName": "sheriffbot"
                },
                "timestamp": 1678132740,
                "amendments": [
                    {
                        "fieldName": "Labels",
                        "newOrDeltaValue": "Disclosure-2023-06-05"
                    }
                ]
            },
            {
                "projectName": "oss-fuzz",
                "localId": 56737,
                "sequenceNum": 2,
                "commenter": {
                    "userId": "382749006",
                    "displayName": "ClusterFuzz-External"
                },
                "timestamp": 1678292650,
                "content": "ClusterFuzz testcase 4826079711068160 is verified as fixed in https://oss-fuzz.com/revisions?job=libfuzzer_asan_hunspell&range=202303070609:202303080610\n\nIf this is incorrect, please file a bug on https://github.com/google/oss-fuzz/issues/new",
                "amendments": [
                    {
                        "fieldName": "Status",
                        "newOrDeltaValue": "Verified",
                        "oldValue": "New"
                    },
                    {
                        "fieldName": "Labels",
                        "newOrDeltaValue": "ClusterFuzz-Verified"
                    }
                ]
            },
            {
                "projectName": "oss-fuzz",
                "localId": 56737,
                "sequenceNum": 3,
                "commenter": {
                    "userId": "1950284618",
                    "displayName": "sheriffbot"
                },
                "timestamp": 1678304846,
                "content": "This bug has been fixed. It has been opened to the public.\n\n- Your friendly Sheriffbot",
                "amendments": [
                    {
                        "fieldName": "Labels",
                        "newOrDeltaValue": "-restrict-view-commit"
                    }
                ]
            }
        ]
    },
    "fix_commit": "c6d900cfd5d10c428008dc40f804b9d9319cec87",
    "repo_addr": "https://github.com/hunspell/hunspell.git"
}