{
    "fix": "https://github.com/hunspell/hunspell/commit/2d71200264234c2c59e3daa1a40576f794518564",
    "verify": "0",
    "localId": 58133,
    "project": "hunspell",
    "fuzzer": "libfuzzer",
    "sanitizer": "asan",
    "crash_type": "Heap-double-free",
    "severity": "High",
    "report": {
        "comments": [
            {
                "projectName": "oss-fuzz",
                "localId": 58133,
                "commenter": {
                    "userId": "382749006",
                    "displayName": "ClusterFuzz-External"
                },
                "timestamp": 1681825116,
                "content": "Detailed Report: https://oss-fuzz.com/testcase?key=6668957611589632\n\nProject: hunspell\nFuzzing Engine: libFuzzer\nFuzz Target: affdicfuzzer\nJob Type: libfuzzer_asan_hunspell\nPlatform Id: linux\n\nCrash Type: Heap-double-free\nCrash Address: 0x6020000000b0\nCrash State:\n  HashMgr::~HashMgr\n  HunspellImpl::~HunspellImpl\n  Hunspell::~Hunspell\n  \nSanitizer: address (ASAN)\n\nRecommended Security Severity: High\n\nRegressed: https://oss-fuzz.com/revisions?job=libfuzzer_asan_hunspell&range=202209070609:202209080613\n\nReproducer Testcase: https://oss-fuzz.com/download?testcase_id=6668957611589632\n\nIssue filed automatically.\n\nSee https://google.github.io/oss-fuzz/advanced-topics/reproducing for instructions to reproduce this bug locally.\nWhen you fix this bug, please\n  * mention the fix revision(s).\n  * state whether the bug was a short-lived regression or an old bug in any stable releases.\n  * add any other useful information.\nThis information can help downstream consumers.\n\nIf you need to contact the OSS-Fuzz team with a question, concern, or any other feedback, please file an issue at https://github.com/google/oss-fuzz/issues. Comments on individual Monorail issues are not monitored.\n\nThis bug is subject to a 90 day disclosure deadline. If 90 days elapse\nwithout an upstream patch, then the bug report will automatically\nbecome visible to the public.",
                "descriptionNum": 1
            },
            {
                "projectName": "oss-fuzz",
                "localId": 58133,
                "sequenceNum": 1,
                "commenter": {
                    "userId": "1950284618",
                    "displayName": "sheriffbot"
                },
                "timestamp": 1681844004,
                "amendments": [
                    {
                        "fieldName": "Labels",
                        "newOrDeltaValue": "Disclosure-2023-07-17"
                    }
                ]
            },
            {
                "projectName": "oss-fuzz",
                "localId": 58133,
                "sequenceNum": 2,
                "commenter": {
                    "userId": "382749006",
                    "displayName": "ClusterFuzz-External"
                },
                "timestamp": 1682009557,
                "content": "ClusterFuzz testcase 6668957611589632 is verified as fixed in https://oss-fuzz.com/revisions?job=libfuzzer_asan_hunspell&range=202304190620:202304200617\n\nIf this is incorrect, please file a bug on https://github.com/google/oss-fuzz/issues/new",
                "amendments": [
                    {
                        "fieldName": "Status",
                        "newOrDeltaValue": "Verified",
                        "oldValue": "New"
                    },
                    {
                        "fieldName": "Labels",
                        "newOrDeltaValue": "ClusterFuzz-Verified"
                    }
                ]
            },
            {
                "projectName": "oss-fuzz",
                "localId": 58133,
                "sequenceNum": 3,
                "commenter": {
                    "userId": "1950284618",
                    "displayName": "sheriffbot"
                },
                "timestamp": 1682026538,
                "content": "This bug has been fixed. It has been opened to the public.\n\n- Your friendly Sheriffbot",
                "amendments": [
                    {
                        "fieldName": "Labels",
                        "newOrDeltaValue": "-restrict-view-commit"
                    }
                ]
            }
        ]
    },
    "fix_commit": "2d71200264234c2c59e3daa1a40576f794518564",
    "repo_addr": "https://github.com/hunspell/hunspell.git"
}