{
    "fix": "https://github.com/ntop/nDPI/commit/3eb9907dd7bfd21be4980632761852eaee5aec81",
    "verify": "0",
    "localId": 20747,
    "project": "ndpi",
    "fuzzer": "honggfuzz",
    "sanitizer": "asan",
    "crash_type": "UNKNOWN",
    "severity": "Medium",
    "report": {
        "comments": [
            {
                "projectName": "oss-fuzz",
                "localId": 20747,
                "commenter": {
                    "userId": "382749006",
                    "displayName": "ClusterFuzz-External"
                },
                "timestamp": 1581868618,
                "content": "Detailed Report: https://oss-fuzz.com/testcase?key=5742320670736384\n\nProject: ndpi\nFuzzing Engine: honggfuzz\nFuzz Target: fuzz_ndpi_reader\nJob Type: honggfuzz_asan_ndpi\nPlatform Id: linux\n\nCrash Type: UNKNOWN\nCrash Address: 0x60400000fffb\nCrash State:\n  get_ndpi_flow_info6\n  packet_processing\n  ndpi_workflow_process_packet\n  \nSanitizer: address (ASAN)\n\nRecommended Security Severity: Medium\n\nRegressed: https://oss-fuzz.com/revisions?job=honggfuzz_asan_ndpi&range=202001150336:202001160513\n\nReproducer Testcase: https://oss-fuzz.com/download?testcase_id=5742320670736384\n\nIssue filed automatically.\n\nSee https://google.github.io/oss-fuzz/advanced-topics/reproducing for instructions to reproduce this bug locally.\nWhen you fix this bug, please\n  * mention the fix revision(s).\n  * state whether the bug was a short-lived regression or an old bug in any stable releases.\n  * add any other useful information.\nThis information can help downstream consumers.\n\nIf you need to contact the OSS-Fuzz team with a question, concern, or any other feedback, please file an issue at https://github.com/google/oss-fuzz/issues. Comments on individual Monorail issues are not monitored.\n\nThis bug is subject to a 90 day disclosure deadline. If 90 days elapse\nwithout an upstream patch, then the bug report will automatically\nbecome visible to the public.",
                "descriptionNum": 1
            },
            {
                "projectName": "oss-fuzz",
                "localId": 20747,
                "sequenceNum": 1,
                "commenter": {
                    "userId": "382749006",
                    "displayName": "ClusterFuzz-External"
                },
                "timestamp": 1581870822,
                "content": "This crash occurs very frequently on linux platform and is likely preventing the fuzzer fuzz_ndpi_reader from making much progress. Fixing this will allow more bugs to be found.\n\nIf this is incorrect, please file a bug on https://github.com/google/oss-fuzz/issues/new",
                "amendments": [
                    {
                        "fieldName": "Labels",
                        "newOrDeltaValue": "Fuzz-Blocker"
                    }
                ]
            },
            {
                "projectName": "oss-fuzz",
                "localId": 20747,
                "sequenceNum": 2,
                "commenter": {
                    "userId": "1950284618",
                    "displayName": "sheriffbot"
                },
                "timestamp": 1581877777,
                "amendments": [
                    {
                        "fieldName": "Labels",
                        "newOrDeltaValue": "Disclosure-2020-05-18"
                    }
                ]
            },
            {
                "projectName": "oss-fuzz",
                "localId": 20747,
                "sequenceNum": 3,
                "commenter": {
                    "userId": "382749006",
                    "displayName": "ClusterFuzz-External"
                },
                "timestamp": 1582211992,
                "content": "ClusterFuzz testcase 5742320670736384 is verified as fixed in https://oss-fuzz.com/revisions?job=honggfuzz_asan_ndpi&range=202002190356:202002200402\n\nIf this is incorrect, please file a bug on https://github.com/google/oss-fuzz/issues/new",
                "amendments": [
                    {
                        "fieldName": "Status",
                        "newOrDeltaValue": "Verified",
                        "oldValue": "New"
                    },
                    {
                        "fieldName": "Labels",
                        "newOrDeltaValue": "ClusterFuzz-Verified"
                    }
                ]
            },
            {
                "projectName": "oss-fuzz",
                "localId": 20747,
                "sequenceNum": 4,
                "commenter": {
                    "userId": "1950284618",
                    "displayName": "sheriffbot"
                },
                "timestamp": 1584816890,
                "content": "This bug has been fixed for 30 days. It has been opened to the public.\n\n- Your friendly Sheriffbot",
                "amendments": [
                    {
                        "fieldName": "Labels",
                        "newOrDeltaValue": "-restrict-view-commit"
                    }
                ]
            }
        ]
    },
    "fix_commit": "3eb9907dd7bfd21be4980632761852eaee5aec81",
    "repo_addr": "https://github.com/ntop/nDPI.git"
}