{
    "fix": "https://github.com/ntop/nDPI/commit/8f45f51e6ccb8b3bf65edc2f1252da1a1dad24df",
    "verify": "0",
    "localId": 20777,
    "project": "ndpi",
    "fuzzer": "libfuzzer",
    "sanitizer": "asan",
    "crash_type": "Heap-buffer-overflow READ {*}",
    "severity": "Medium",
    "report": {
        "comments": [
            {
                "projectName": "oss-fuzz",
                "localId": 20777,
                "commenter": {
                    "userId": "382749006",
                    "displayName": "ClusterFuzz-External"
                },
                "timestamp": 1582080864,
                "content": "Detailed Report: https://oss-fuzz.com/testcase?key=5629788964519936\n\nProject: ndpi\nFuzzing Engine: libFuzzer\nFuzz Target: fuzz_process_packet\nJob Type: libfuzzer_asan_ndpi\nPlatform Id: linux\n\nCrash Type: Heap-buffer-overflow READ {*}\nCrash Address: 0x607000000458\nCrash State:\n  ndpi_add_connection_as_bittorrent\n  ndpi_int_search_bittorrent_tcp_zero\n  check_ndpi_tcp_flow_func\n  \nSanitizer: address (ASAN)\n\nRecommended Security Severity: Medium\n\nRegressed: https://oss-fuzz.com/revisions?job=libfuzzer_asan_ndpi&range=202002130555:202002140557\n\nReproducer Testcase: https://oss-fuzz.com/download?testcase_id=5629788964519936\n\nIssue filed automatically.\n\nSee https://google.github.io/oss-fuzz/advanced-topics/reproducing for instructions to reproduce this bug locally.\nWhen you fix this bug, please\n  * mention the fix revision(s).\n  * state whether the bug was a short-lived regression or an old bug in any stable releases.\n  * add any other useful information.\nThis information can help downstream consumers.\n\nIf you need to contact the OSS-Fuzz team with a question, concern, or any other feedback, please file an issue at https://github.com/google/oss-fuzz/issues. Comments on individual Monorail issues are not monitored.\n\nThis bug is subject to a 90 day disclosure deadline. If 90 days elapse\nwithout an upstream patch, then the bug report will automatically\nbecome visible to the public.",
                "descriptionNum": 1
            },
            {
                "projectName": "oss-fuzz",
                "localId": 20777,
                "sequenceNum": 1,
                "commenter": {
                    "userId": "1950284618",
                    "displayName": "sheriffbot"
                },
                "timestamp": 1582137091,
                "amendments": [
                    {
                        "fieldName": "Labels",
                        "newOrDeltaValue": "Disclosure-2020-05-19"
                    }
                ]
            },
            {
                "projectName": "oss-fuzz",
                "localId": 20777,
                "sequenceNum": 2,
                "commenter": {
                    "userId": "382749006",
                    "displayName": "ClusterFuzz-External"
                },
                "timestamp": 1582989852,
                "content": "ClusterFuzz testcase 5629788964519936 is verified as fixed in https://oss-fuzz.com/revisions?job=libfuzzer_asan_ndpi&range=202002280359:202002281751\n\nIf this is incorrect, please file a bug on https://github.com/google/oss-fuzz/issues/new",
                "amendments": [
                    {
                        "fieldName": "Status",
                        "newOrDeltaValue": "Verified",
                        "oldValue": "New"
                    },
                    {
                        "fieldName": "Labels",
                        "newOrDeltaValue": "ClusterFuzz-Verified"
                    }
                ]
            },
            {
                "projectName": "oss-fuzz",
                "localId": 20777,
                "sequenceNum": 3,
                "commenter": {
                    "userId": "1950284618",
                    "displayName": "sheriffbot"
                },
                "timestamp": 1585594386,
                "content": "This bug has been fixed for 30 days. It has been opened to the public.\n\n- Your friendly Sheriffbot",
                "amendments": [
                    {
                        "fieldName": "Labels",
                        "newOrDeltaValue": "-restrict-view-commit"
                    }
                ]
            }
        ]
    },
    "fix_commit": [
        "6fe95358812323fcf614fba8f8e5a43f43d164bb",
        "8f45f51e6ccb8b3bf65edc2f1252da1a1dad24df"
    ],
    "repo_addr": "https://github.com/ntop/nDPI.git"
}