{
    "fix": "https://github.com/ntop/nDPI/commit/29315cee6dafc05ab387bd2fd24b991120798985",
    "verify": "0",
    "localId": 22122,
    "project": "ndpi",
    "fuzzer": "libfuzzer",
    "sanitizer": "asan",
    "crash_type": "Segv on unknown address",
    "report": {
        "comments": [
            {
                "projectName": "oss-fuzz",
                "localId": 22122,
                "commenter": {
                    "userId": "382749006",
                    "displayName": "ClusterFuzz-External"
                },
                "timestamp": 1588950911,
                "content": "Detailed Report: https://oss-fuzz.com/testcase?key=5715653119180800\n\nProject: ndpi\nFuzzing Engine: libFuzzer\nFuzz Target: fuzz_ndpi_reader\nJob Type: libfuzzer_asan_ndpi\nPlatform Id: linux\n\nCrash Type: Segv on unknown address\nCrash Address: \nCrash State:\n  process_ndpi_collected_info\n  packet_processing\n  ndpi_workflow_process_packet\n  \nSanitizer: address (ASAN)\n\nRegressed: https://oss-fuzz.com/revisions?job=libfuzzer_asan_ndpi&range=202005070412:202005080256\n\nReproducer Testcase: https://oss-fuzz.com/download?testcase_id=5715653119180800\n\nIssue filed automatically.\n\nSee https://google.github.io/oss-fuzz/advanced-topics/reproducing for instructions to reproduce this bug locally.\nWhen you fix this bug, please\n  * mention the fix revision(s).\n  * state whether the bug was a short-lived regression or an old bug in any stable releases.\n  * add any other useful information.\nThis information can help downstream consumers.\n\nIf you need to contact the OSS-Fuzz team with a question, concern, or any other feedback, please file an issue at https://github.com/google/oss-fuzz/issues. Comments on individual Monorail issues are not monitored.\n\nThis bug is subject to a 90 day disclosure deadline. If 90 days elapse\nwithout an upstream patch, then the bug report will automatically\nbecome visible to the public.",
                "descriptionNum": 1
            },
            {
                "projectName": "oss-fuzz",
                "localId": 22122,
                "sequenceNum": 1,
                "commenter": {
                    "userId": "1950284618",
                    "displayName": "sheriffbot"
                },
                "timestamp": 1589055247,
                "amendments": [
                    {
                        "fieldName": "Labels",
                        "newOrDeltaValue": "Disclosure-2020-08-06"
                    }
                ]
            },
            {
                "projectName": "oss-fuzz",
                "localId": 22122,
                "sequenceNum": 2,
                "commenter": {
                    "userId": "382749006",
                    "displayName": "ClusterFuzz-External"
                },
                "timestamp": 1593881588,
                "content": "This crash occurs very frequently on linux platform and is likely preventing the fuzzer fuzz_ndpi_reader from making much progress. Fixing this will allow more bugs to be found.\n\nIf this is incorrect, please file a bug on https://github.com/google/oss-fuzz/issues/new",
                "amendments": [
                    {
                        "fieldName": "Labels",
                        "newOrDeltaValue": "Fuzz-Blocker"
                    }
                ]
            },
            {
                "projectName": "oss-fuzz",
                "localId": 22122,
                "sequenceNum": 3,
                "commenter": {
                    "userId": "382749006",
                    "displayName": "ClusterFuzz-External"
                },
                "timestamp": 1595515281,
                "content": "ClusterFuzz testcase 5715653119180800 is verified as fixed in https://oss-fuzz.com/revisions?job=libfuzzer_asan_ndpi&range=202007070340:202007230346\n\nIf this is incorrect, please file a bug on https://github.com/google/oss-fuzz/issues/new",
                "amendments": [
                    {
                        "fieldName": "Status",
                        "newOrDeltaValue": "Verified",
                        "oldValue": "New"
                    },
                    {
                        "fieldName": "Labels",
                        "newOrDeltaValue": "ClusterFuzz-Verified"
                    }
                ]
            },
            {
                "projectName": "oss-fuzz",
                "localId": 22122,
                "sequenceNum": 4,
                "commenter": {
                    "userId": "1950284618",
                    "displayName": "sheriffbot"
                },
                "timestamp": 1596744907,
                "content": "This bug has exceeded our disclosure deadline. It has been opened to the public.\n\n- Your friendly Sheriffbot",
                "amendments": [
                    {
                        "fieldName": "Labels",
                        "newOrDeltaValue": "-restrict-view-commit"
                    }
                ]
            }
        ]
    },
    "fix_commit": [
        "1c60c22893e465da75b825ce4bab80ca018e9104",
        "e308e59002539a989e87c72bdb462b9652e304b3",
        "f1dd8bc8c5254f2910c609e7aa56869c55bebe00",
        "fb04dbbc47510a9dc87d302b9bbead33bfd0c508",
        "ccb30a04ad6f7b0e954549c3e961312b143bc511",
        "5be9370cd2aec01568dcea44bea62c2f5bab83cc",
        "fd6a5bc1cdd3134e96a7c7d4a3c110f702e0d28f",
        "20fed83e0f648309d259a367f9e7959a665d292b",
        "f75984633b25017d13e60d9f2d48515f856b166d",
        "d658ac9e61a78122c9fe0cfba3797dead382ba3b",
        "24fea66a26dcf621b0669b3e2315d694f3a2bf20",
        "ce023599530bb6ae02879959b9a1830622d97d31",
        "b8d406b1f896ca879464670f601b5a941e1a97da",
        "6511db89413f101d3efafa073b44ad8392181bfa",
        "014fdd9a024cae8c8b46334b6557b82b974acacb",
        "12abcd516b468f6e0070308fa57052b93aa3a3ca",
        "35f1c362b9c005a1094f19cd4cdf5039e5e887d5",
        "23c07215388f6d5a2ee3a0e3b63fba92e2cbb085",
        "96c193cf795fbe7b55f8633404884099fcdc0d80",
        "802254327a71cc3103784579911db86b12d3918e",
        "e2e030309924a8242aa06876814e8b21ad2be536",
        "7744c225f9d557b6df3ce21ebc553a537f05efb0",
        "a8ad99aca53791ff5dde5ae66d774ef612c1e77c",
        "91d132ea3dd99e10012916f1a1ededad2e0eefab",
        "9f3e3e8456f204edfc2d626b6473bb2278a1b9cb",
        "46e97d5da394aed103b6e41336699c7209fb03b0",
        "69ca98ca3557005e36a0411ec526b464d88039bf",
        "acd05b171eee29d50a112179d847371b5466cec1",
        "a268952068e4593e9662b4bc98ce79fd547d64b4",
        "6e1dcba9dde841bd0de8fcb67687b80e02731948",
        "64fb40d21ed81acadd5bd51fc68924b6e37135c6",
        "f452dabd929a18304c3d84c02d24dc9e9245fded",
        "29315cee6dafc05ab387bd2fd24b991120798985"
    ],
    "repo_addr": "https://github.com/ntop/nDPI.git"
}