{
    "fix": "https://github.com/ntop/nDPI/commit/53a5c354d833770196852ee94b0abefb73ffd8b8",
    "verify": "0",
    "localId": 25468,
    "project": "ndpi",
    "fuzzer": "afl",
    "sanitizer": "asan",
    "crash_type": "Segv on unknown address",
    "report": {
        "comments": [
            {
                "projectName": "oss-fuzz",
                "localId": 25468,
                "commenter": {
                    "userId": "382749006",
                    "displayName": "ClusterFuzz-External"
                },
                "timestamp": 1599406687,
                "content": "Detailed Report: https://oss-fuzz.com/testcase?key=4854142840078336\n\nProject: ndpi\nFuzzing Engine: afl\nFuzz Target: fuzz_process_packet\nJob Type: afl_asan_ndpi\nPlatform Id: linux\n\nCrash Type: Segv on unknown address\nCrash Address: \nCrash State:\n  ndpi_free\n  ndpi_free_flow\n  fuzz_process_packet.c\n  \nSanitizer: address (ASAN)\n\nRegressed: https://oss-fuzz.com/revisions?job=afl_asan_ndpi&range=202008220615:202008230618\n\nReproducer Testcase: https://oss-fuzz.com/download?testcase_id=4854142840078336\n\nIssue filed automatically.\n\nSee https://google.github.io/oss-fuzz/advanced-topics/reproducing for instructions to reproduce this bug locally.\nWhen you fix this bug, please\n  * mention the fix revision(s).\n  * state whether the bug was a short-lived regression or an old bug in any stable releases.\n  * add any other useful information.\nThis information can help downstream consumers.\n\nIf you need to contact the OSS-Fuzz team with a question, concern, or any other feedback, please file an issue at https://github.com/google/oss-fuzz/issues. Comments on individual Monorail issues are not monitored.\n\nThis bug is subject to a 90 day disclosure deadline. If 90 days elapse\nwithout an upstream patch, then the bug report will automatically\nbecome visible to the public.",
                "descriptionNum": 1
            },
            {
                "projectName": "oss-fuzz",
                "localId": 25468,
                "sequenceNum": 1,
                "commenter": {
                    "userId": "1950284618",
                    "displayName": "sheriffbot"
                },
                "timestamp": 1599423234,
                "amendments": [
                    {
                        "fieldName": "Labels",
                        "newOrDeltaValue": "Disclosure-2020-12-07"
                    }
                ]
            },
            {
                "projectName": "oss-fuzz",
                "localId": 25468,
                "sequenceNum": 2,
                "commenter": {
                    "userId": "382749006",
                    "displayName": "ClusterFuzz-External"
                },
                "timestamp": 1606058647,
                "content": "ClusterFuzz testcase 4854142840078336 is verified as fixed in https://oss-fuzz.com/revisions?job=afl_asan_ndpi&range=202011210611:202011220623\n\nIf this is incorrect, please file a bug on https://github.com/google/oss-fuzz/issues/new",
                "amendments": [
                    {
                        "fieldName": "Status",
                        "newOrDeltaValue": "Verified",
                        "oldValue": "New"
                    },
                    {
                        "fieldName": "Labels",
                        "newOrDeltaValue": "ClusterFuzz-Verified"
                    }
                ]
            },
            {
                "projectName": "oss-fuzz",
                "localId": 25468,
                "sequenceNum": 3,
                "commenter": {
                    "userId": "1950284618",
                    "displayName": "sheriffbot"
                },
                "timestamp": 1607371159,
                "content": "This bug has exceeded our disclosure deadline. It has been opened to the public.\n\n- Your friendly Sheriffbot",
                "amendments": [
                    {
                        "fieldName": "Labels",
                        "newOrDeltaValue": "-restrict-view-commit"
                    }
                ]
            }
        ]
    },
    "fix_commit": "53a5c354d833770196852ee94b0abefb73ffd8b8",
    "repo_addr": "https://github.com/ntop/nDPI.git"
}