{
    "fix": "https://github.com/ntop/nDPI/commit/c4fb2a590e2648ee52641b3afe22157d2e9173d3",
    "verify": "0",
    "localId": 52435,
    "project": "ndpi",
    "fuzzer": "libfuzzer",
    "sanitizer": "asan",
    "crash_type": "UNKNOWN READ",
    "severity": "Medium",
    "report": {
        "comments": [
            {
                "projectName": "oss-fuzz",
                "localId": 52435,
                "commenter": {
                    "userId": "382749006",
                    "displayName": "ClusterFuzz-External"
                },
                "timestamp": 1665842040,
                "content": "Detailed Report: https://oss-fuzz.com/testcase?key=6638761324969984\n\nProject: ndpi\nFuzzing Engine: libFuzzer\nFuzz Target: fuzz_process_packet\nJob Type: libfuzzer_asan_ndpi\nPlatform Id: linux\n\nCrash Type: UNKNOWN READ\nCrash Address: 0x6080008c0000\nCrash State:\n  ndpi_search_irc_tcp\n  check_ndpi_detection_func\n  ndpi_detection_process_packet\n  \nSanitizer: address (ASAN)\n\nRecommended Security Severity: Medium\n\nRegressed: https://oss-fuzz.com/revisions?job=libfuzzer_asan_ndpi&range=202210050600:202210060610\n\nReproducer Testcase: https://oss-fuzz.com/download?testcase_id=6638761324969984\n\nIssue filed automatically.\n\nSee https://google.github.io/oss-fuzz/advanced-topics/reproducing for instructions to reproduce this bug locally.\nWhen you fix this bug, please\n  * mention the fix revision(s).\n  * state whether the bug was a short-lived regression or an old bug in any stable releases.\n  * add any other useful information.\nThis information can help downstream consumers.\n\nIf you need to contact the OSS-Fuzz team with a question, concern, or any other feedback, please file an issue at https://github.com/google/oss-fuzz/issues. Comments on individual Monorail issues are not monitored.\n\nThis bug is subject to a 90 day disclosure deadline. If 90 days elapse\nwithout an upstream patch, then the bug report will automatically\nbecome visible to the public.",
                "descriptionNum": 1
            },
            {
                "projectName": "oss-fuzz",
                "localId": 52435,
                "sequenceNum": 1,
                "commenter": {
                    "userId": "1950284618",
                    "displayName": "sheriffbot"
                },
                "timestamp": 1665860003,
                "amendments": [
                    {
                        "fieldName": "Labels",
                        "newOrDeltaValue": "Disclosure-2023-01-13"
                    }
                ]
            },
            {
                "projectName": "oss-fuzz",
                "localId": 52435,
                "sequenceNum": 2,
                "commenter": {
                    "userId": "382749006",
                    "displayName": "ClusterFuzz-External"
                },
                "timestamp": 1666797055,
                "content": "ClusterFuzz testcase 6638761324969984 is verified as fixed in https://oss-fuzz.com/revisions?job=libfuzzer_asan_ndpi&range=202210250611:202210260610\n\nIf this is incorrect, please file a bug on https://github.com/google/oss-fuzz/issues/new",
                "amendments": [
                    {
                        "fieldName": "Status",
                        "newOrDeltaValue": "Verified",
                        "oldValue": "New"
                    },
                    {
                        "fieldName": "Labels",
                        "newOrDeltaValue": "ClusterFuzz-Verified"
                    }
                ]
            },
            {
                "projectName": "oss-fuzz",
                "localId": 52435,
                "sequenceNum": 3,
                "commenter": {
                    "userId": "1950284618",
                    "displayName": "sheriffbot"
                },
                "timestamp": 1666809891,
                "content": "This bug has been fixed. It has been opened to the public.\n\n- Your friendly Sheriffbot",
                "amendments": [
                    {
                        "fieldName": "Labels",
                        "newOrDeltaValue": "-restrict-view-commit"
                    }
                ]
            }
        ]
    },
    "fix_commit": "c4fb2a590e2648ee52641b3afe22157d2e9173d3",
    "repo_addr": "https://github.com/ntop/nDPI.git"
}