{
    "fix": "https://github.com/ntop/nDPI/commit/3a1600ff26d02a3440186a6e8355521086a7e11f",
    "verify": "0",
    "localId": 60070,
    "project": "ndpi",
    "fuzzer": "honggfuzz",
    "sanitizer": "asan",
    "crash_type": "Heap-buffer-overflow WRITE {*}",
    "severity": "High",
    "report": {
        "comments": [
            {
                "projectName": "oss-fuzz",
                "localId": 60070,
                "commenter": {
                    "userId": "382749006",
                    "displayName": "ClusterFuzz-External"
                },
                "timestamp": 1687588024,
                "content": "Detailed Report: https://oss-fuzz.com/testcase?key=4586233679183872\n\nProject: ndpi\nFuzzing Engine: honggfuzz\nFuzz Target: fuzz_ndpi_reader_alloc_fail\nJob Type: honggfuzz_asan_ndpi\nPlatform Id: linux\n\nCrash Type: Heap-buffer-overflow WRITE {*}\nCrash Address: 0x619000000418\nCrash State:\n  ndpi_search_thrift_tcp_udp\n  check_ndpi_detection_func\n  ndpi_check_flow_func\n  \nSanitizer: address (ASAN)\n\nRecommended Security Severity: High\n\nRegressed: https://oss-fuzz.com/revisions?job=honggfuzz_asan_ndpi&range=202306220609:202306230606\n\nReproducer Testcase: https://oss-fuzz.com/download?testcase_id=4586233679183872\n\nIssue filed automatically.\n\nSee https://google.github.io/oss-fuzz/advanced-topics/reproducing for instructions to reproduce this bug locally.\nWhen you fix this bug, please\n  * mention the fix revision(s).\n  * state whether the bug was a short-lived regression or an old bug in any stable releases.\n  * add any other useful information.\nThis information can help downstream consumers.\n\nIf you need to contact the OSS-Fuzz team with a question, concern, or any other feedback, please file an issue at https://github.com/google/oss-fuzz/issues. Comments on individual Monorail issues are not monitored.\n\nThis bug is subject to a 90 day disclosure deadline. If 90 days elapse\nwithout an upstream patch, then the bug report will automatically\nbecome visible to the public.",
                "descriptionNum": 1
            },
            {
                "projectName": "oss-fuzz",
                "localId": 60070,
                "sequenceNum": 1,
                "commenter": {
                    "userId": "1950284618",
                    "displayName": "sheriffbot"
                },
                "timestamp": 1687633211,
                "amendments": [
                    {
                        "fieldName": "Labels",
                        "newOrDeltaValue": "Disclosure-2023-09-22"
                    }
                ]
            },
            {
                "projectName": "oss-fuzz",
                "localId": 60070,
                "sequenceNum": 2,
                "commenter": {
                    "userId": "382749006",
                    "displayName": "ClusterFuzz-External"
                },
                "timestamp": 1687877320,
                "content": "ClusterFuzz testcase 4586233679183872 is verified as fixed in https://oss-fuzz.com/revisions?job=honggfuzz_asan_ndpi&range=202306260601:202306270600\n\nIf this is incorrect, please file a bug on https://github.com/google/oss-fuzz/issues/new",
                "amendments": [
                    {
                        "fieldName": "Status",
                        "newOrDeltaValue": "Verified",
                        "oldValue": "New"
                    },
                    {
                        "fieldName": "Labels",
                        "newOrDeltaValue": "ClusterFuzz-Verified"
                    }
                ]
            },
            {
                "projectName": "oss-fuzz",
                "localId": 60070,
                "sequenceNum": 3,
                "commenter": {
                    "userId": "1950284618",
                    "displayName": "sheriffbot"
                },
                "timestamp": 1687892063,
                "content": "This bug has been fixed. It has been opened to the public.\n\n- Your friendly Sheriffbot",
                "amendments": [
                    {
                        "fieldName": "Labels",
                        "newOrDeltaValue": "-restrict-view-commit"
                    }
                ]
            }
        ]
    },
    "fix_commit": "3a1600ff26d02a3440186a6e8355521086a7e11f",
    "repo_addr": "https://github.com/ntop/nDPI.git"
}