{
    "fix": "https://github.com/ntop/nDPI/commit/19381f330ae735d361d9e765148be5e14478256d",
    "verify": "0",
    "localId": 61882,
    "project": "ndpi",
    "fuzzer": "libfuzzer",
    "sanitizer": "asan",
    "crash_type": "Heap-buffer-overflow READ 2",
    "severity": "Medium",
    "report": {
        "comments": [
            {
                "projectName": "oss-fuzz",
                "localId": 61882,
                "commenter": {
                    "userId": "382749006",
                    "displayName": "ClusterFuzz-External"
                },
                "timestamp": 1693407299,
                "content": "Detailed Report: https://oss-fuzz.com/testcase?key=5440735166726144\n\nProject: ndpi\nFuzzing Engine: libFuzzer\nFuzz Target: fuzz_process_packet\nJob Type: libfuzzer_asan_ndpi\nPlatform Id: linux\n\nCrash Type: Heap-buffer-overflow READ 2\nCrash Address: 0x6040000000bd\nCrash State:\n  ndpi_domain_classify_contains\n  ndpi_get_custom_category_match\n  ndpi_match_host_subprotocol\n  \nSanitizer: address (ASAN)\n\nRecommended Security Severity: Medium\n\nRegressed: https://oss-fuzz.com/revisions?job=libfuzzer_asan_ndpi&range=202308290600:202308300625\n\nReproducer Testcase: https://oss-fuzz.com/download?testcase_id=5440735166726144\n\nIssue filed automatically.\n\nSee https://google.github.io/oss-fuzz/advanced-topics/reproducing for instructions to reproduce this bug locally.\nWhen you fix this bug, please\n  * mention the fix revision(s).\n  * state whether the bug was a short-lived regression or an old bug in any stable releases.\n  * add any other useful information.\nThis information can help downstream consumers.\n\nIf you need to contact the OSS-Fuzz team with a question, concern, or any other feedback, please file an issue at https://github.com/google/oss-fuzz/issues. Comments on individual Monorail issues are not monitored.\n\nThis bug is subject to a 90 day disclosure deadline. If 90 days elapse\nwithout an upstream patch, then the bug report will automatically\nbecome visible to the public.",
                "descriptionNum": 1
            },
            {
                "projectName": "oss-fuzz",
                "localId": 61882,
                "sequenceNum": 1,
                "commenter": {
                    "userId": "1950284618",
                    "displayName": "sheriffbot"
                },
                "timestamp": 1693508237,
                "amendments": [
                    {
                        "fieldName": "Labels",
                        "newOrDeltaValue": "Disclosure-2023-11-28"
                    }
                ]
            },
            {
                "projectName": "oss-fuzz",
                "localId": 61882,
                "sequenceNum": 2,
                "commenter": {
                    "userId": "382749006",
                    "displayName": "ClusterFuzz-External"
                },
                "timestamp": 1693557135,
                "content": "ClusterFuzz testcase 5440735166726144 is verified as fixed in https://oss-fuzz.com/revisions?job=libfuzzer_asan_ndpi&range=202308310632:202309010614\n\nIf this is incorrect, please file a bug on https://github.com/google/oss-fuzz/issues/new",
                "amendments": [
                    {
                        "fieldName": "Status",
                        "newOrDeltaValue": "Verified",
                        "oldValue": "New"
                    },
                    {
                        "fieldName": "Labels",
                        "newOrDeltaValue": "ClusterFuzz-Verified"
                    }
                ]
            },
            {
                "projectName": "oss-fuzz",
                "localId": 61882,
                "sequenceNum": 3,
                "commenter": {
                    "userId": "1950284618",
                    "displayName": "sheriffbot"
                },
                "timestamp": 1693594318,
                "content": "This bug has been fixed. It has been opened to the public.\n\n- Your friendly Sheriffbot",
                "amendments": [
                    {
                        "fieldName": "Labels",
                        "newOrDeltaValue": "-restrict-view-commit"
                    }
                ]
            }
        ]
    },
    "fix_commit": "19381f330ae735d361d9e765148be5e14478256d",
    "repo_addr": "https://github.com/ntop/nDPI.git"
}