{
    "fix": "https://github.com/SerenityOS/serenity/commit/9d9347cd5aec545ad5c0f48cc637ca3e13970808",
    "verify": "0",
    "localId": 28109,
    "project": "serenity",
    "fuzzer": "libfuzzer",
    "sanitizer": "ubsan",
    "crash_type": "Bad-cast",
    "severity": "High",
    "report": {
        "comments": [
            {
                "projectName": "oss-fuzz",
                "localId": 28109,
                "commenter": {
                    "userId": "382749006",
                    "displayName": "ClusterFuzz-External"
                },
                "timestamp": 1606750700,
                "content": "Detailed Report: https://oss-fuzz.com/testcase?key=4739929078497280\n\nProject: serenity\nFuzzing Engine: libFuzzer\nFuzz Target: FuzzShell\nJob Type: libfuzzer_ubsan_serenity\nPlatform Id: linux\n\nCrash Type: Bad-cast\nCrash Address: 0x0000026a30d0\nCrash State:\n  Bad-cast to AST::BarewordLiteral from Shell::AST::Glob\n  Shell::Parser::parse_glob\n  Shell::Parser::parse_string_composite\n  \nSanitizer: undefined (UBSAN)\n\nRecommended Security Severity: High\n\nRegressed: https://oss-fuzz.com/revisions?job=libfuzzer_ubsan_serenity&range=202011250623:202011300615\n\nReproducer Testcase: https://oss-fuzz.com/download?testcase_id=4739929078497280\n\nIssue filed automatically.\n\nSee https://google.github.io/oss-fuzz/advanced-topics/reproducing for instructions to reproduce this bug locally.\nWhen you fix this bug, please\n  * mention the fix revision(s).\n  * state whether the bug was a short-lived regression or an old bug in any stable releases.\n  * add any other useful information.\nThis information can help downstream consumers.\n\nIf you need to contact the OSS-Fuzz team with a question, concern, or any other feedback, please file an issue at https://github.com/google/oss-fuzz/issues. Comments on individual Monorail issues are not monitored.",
                "descriptionNum": 1
            },
            {
                "projectName": "oss-fuzz",
                "localId": 28109,
                "sequenceNum": 1,
                "commenter": {
                    "userId": "382749006",
                    "displayName": "ClusterFuzz-External"
                },
                "timestamp": 1607181731,
                "content": "ClusterFuzz testcase 4739929078497280 is verified as fixed in https://oss-fuzz.com/revisions?job=libfuzzer_ubsan_serenity&range=202012030609:202012050606\n\nIf this is incorrect, please file a bug on https://github.com/google/oss-fuzz/issues/new",
                "amendments": [
                    {
                        "fieldName": "Status",
                        "newOrDeltaValue": "Verified",
                        "oldValue": "New"
                    },
                    {
                        "fieldName": "Labels",
                        "newOrDeltaValue": "ClusterFuzz-Verified"
                    }
                ]
            }
        ]
    },
    "fix_commit": "9d9347cd5aec545ad5c0f48cc637ca3e13970808",
    "repo_addr": "https://github.com/SerenityOS/serenity"
}