{
    "fix": "https://github.com/SerenityOS/serenity/commit/068615fe5e25ff763d84262c615ab4c1f178a708",
    "verify": "0",
    "localId": 28167,
    "project": "serenity",
    "fuzzer": "libfuzzer",
    "sanitizer": "asan",
    "crash_type": "Heap-buffer-overflow READ 1",
    "severity": "Medium",
    "report": {
        "comments": [
            {
                "projectName": "oss-fuzz",
                "localId": 28167,
                "commenter": {
                    "userId": "382749006",
                    "displayName": "ClusterFuzz-External"
                },
                "timestamp": 1606828567,
                "content": "Detailed Report: https://oss-fuzz.com/testcase?key=6265409137016832\n\nProject: serenity\nFuzzing Engine: libFuzzer\nFuzz Target: FuzzPNGLoader\nJob Type: libfuzzer_asan_serenity\nPlatform Id: linux\n\nCrash Type: Heap-buffer-overflow READ 1\nCrash Address: 0x604000000100\nCrash State:\n  decode\n  codes\n  fixed\n  \nSanitizer: address (ASAN)\n\nRecommended Security Severity: Medium\n\nRegressed: https://oss-fuzz.com/revisions?job=libfuzzer_asan_serenity&range=202011250623:202011300615\n\nReproducer Testcase: https://oss-fuzz.com/download?testcase_id=6265409137016832\n\nIssue filed automatically.\n\nSee https://google.github.io/oss-fuzz/advanced-topics/reproducing for instructions to reproduce this bug locally.\nWhen you fix this bug, please\n  * mention the fix revision(s).\n  * state whether the bug was a short-lived regression or an old bug in any stable releases.\n  * add any other useful information.\nThis information can help downstream consumers.\n\nIf you need to contact the OSS-Fuzz team with a question, concern, or any other feedback, please file an issue at https://github.com/google/oss-fuzz/issues. Comments on individual Monorail issues are not monitored.",
                "descriptionNum": 1
            },
            {
                "projectName": "oss-fuzz",
                "localId": 28167,
                "sequenceNum": 1,
                "commenter": {
                    "userId": "382749006",
                    "displayName": "ClusterFuzz-External"
                },
                "timestamp": 1608824293,
                "content": "ClusterFuzz testcase 6265409137016832 is verified as fixed in https://oss-fuzz.com/revisions?job=libfuzzer_asan_serenity&range=202012230623:202012240601\n\nIf this is incorrect, please file a bug on https://github.com/google/oss-fuzz/issues/new",
                "amendments": [
                    {
                        "fieldName": "Status",
                        "newOrDeltaValue": "Verified",
                        "oldValue": "New"
                    },
                    {
                        "fieldName": "Labels",
                        "newOrDeltaValue": "ClusterFuzz-Verified"
                    }
                ]
            }
        ]
    },
    "fix_commit": "068615fe5e25ff763d84262c615ab4c1f178a708",
    "repo_addr": "https://github.com/SerenityOS/serenity"
}