{
    "fix": "https://github.com/SerenityOS/serenity/commit/51b880b0383089822f513330cd64f93b54b9f21c",
    "verify": "0",
    "localId": 29266,
    "project": "serenity",
    "fuzzer": "afl",
    "sanitizer": "asan",
    "crash_type": "Stack-buffer-overflow READ 8",
    "severity": "Medium",
    "report": {
        "comments": [
            {
                "projectName": "oss-fuzz",
                "localId": 29266,
                "commenter": {
                    "userId": "382749006",
                    "displayName": "ClusterFuzz-External"
                },
                "timestamp": 1609822368,
                "content": "Detailed Report: https://oss-fuzz.com/testcase?key=5341858496643072\n\nProject: serenity\nFuzzing Engine: afl\nFuzz Target: FuzzJs\nJob Type: afl_asan_serenity\nPlatform Id: linux\n\nCrash Type: Stack-buffer-overflow READ 8\nCrash Address: 0x7ffc5ad65468\nCrash State:\n  JS::Heap::gather_conservative_roots\n  JS::Heap::gather_roots\n  JS::Heap::collect_garbage\n  \nSanitizer: address (ASAN)\n\nRecommended Security Severity: Medium\n\nRegressed: https://oss-fuzz.com/revisions?job=afl_asan_serenity&range=202101030615:202101040606\n\nReproducer Testcase: https://oss-fuzz.com/download?testcase_id=5341858496643072\n\nIssue filed automatically.\n\nSee https://google.github.io/oss-fuzz/advanced-topics/reproducing for instructions to reproduce this bug locally.\nWhen you fix this bug, please\n  * mention the fix revision(s).\n  * state whether the bug was a short-lived regression or an old bug in any stable releases.\n  * add any other useful information.\nThis information can help downstream consumers.\n\nIf you need to contact the OSS-Fuzz team with a question, concern, or any other feedback, please file an issue at https://github.com/google/oss-fuzz/issues. Comments on individual Monorail issues are not monitored.",
                "descriptionNum": 1
            },
            {
                "projectName": "oss-fuzz",
                "localId": 29266,
                "sequenceNum": 1,
                "commenter": {
                    "userId": "382749006",
                    "displayName": "ClusterFuzz-External"
                },
                "timestamp": 1609888012,
                "amendments": [
                    {
                        "fieldName": "Cc",
                        "newOrDeltaValue": "b.gia...@gmail.com ~awes...@lists.sr.ht"
                    }
                ]
            },
            {
                "projectName": "oss-fuzz",
                "localId": 29266,
                "sequenceNum": 2,
                "commenter": {
                    "userId": "382749006",
                    "displayName": "ClusterFuzz-External"
                },
                "timestamp": 1609950439,
                "content": "ClusterFuzz testcase 5341858496643072 is verified as fixed in https://oss-fuzz.com/revisions?job=afl_asan_serenity&range=202101050610:202101060611\n\nIf this is incorrect, please file a bug on https://github.com/google/oss-fuzz/issues/new",
                "amendments": [
                    {
                        "fieldName": "Status",
                        "newOrDeltaValue": "Verified",
                        "oldValue": "New"
                    },
                    {
                        "fieldName": "Labels",
                        "newOrDeltaValue": "ClusterFuzz-Verified"
                    }
                ]
            }
        ]
    },
    "fix_commit": "51b880b0383089822f513330cd64f93b54b9f21c",
    "repo_addr": "https://github.com/SerenityOS/serenity"
}