{
    "fix": "https://github.com/SerenityOS/serenity/commit/fdd974b7ef4fb3f38c266f0f16d9b68f84f40bca",
    "verify": "0",
    "localId": 29267,
    "project": "serenity",
    "fuzzer": "libfuzzer",
    "sanitizer": "ubsan",
    "crash_type": "Bad-cast",
    "severity": "High",
    "report": {
        "comments": [
            {
                "projectName": "oss-fuzz",
                "localId": 29267,
                "commenter": {
                    "userId": "382749006",
                    "displayName": "ClusterFuzz-External"
                },
                "timestamp": 1609822383,
                "content": "Detailed Report: https://oss-fuzz.com/testcase?key=5369591899488256\n\nProject: serenity\nFuzzing Engine: libFuzzer\nFuzz Target: FuzzJs\nJob Type: libfuzzer_ubsan_serenity\nPlatform Id: linux\n\nCrash Type: Bad-cast\nCrash Address: 0x000003304030\nCrash State:\n  Bad-cast to JS::GlobalObject from JS::Object\n  JS::Object::Object\n  JS::ScopeObject::ScopeObject\n  \nSanitizer: undefined (UBSAN)\n\nRecommended Security Severity: High\n\nRegressed: https://oss-fuzz.com/revisions?job=libfuzzer_ubsan_serenity&range=202101030615:202101040606\n\nReproducer Testcase: https://oss-fuzz.com/download?testcase_id=5369591899488256\n\nIssue filed automatically.\n\nSee https://google.github.io/oss-fuzz/advanced-topics/reproducing for instructions to reproduce this bug locally.\nWhen you fix this bug, please\n  * mention the fix revision(s).\n  * state whether the bug was a short-lived regression or an old bug in any stable releases.\n  * add any other useful information.\nThis information can help downstream consumers.\n\nIf you need to contact the OSS-Fuzz team with a question, concern, or any other feedback, please file an issue at https://github.com/google/oss-fuzz/issues. Comments on individual Monorail issues are not monitored.",
                "descriptionNum": 1
            },
            {
                "projectName": "oss-fuzz",
                "localId": 29267,
                "sequenceNum": 1,
                "commenter": {
                    "userId": "382749006",
                    "displayName": "ClusterFuzz-External"
                },
                "timestamp": 1609888013,
                "amendments": [
                    {
                        "fieldName": "Cc",
                        "newOrDeltaValue": "b.gia...@gmail.com ~awes...@lists.sr.ht"
                    }
                ]
            },
            {
                "projectName": "oss-fuzz",
                "localId": 29267,
                "sequenceNum": 2,
                "commenter": {
                    "userId": "382749006",
                    "displayName": "ClusterFuzz-External"
                },
                "timestamp": 1609950452,
                "content": "ClusterFuzz testcase 5369591899488256 is verified as fixed in https://oss-fuzz.com/revisions?job=libfuzzer_ubsan_serenity&range=202101050610:202101060611\n\nIf this is incorrect, please file a bug on https://github.com/google/oss-fuzz/issues/new",
                "amendments": [
                    {
                        "fieldName": "Status",
                        "newOrDeltaValue": "Verified",
                        "oldValue": "New"
                    },
                    {
                        "fieldName": "Labels",
                        "newOrDeltaValue": "ClusterFuzz-Verified"
                    }
                ]
            }
        ]
    },
    "fix_commit": "fdd974b7ef4fb3f38c266f0f16d9b68f84f40bca",
    "repo_addr": "https://github.com/SerenityOS/serenity"
}