{
    "fix": "https://github.com/SerenityOS/serenity/commit/3e723ec1776d3734b30d0b5bf6daad86ba908a0a",
    "verify": "0",
    "localId": 29338,
    "project": "serenity",
    "fuzzer": "libfuzzer",
    "sanitizer": "asan",
    "crash_type": "Heap-buffer-overflow READ 1",
    "severity": "Medium",
    "report": {
        "comments": [
            {
                "projectName": "oss-fuzz",
                "localId": 29338,
                "commenter": {
                    "userId": "382749006",
                    "displayName": "ClusterFuzz-External"
                },
                "timestamp": 1609952009,
                "content": "Detailed Report: https://oss-fuzz.com/testcase?key=6034066396807168\n\nProject: serenity\nFuzzing Engine: libFuzzer\nFuzz Target: FuzzTTF\nJob Type: libfuzzer_asan_serenity\nPlatform Id: linux\n\nCrash Type: Heap-buffer-overflow READ 1\nCrash Address: 0x6020000000cf\nCrash State:\n  TTF::be_u16\n  TTF::Font::load_from_offset\n  TTF::Font::load_from_memory\n  \nSanitizer: address (ASAN)\n\nRecommended Security Severity: Medium\n\nRegressed: https://oss-fuzz.com/revisions?job=libfuzzer_asan_serenity&range=202101010626:202101020624\n\nReproducer Testcase: https://oss-fuzz.com/download?testcase_id=6034066396807168\n\nIssue filed automatically.\n\nSee https://google.github.io/oss-fuzz/advanced-topics/reproducing for instructions to reproduce this bug locally.\nWhen you fix this bug, please\n  * mention the fix revision(s).\n  * state whether the bug was a short-lived regression or an old bug in any stable releases.\n  * add any other useful information.\nThis information can help downstream consumers.\n\nIf you need to contact the OSS-Fuzz team with a question, concern, or any other feedback, please file an issue at https://github.com/google/oss-fuzz/issues. Comments on individual Monorail issues are not monitored.",
                "descriptionNum": 1
            },
            {
                "projectName": "oss-fuzz",
                "localId": 29338,
                "sequenceNum": 1,
                "commenter": {
                    "userId": "382749006",
                    "displayName": "ClusterFuzz-External"
                },
                "timestamp": 1609952456,
                "content": "This crash occurs very frequently on linux platform and is likely preventing the fuzzer FuzzTTF from making much progress. Fixing this will allow more bugs to be found.\n\nIf this is incorrect, please file a bug on https://github.com/google/oss-fuzz/issues/new",
                "amendments": [
                    {
                        "fieldName": "Labels",
                        "newOrDeltaValue": "Fuzz-Blocker"
                    }
                ]
            },
            {
                "projectName": "oss-fuzz",
                "localId": 29338,
                "sequenceNum": 2,
                "commenter": {
                    "userId": "382749006",
                    "displayName": "ClusterFuzz-External"
                },
                "timestamp": 1613232603,
                "content": "ClusterFuzz testcase 6034066396807168 is verified as fixed in https://oss-fuzz.com/revisions?job=libfuzzer_asan_serenity&range=202102080622:202102130619\n\nIf this is incorrect, please file a bug on https://github.com/google/oss-fuzz/issues/new",
                "amendments": [
                    {
                        "fieldName": "Status",
                        "newOrDeltaValue": "Verified",
                        "oldValue": "New"
                    },
                    {
                        "fieldName": "Labels",
                        "newOrDeltaValue": "ClusterFuzz-Verified"
                    }
                ]
            }
        ]
    },
    "fix_commit": "3e723ec1776d3734b30d0b5bf6daad86ba908a0a",
    "repo_addr": "https://github.com/SerenityOS/serenity"
}