{
    "fix": "https://github.com/SerenityOS/serenity/commit/27a395d9643a8d38eb9642170ed3d7877a351029",
    "verify": "0",
    "localId": 30365,
    "project": "serenity",
    "fuzzer": "libfuzzer",
    "sanitizer": "ubsan",
    "crash_type": "Bad-cast",
    "severity": "High",
    "report": {
        "comments": [
            {
                "projectName": "oss-fuzz",
                "localId": 30365,
                "commenter": {
                    "userId": "382749006",
                    "displayName": "ClusterFuzz-External"
                },
                "timestamp": 1612613474,
                "content": "Detailed Report: https://oss-fuzz.com/testcase?key=5594971300298752\n\nProject: serenity\nFuzzing Engine: libFuzzer\nFuzz Target: FuzzPGMLoader\nJob Type: libfuzzer_ubsan_serenity\nPlatform Id: linux\n\nCrash Type: Bad-cast\nCrash Address: 0x7fff98918b78\nCrash State:\n  Bad-cast to AK::Array<AK::TypeErasedParameter, 0>Gfx::read_image_data\n  bool Gfx::decode<Gfx::PGMLoadingContext>\n  AK::RefPtr<Gfx::Bitmap, AK::RefPtrTraits<Gfx::Bitmap> > Gfx::load_impl<Gfx::PGML\n  \nSanitizer: undefined (UBSAN)\n\nRecommended Security Severity: High\n\nRegressed: https://oss-fuzz.com/revisions?job=libfuzzer_ubsan_serenity&range=202102050621:202102060612\n\nReproducer Testcase: https://oss-fuzz.com/download?testcase_id=5594971300298752\n\nIssue filed automatically.\n\nSee https://google.github.io/oss-fuzz/advanced-topics/reproducing for instructions to reproduce this bug locally.\nWhen you fix this bug, please\n  * mention the fix revision(s).\n  * state whether the bug was a short-lived regression or an old bug in any stable releases.\n  * add any other useful information.\nThis information can help downstream consumers.\n\nIf you need to contact the OSS-Fuzz team with a question, concern, or any other feedback, please file an issue at https://github.com/google/oss-fuzz/issues. Comments on individual Monorail issues are not monitored.",
                "descriptionNum": 1
            },
            {
                "projectName": "oss-fuzz",
                "localId": 30365,
                "sequenceNum": 1,
                "commenter": {
                    "userId": "382749006",
                    "displayName": "ClusterFuzz-External"
                },
                "timestamp": 1612799249,
                "content": "ClusterFuzz testcase 5594971300298752 is verified as fixed in https://oss-fuzz.com/revisions?job=libfuzzer_ubsan_serenity&range=202102070602:202102080622\n\nIf this is incorrect, please file a bug on https://github.com/google/oss-fuzz/issues/new",
                "amendments": [
                    {
                        "fieldName": "Status",
                        "newOrDeltaValue": "Verified",
                        "oldValue": "New"
                    },
                    {
                        "fieldName": "Labels",
                        "newOrDeltaValue": "ClusterFuzz-Verified"
                    }
                ]
            }
        ]
    },
    "fix_commit": "27a395d9643a8d38eb9642170ed3d7877a351029",
    "repo_addr": "https://github.com/SerenityOS/serenity"
}