{
    "fix": "https://github.com/SerenityOS/serenity/commit/3fe7ac0924ada70faaf27636b6e0f40bcde24f77",
    "verify": "0",
    "localId": 30907,
    "project": "serenity",
    "fuzzer": "honggfuzz",
    "sanitizer": "asan",
    "crash_type": "Heap-buffer-overflow READ 1",
    "severity": "Medium",
    "report": {
        "comments": [
            {
                "projectName": "oss-fuzz",
                "localId": 30907,
                "commenter": {
                    "userId": "382749006",
                    "displayName": "ClusterFuzz-External"
                },
                "timestamp": 1613229639,
                "content": "Detailed Report: https://oss-fuzz.com/testcase?key=6477451536498688\n\nProject: serenity\nFuzzing Engine: honggfuzz\nFuzz Target: FuzzRSAKeyParsing\nJob Type: honggfuzz_asan_serenity\nPlatform Id: linux\n\nCrash Type: Heap-buffer-overflow READ 1\nCrash Address: 0x6020000000dc\nCrash State:\n  Crypto::der_decode_integer\n  Crypto::der_decode_sequence\n  Crypto::der_decode_sequence_many<4ul>::operator bool\n  \nSanitizer: address (ASAN)\n\nRecommended Security Severity: Medium\n\nRegressed: https://oss-fuzz.com/revisions?job=honggfuzz_asan_serenity&range=202102080622:202102130619\n\nReproducer Testcase: https://oss-fuzz.com/download?testcase_id=6477451536498688\n\nIssue filed automatically.\n\nSee https://google.github.io/oss-fuzz/advanced-topics/reproducing for instructions to reproduce this bug locally.\nWhen you fix this bug, please\n  * mention the fix revision(s).\n  * state whether the bug was a short-lived regression or an old bug in any stable releases.\n  * add any other useful information.\nThis information can help downstream consumers.\n\nIf you need to contact the OSS-Fuzz team with a question, concern, or any other feedback, please file an issue at https://github.com/google/oss-fuzz/issues. Comments on individual Monorail issues are not monitored.",
                "descriptionNum": 1
            },
            {
                "projectName": "oss-fuzz",
                "localId": 30907,
                "sequenceNum": 1,
                "commenter": {
                    "userId": "382749006",
                    "displayName": "ClusterFuzz-External"
                },
                "timestamp": 1613405810,
                "content": "ClusterFuzz testcase 6477451536498688 is verified as fixed in https://oss-fuzz.com/revisions?job=honggfuzz_asan_serenity&range=202102140605:202102150623\n\nIf this is incorrect, please file a bug on https://github.com/google/oss-fuzz/issues/new",
                "amendments": [
                    {
                        "fieldName": "Status",
                        "newOrDeltaValue": "Verified",
                        "oldValue": "New"
                    },
                    {
                        "fieldName": "Labels",
                        "newOrDeltaValue": "ClusterFuzz-Verified"
                    }
                ]
            }
        ]
    },
    "fix_commit": "3fe7ac0924ada70faaf27636b6e0f40bcde24f77",
    "repo_addr": "https://github.com/SerenityOS/serenity"
}