{
    "fix": "https://github.com/SerenityOS/serenity/commit/3fe7ac0924ada70faaf27636b6e0f40bcde24f77",
    "verify": "0",
    "localId": 30914,
    "project": "serenity",
    "fuzzer": "libfuzzer",
    "sanitizer": "asan",
    "crash_type": "Heap-buffer-overflow READ 1",
    "severity": "Medium",
    "report": {
        "comments": [
            {
                "projectName": "oss-fuzz",
                "localId": 30914,
                "commenter": {
                    "userId": "382749006",
                    "displayName": "ClusterFuzz-External"
                },
                "timestamp": 1613237776,
                "content": "Detailed Report: https://oss-fuzz.com/testcase?key=5915819802492928\n\nProject: serenity\nFuzzing Engine: libFuzzer\nFuzz Target: FuzzRSAKeyParsing\nJob Type: libfuzzer_asan_serenity\nPlatform Id: linux\n\nCrash Type: Heap-buffer-overflow READ 1\nCrash Address: 0x611000001152\nCrash State:\n  void AK::__format_value<unsigned char>\n  AK::vformat_impl\n  AK::vformat_impl\n  \nSanitizer: address (ASAN)\n\nRecommended Security Severity: Medium\n\nRegressed: https://oss-fuzz.com/revisions?job=libfuzzer_asan_serenity&range=202102080622:202102130619\n\nReproducer Testcase: https://oss-fuzz.com/download?testcase_id=5915819802492928\n\nIssue filed automatically.\n\nSee https://google.github.io/oss-fuzz/advanced-topics/reproducing for instructions to reproduce this bug locally.\nWhen you fix this bug, please\n  * mention the fix revision(s).\n  * state whether the bug was a short-lived regression or an old bug in any stable releases.\n  * add any other useful information.\nThis information can help downstream consumers.\n\nIf you need to contact the OSS-Fuzz team with a question, concern, or any other feedback, please file an issue at https://github.com/google/oss-fuzz/issues. Comments on individual Monorail issues are not monitored.",
                "descriptionNum": 1
            },
            {
                "projectName": "oss-fuzz",
                "localId": 30914,
                "sequenceNum": 1,
                "commenter": {
                    "userId": "382749006",
                    "displayName": "ClusterFuzz-External"
                },
                "timestamp": 1613405191,
                "content": "ClusterFuzz testcase 5915819802492928 is verified as fixed in https://oss-fuzz.com/revisions?job=libfuzzer_asan_serenity&range=202102140605:202102150623\n\nIf this is incorrect, please file a bug on https://github.com/google/oss-fuzz/issues/new",
                "amendments": [
                    {
                        "fieldName": "Status",
                        "newOrDeltaValue": "Verified",
                        "oldValue": "New"
                    },
                    {
                        "fieldName": "Labels",
                        "newOrDeltaValue": "ClusterFuzz-Verified"
                    }
                ]
            }
        ]
    },
    "fix_commit": "3fe7ac0924ada70faaf27636b6e0f40bcde24f77",
    "repo_addr": "https://github.com/SerenityOS/serenity"
}