{
    "fix": "https://github.com/SerenityOS/serenity/commit/6704961c8250b44dc622e95821fd7e2b6bed673a",
    "verify": "0",
    "localId": 34911,
    "project": "serenity",
    "fuzzer": "afl",
    "sanitizer": "asan",
    "crash_type": "Heap-use-after-free READ 1",
    "severity": "High",
    "report": {
        "comments": [
            {
                "projectName": "oss-fuzz",
                "localId": 34911,
                "commenter": {
                    "userId": "382749006",
                    "displayName": "ClusterFuzz-External"
                },
                "timestamp": 1622777167,
                "content": "Detailed Report: https://oss-fuzz.com/testcase?key=5488339145850880\n\nProject: serenity\nFuzzing Engine: afl\nFuzz Target: FuzzURL\nJob Type: afl_asan_serenity\nPlatform Id: linux\n\nCrash Type: Heap-use-after-free READ 1\nCrash Address: 0x615000004316\nCrash State:\n  AK::Utf8CodePointIterator::operator*\n  AK::URLParser::parse\n  AK::URL::URL\n  \nSanitizer: address (ASAN)\n\nRecommended Security Severity: High\n\nRegressed: https://oss-fuzz.com/revisions?job=afl_asan_serenity&range=202106010601:202106020610\n\nReproducer Testcase: https://oss-fuzz.com/download?testcase_id=5488339145850880\n\nIssue filed automatically.\n\nSee https://google.github.io/oss-fuzz/advanced-topics/reproducing for instructions to reproduce this bug locally.\nWhen you fix this bug, please\n  * mention the fix revision(s).\n  * state whether the bug was a short-lived regression or an old bug in any stable releases.\n  * add any other useful information.\nThis information can help downstream consumers.\n\nIf you need to contact the OSS-Fuzz team with a question, concern, or any other feedback, please file an issue at https://github.com/google/oss-fuzz/issues. Comments on individual Monorail issues are not monitored.",
                "descriptionNum": 1
            },
            {
                "projectName": "oss-fuzz",
                "localId": 34911,
                "sequenceNum": 1,
                "commenter": {
                    "userId": "382749006",
                    "displayName": "ClusterFuzz-External"
                },
                "timestamp": 1631460049,
                "content": "ClusterFuzz testcase 5488339145850880 is verified as fixed in https://oss-fuzz.com/revisions?job=afl_asan_serenity&range=202109110607:202109120603\n\nIf this is incorrect, please file a bug on https://github.com/google/oss-fuzz/issues/new",
                "amendments": [
                    {
                        "fieldName": "Status",
                        "newOrDeltaValue": "Verified",
                        "oldValue": "New"
                    },
                    {
                        "fieldName": "Labels",
                        "newOrDeltaValue": "ClusterFuzz-Verified"
                    }
                ]
            }
        ]
    },
    "fix_commit": "6704961c8250b44dc622e95821fd7e2b6bed673a",
    "repo_addr": "https://github.com/SerenityOS/serenity"
}