{
    "fix": "https://github.com/SerenityOS/serenity/commit/40b0767d88b437e3cfcf2279ed57d979cac8b92d",
    "verify": "0",
    "localId": 36706,
    "project": "serenity",
    "fuzzer": "libfuzzer",
    "sanitizer": "asan",
    "crash_type": "Use-after-poison WRITE 8",
    "severity": "High",
    "report": {
        "comments": [
            {
                "projectName": "oss-fuzz",
                "localId": 36706,
                "commenter": {
                    "userId": "382749006",
                    "displayName": "ClusterFuzz-External"
                },
                "timestamp": 1627684643,
                "content": "Detailed Report: https://oss-fuzz.com/testcase?key=4678304484425728\n\nProject: serenity\nFuzzing Engine: libFuzzer\nFuzz Target: FuzzJs\nJob Type: libfuzzer_asan_serenity\nPlatform Id: linux\n\nCrash Type: Use-after-poison WRITE 8\nCrash Address: 0x62d000340610\nCrash State:\n  AK::RefPtr<AK::StringImpl, AK::RefPtrTraits<AK::StringImpl> >::RefPtr\n  AK::String::String\n  JS::abstract_relation\n  \nSanitizer: address (ASAN)\n\nRecommended Security Severity: High\n\nRegressed: https://oss-fuzz.com/revisions?job=libfuzzer_asan_serenity&range=202107280601:202107290611\n\nReproducer Testcase: https://oss-fuzz.com/download?testcase_id=4678304484425728\n\nIssue filed automatically.\n\nSee https://google.github.io/oss-fuzz/advanced-topics/reproducing for instructions to reproduce this bug locally.\nWhen you fix this bug, please\n  * mention the fix revision(s).\n  * state whether the bug was a short-lived regression or an old bug in any stable releases.\n  * add any other useful information.\nThis information can help downstream consumers.\n\nIf you need to contact the OSS-Fuzz team with a question, concern, or any other feedback, please file an issue at https://github.com/google/oss-fuzz/issues. Comments on individual Monorail issues are not monitored.",
                "descriptionNum": 1
            },
            {
                "projectName": "oss-fuzz",
                "localId": 36706,
                "sequenceNum": 1,
                "commenter": {
                    "userId": "382749006",
                    "displayName": "ClusterFuzz-External"
                },
                "timestamp": 1627922689,
                "content": "ClusterFuzz testcase 4678304484425728 is verified as fixed in https://oss-fuzz.com/revisions?job=libfuzzer_asan_serenity&range=202107290611:202108020610\n\nIf this is incorrect, please file a bug on https://github.com/google/oss-fuzz/issues/new",
                "amendments": [
                    {
                        "fieldName": "Status",
                        "newOrDeltaValue": "Verified",
                        "oldValue": "New"
                    },
                    {
                        "fieldName": "Labels",
                        "newOrDeltaValue": "ClusterFuzz-Verified"
                    }
                ]
            }
        ]
    },
    "fix_commit": "40b0767d88b437e3cfcf2279ed57d979cac8b92d",
    "repo_addr": "https://github.com/SerenityOS/serenity"
}