{
    "fix": "https://github.com/SerenityOS/serenity/commit/9551aa17d351caefbff57463d77465918d8b4e91",
    "verify": "0",
    "localId": 36985,
    "project": "serenity",
    "fuzzer": "libfuzzer",
    "sanitizer": "asan",
    "crash_type": "Use-after-poison READ 1",
    "severity": "High",
    "report": {
        "comments": [
            {
                "projectName": "oss-fuzz",
                "localId": 36985,
                "commenter": {
                    "userId": "382749006",
                    "displayName": "ClusterFuzz-External"
                },
                "timestamp": 1628477904,
                "content": "Detailed Report: https://oss-fuzz.com/testcase?key=6748728399626240\n\nProject: serenity\nFuzzing Engine: libFuzzer\nFuzz Target: FuzzJs\nJob Type: libfuzzer_asan_serenity\nPlatform Id: linux\n\nCrash Type: Use-after-poison READ 1\nCrash Address: 0x62d000b62a18\nCrash State:\n  JS::PrimitiveString::string\n  JS::abstract_relation\n  JS::less_than\n  \nSanitizer: address (ASAN)\n\nRecommended Security Severity: High\n\nRegressed: https://oss-fuzz.com/revisions?job=libfuzzer_asan_serenity&range=202108070607:202108080611\n\nReproducer Testcase: https://oss-fuzz.com/download?testcase_id=6748728399626240\n\nIssue filed automatically.\n\nSee https://google.github.io/oss-fuzz/advanced-topics/reproducing for instructions to reproduce this bug locally.\nWhen you fix this bug, please\n  * mention the fix revision(s).\n  * state whether the bug was a short-lived regression or an old bug in any stable releases.\n  * add any other useful information.\nThis information can help downstream consumers.\n\nIf you need to contact the OSS-Fuzz team with a question, concern, or any other feedback, please file an issue at https://github.com/google/oss-fuzz/issues. Comments on individual Monorail issues are not monitored.",
                "descriptionNum": 1
            },
            {
                "projectName": "oss-fuzz",
                "localId": 36985,
                "sequenceNum": 1,
                "commenter": {
                    "userId": "382749006",
                    "displayName": "ClusterFuzz-External"
                },
                "timestamp": 1629125669,
                "content": "ClusterFuzz testcase 6748728399626240 is verified as fixed in https://oss-fuzz.com/revisions?job=libfuzzer_asan_serenity&range=202108150607:202108160609\n\nIf this is incorrect, please file a bug on https://github.com/google/oss-fuzz/issues/new",
                "amendments": [
                    {
                        "fieldName": "Status",
                        "newOrDeltaValue": "Verified",
                        "oldValue": "New"
                    },
                    {
                        "fieldName": "Labels",
                        "newOrDeltaValue": "ClusterFuzz-Verified"
                    }
                ]
            }
        ]
    },
    "fix_commit": "9551aa17d351caefbff57463d77465918d8b4e91",
    "repo_addr": "https://github.com/SerenityOS/serenity"
}