{
    "fix": "https://github.com/SerenityOS/serenity/commit/202950bb01e225581fcacd865f80386322a6cee4",
    "verify": "0",
    "localId": 37925,
    "project": "serenity",
    "fuzzer": "libfuzzer",
    "sanitizer": "ubsan",
    "crash_type": "Bad-cast",
    "severity": "High",
    "report": {
        "comments": [
            {
                "projectName": "oss-fuzz",
                "localId": 37925,
                "commenter": {
                    "userId": "382749006",
                    "displayName": "ClusterFuzz-External"
                },
                "timestamp": 1630468087,
                "content": "Detailed Report: https://oss-fuzz.com/testcase?key=6225042082496512\n\nProject: serenity\nFuzzing Engine: libFuzzer\nFuzz Target: FuzzBMPLoader\nJob Type: libfuzzer_ubsan_serenity\nPlatform Id: linux\n\nCrash Type: Bad-cast\nCrash Address: 0x7fff7e440628\nCrash State:\n  Bad-cast to AK::Array<AK::TypeErasedParameter, 0>Gfx::decode_bmp_pixel_data\n  Gfx::load_bmp_impl\n  Gfx::load_bmp_from_memory\n  \nSanitizer: undefined (UBSAN)\n\nRecommended Security Severity: High\n\nRegressed: https://oss-fuzz.com/revisions?job=libfuzzer_ubsan_serenity&range=202107290611:202108020610\n\nReproducer Testcase: https://oss-fuzz.com/download?testcase_id=6225042082496512\n\nIssue filed automatically.\n\nSee https://google.github.io/oss-fuzz/advanced-topics/reproducing for instructions to reproduce this bug locally.\nWhen you fix this bug, please\n  * mention the fix revision(s).\n  * state whether the bug was a short-lived regression or an old bug in any stable releases.\n  * add any other useful information.\nThis information can help downstream consumers.\n\nIf you need to contact the OSS-Fuzz team with a question, concern, or any other feedback, please file an issue at https://github.com/google/oss-fuzz/issues. Comments on individual Monorail issues are not monitored.",
                "descriptionNum": 1
            },
            {
                "projectName": "oss-fuzz",
                "localId": 37925,
                "sequenceNum": 1,
                "commenter": {
                    "userId": "382749006",
                    "displayName": "ClusterFuzz-External"
                },
                "timestamp": 1636395290,
                "content": "ClusterFuzz testcase 6225042082496512 is verified as fixed in https://oss-fuzz.com/revisions?job=libfuzzer_ubsan_serenity&range=202111070609:202111080603\n\nIf this is incorrect, please file a bug on https://github.com/google/oss-fuzz/issues/new",
                "amendments": [
                    {
                        "fieldName": "Status",
                        "newOrDeltaValue": "Verified",
                        "oldValue": "New"
                    },
                    {
                        "fieldName": "Labels",
                        "newOrDeltaValue": "ClusterFuzz-Verified"
                    }
                ]
            }
        ]
    },
    "fix_commit": "202950bb01e225581fcacd865f80386322a6cee4",
    "repo_addr": "https://github.com/SerenityOS/serenity"
}