{
    "fix": "https://github.com/SerenityOS/serenity/commit/0016f63547f70f969eeb6030d8d7433b05cae934",
    "verify": "0",
    "localId": 39139,
    "project": "serenity",
    "fuzzer": "libfuzzer",
    "sanitizer": "ubsan",
    "crash_type": "Bad-cast",
    "severity": "High",
    "report": {
        "comments": [
            {
                "projectName": "oss-fuzz",
                "localId": 39139,
                "commenter": {
                    "userId": "382749006",
                    "displayName": "ClusterFuzz-External"
                },
                "timestamp": 1632358193,
                "content": "Detailed Report: https://oss-fuzz.com/testcase?key=4746446717452288\n\nProject: serenity\nFuzzing Engine: libFuzzer\nFuzz Target: FuzzASN1\nJob Type: libfuzzer_ubsan_serenity\nPlatform Id: linux\n\nCrash Type: Bad-cast\nCrash Address: 0x7ffc229d1488\nCrash State:\n  Bad-cast to AK::Array<AK::TypeErasedParameter, 0>Crypto::ASN1::parse_utc_time\n  TLS::Certificate::parse_asn1\n  TLS::Certificate::parse_asn1\n  \nSanitizer: undefined (UBSAN)\n\nRecommended Security Severity: High\n\nRegressed: https://oss-fuzz.com/revisions?job=libfuzzer_ubsan_serenity&range=202109170602:202109190604\n\nReproducer Testcase: https://oss-fuzz.com/download?testcase_id=4746446717452288\n\nIssue filed automatically.\n\nSee https://google.github.io/oss-fuzz/advanced-topics/reproducing for instructions to reproduce this bug locally.\nWhen you fix this bug, please\n  * mention the fix revision(s).\n  * state whether the bug was a short-lived regression or an old bug in any stable releases.\n  * add any other useful information.\nThis information can help downstream consumers.\n\nIf you need to contact the OSS-Fuzz team with a question, concern, or any other feedback, please file an issue at https://github.com/google/oss-fuzz/issues. Comments on individual Monorail issues are not monitored.",
                "descriptionNum": 1
            },
            {
                "projectName": "oss-fuzz",
                "localId": 39139,
                "sequenceNum": 1,
                "commenter": {
                    "userId": "382749006",
                    "displayName": "ClusterFuzz-External"
                },
                "timestamp": 1680188966,
                "content": "ClusterFuzz testcase 4746446717452288 is verified as fixed in https://oss-fuzz.com/revisions?job=libfuzzer_ubsan_serenity&range=202303280625:202303300608\n\nIf this is incorrect, please file a bug on https://github.com/google/oss-fuzz/issues/new",
                "amendments": [
                    {
                        "fieldName": "Status",
                        "newOrDeltaValue": "Verified",
                        "oldValue": "New"
                    },
                    {
                        "fieldName": "Labels",
                        "newOrDeltaValue": "ClusterFuzz-Verified"
                    }
                ]
            }
        ]
    },
    "fix_commit": "0016f63547f70f969eeb6030d8d7433b05cae934",
    "repo_addr": "https://github.com/SerenityOS/serenity"
}