{
    "fix": "https://github.com/SerenityOS/serenity/commit/0016f63547f70f969eeb6030d8d7433b05cae934",
    "verify": "0",
    "localId": 46524,
    "project": "serenity",
    "fuzzer": "libfuzzer",
    "sanitizer": "ubsan",
    "crash_type": "Bad-cast",
    "severity": "High",
    "report": {
        "comments": [
            {
                "projectName": "oss-fuzz",
                "localId": 46524,
                "commenter": {
                    "userId": "382749006",
                    "displayName": "ClusterFuzz-External"
                },
                "timestamp": 1649466819,
                "content": "Detailed Report: https://oss-fuzz.com/testcase?key=4521920399278080\n\nProject: serenity\nFuzzing Engine: libFuzzer\nFuzz Target: FuzzJs\nJob Type: libfuzzer_ubsan_serenity\nPlatform Id: linux\n\nCrash Type: Bad-cast\nCrash Address: 0x7fff5ccb9ee8\nCrash State:\n  Bad-cast to AK::Array<AK::TypeErasedParameter, 0>JS::Reference::put_value\n  JS::ForInOfHeadState::execute_head\n  AK::Function<AK::Optional<JS::Completion>\n  \nSanitizer: undefined (UBSAN)\n\nRecommended Security Severity: High\n\nRegressed: https://oss-fuzz.com/revisions?job=libfuzzer_ubsan_serenity&range=202202180606:202202190602\n\nReproducer Testcase: https://oss-fuzz.com/download?testcase_id=4521920399278080\n\nIssue filed automatically.\n\nSee https://google.github.io/oss-fuzz/advanced-topics/reproducing for instructions to reproduce this bug locally.\nWhen you fix this bug, please\n  * mention the fix revision(s).\n  * state whether the bug was a short-lived regression or an old bug in any stable releases.\n  * add any other useful information.\nThis information can help downstream consumers.\n\nIf you need to contact the OSS-Fuzz team with a question, concern, or any other feedback, please file an issue at https://github.com/google/oss-fuzz/issues. Comments on individual Monorail issues are not monitored.",
                "descriptionNum": 1
            },
            {
                "projectName": "oss-fuzz",
                "localId": 46524,
                "sequenceNum": 1,
                "commenter": {
                    "userId": "382749006",
                    "displayName": "ClusterFuzz-External"
                },
                "timestamp": 1680188344,
                "content": "ClusterFuzz testcase 4521920399278080 is verified as fixed in https://oss-fuzz.com/revisions?job=libfuzzer_ubsan_serenity&range=202303280625:202303300608\n\nIf this is incorrect, please file a bug on https://github.com/google/oss-fuzz/issues/new",
                "amendments": [
                    {
                        "fieldName": "Status",
                        "newOrDeltaValue": "Verified",
                        "oldValue": "New"
                    },
                    {
                        "fieldName": "Labels",
                        "newOrDeltaValue": "ClusterFuzz-Verified"
                    }
                ]
            }
        ]
    },
    "fix_commit": "0016f63547f70f969eeb6030d8d7433b05cae934",
    "repo_addr": "https://github.com/SerenityOS/serenity"
}