{
    "fix": "https://github.com/tbeu/matio/commit/2f19958fade08de870257f099d88ecc813ab623f",
    "verify": "0",
    "localId": 30083,
    "project": "matio",
    "fuzzer": "libfuzzer",
    "sanitizer": "ubsan",
    "crash_type": "UNKNOWN READ",
    "severity": "Medium",
    "report": {
        "comments": [
            {
                "projectName": "oss-fuzz",
                "localId": 30083,
                "commenter": {
                    "userId": "382749006",
                    "displayName": "ClusterFuzz-External"
                },
                "timestamp": 1612013517,
                "content": "Detailed Report: https://oss-fuzz.com/testcase?key=5588707031777280\n\nProject: matio\nFuzzing Engine: libFuzzer\nFuzz Target: matio_fuzzer\nJob Type: libfuzzer_ubsan_matio\nPlatform Id: linux\n\nCrash Type: UNKNOWN READ\nCrash Address: 0x000100000000\nCrash State:\n  Mat_H5ReadFieldNames\n  Mat_H5ReadGroupInfo\n  Mat_H5ReadNextReferenceInfo\n  \nSanitizer: undefined (UBSAN)\n\nRecommended Security Severity: Medium\n\nRegressed: https://oss-fuzz.com/revisions?job=libfuzzer_ubsan_matio&range=201909040305:201909050234\n\nReproducer Testcase: https://oss-fuzz.com/download?testcase_id=5588707031777280\n\nIssue filed automatically.\n\nSee https://google.github.io/oss-fuzz/advanced-topics/reproducing for instructions to reproduce this bug locally.\nWhen you fix this bug, please\n  * mention the fix revision(s).\n  * state whether the bug was a short-lived regression or an old bug in any stable releases.\n  * add any other useful information.\nThis information can help downstream consumers.\n\nIf you need to contact the OSS-Fuzz team with a question, concern, or any other feedback, please file an issue at https://github.com/google/oss-fuzz/issues. Comments on individual Monorail issues are not monitored.\n\nThis bug is subject to a 90 day disclosure deadline. If 90 days elapse\nwithout an upstream patch, then the bug report will automatically\nbecome visible to the public.",
                "descriptionNum": 1
            },
            {
                "projectName": "oss-fuzz",
                "localId": 30083,
                "sequenceNum": 1,
                "commenter": {
                    "userId": "1950284618",
                    "displayName": "sheriffbot"
                },
                "timestamp": 1612036999,
                "amendments": [
                    {
                        "fieldName": "Labels",
                        "newOrDeltaValue": "Disclosure-2021-04-30"
                    }
                ]
            },
            {
                "projectName": "oss-fuzz",
                "localId": 30083,
                "sequenceNum": 2,
                "commenter": {
                    "userId": "382749006",
                    "displayName": "ClusterFuzz-External"
                },
                "timestamp": 1612194132,
                "content": "ClusterFuzz testcase 5588707031777280 is verified as fixed in https://oss-fuzz.com/revisions?job=libfuzzer_ubsan_matio&range=202101310606:202101311823\n\nIf this is incorrect, please file a bug on https://github.com/google/oss-fuzz/issues/new",
                "amendments": [
                    {
                        "fieldName": "Status",
                        "newOrDeltaValue": "Verified",
                        "oldValue": "New"
                    },
                    {
                        "fieldName": "Labels",
                        "newOrDeltaValue": "ClusterFuzz-Verified"
                    }
                ]
            },
            {
                "projectName": "oss-fuzz",
                "localId": 30083,
                "sequenceNum": 3,
                "commenter": {
                    "userId": "1950284618",
                    "displayName": "sheriffbot"
                },
                "timestamp": 1614801347,
                "content": "This bug has been fixed for 30 days. It has been opened to the public.\n\n- Your friendly Sheriffbot",
                "amendments": [
                    {
                        "fieldName": "Labels",
                        "newOrDeltaValue": "-restrict-view-commit"
                    }
                ]
            }
        ]
    },
    "fix_commit": "2f19958fade08de870257f099d88ecc813ab623f",
    "repo_addr": "git://git.code.sf.net/p/matio/matio"
}