{
    "fix": "https://git.osgeo.org/gogs/postgis/postgis.gitb1abe27db0869d345ac5c0240a21e322a725fff9",
    "verify": "0",
    "localId": 17599,
    "project": "postgis",
    "fuzzer": "libfuzzer",
    "sanitizer": "asan",
    "crash_type": "Heap-buffer-overflow READ 4",
    "severity": "Medium",
    "report": {
        "comments": [
            {
                "projectName": "oss-fuzz",
                "localId": 17599,
                "commenter": {
                    "userId": "382749006",
                    "displayName": "ClusterFuzz-External"
                },
                "timestamp": 1569171736,
                "content": "Detailed Report: https://oss-fuzz.com/testcase?key=5760493611909120\n\nProject: postgis\nFuzzing Engine: libFuzzer\nFuzz Target: wkb_import_fuzzer\nJob Type: libfuzzer_asan_postgis\nPlatform Id: linux\n\nCrash Type: Heap-buffer-overflow READ 4\nCrash Address: 0x6020000000b9\nCrash State:\n  integer_from_wkb_state\n  ptarray_from_wkb_state\n  lwpoly_from_wkb_state\n  \nSanitizer: address (ASAN)\n\nRecommended Security Severity: Medium\n\nRegressed: https://oss-fuzz.com/revisions?job=libfuzzer_asan_postgis&range=201908180355:201908210358\n\nReproducer Testcase: https://oss-fuzz.com/download?testcase_id=5760493611909120\n\nIssue filed automatically.\n\nSee https://google.github.io/oss-fuzz/advanced-topics/reproducing for instructions to reproduce this bug locally.\nWhen you fix this bug, please\n  * mention the fix revision(s).\n  * state whether the bug was a short-lived regression or an old bug in any stable releases.\n  * add any other useful information.\nThis information can help downstream consumers.\n\nIf you need to contact the OSS-Fuzz team with a question, concern, or any other feedback, please file an issue at https://github.com/google/oss-fuzz/issues. Comments on individual Monorail issues are not monitored.\n\nThis bug is subject to a 90 day disclosure deadline. If 90 days elapse\nwithout an upstream patch, then the bug report will automatically\nbecome visible to the public.",
                "descriptionNum": 1
            },
            {
                "projectName": "oss-fuzz",
                "localId": 17599,
                "sequenceNum": 1,
                "commenter": {
                    "userId": "382749006",
                    "displayName": "ClusterFuzz-External"
                },
                "timestamp": 1570810023,
                "content": "ClusterFuzz testcase 5760493611909120 is verified as fixed in https://oss-fuzz.com/revisions?job=libfuzzer_asan_postgis&range=201910100346:201910110347\n\nIf this is incorrect, please file a bug on https://github.com/google/oss-fuzz/issues/new",
                "amendments": [
                    {
                        "fieldName": "Status",
                        "newOrDeltaValue": "Verified",
                        "oldValue": "New"
                    },
                    {
                        "fieldName": "Labels",
                        "newOrDeltaValue": "ClusterFuzz-Verified"
                    }
                ]
            },
            {
                "projectName": "oss-fuzz",
                "localId": 17599,
                "sequenceNum": 2,
                "commenter": {
                    "userId": "4164592774",
                    "displayName": "sheriffbot@chromium.org"
                },
                "timestamp": 1573403852,
                "content": "This bug has been fixed for 30 days. It has been opened to the public.\n\n- Your friendly Sheriffbot",
                "amendments": [
                    {
                        "fieldName": "Labels",
                        "newOrDeltaValue": "-restrict-view-commit"
                    }
                ]
            }
        ]
    },
    "fix_commit": "b1abe27db0869d345ac5c0240a21e322a725fff9",
    "repo_addr": "https://git.osgeo.org/gogs/postgis/postgis.git"
}