{
    "fix": "https://github.com/radare/radare2/commit/0e7b37601a2011c9b11112566e2d8f1b2611986d",
    "verify": "0",
    "localId": 15003,
    "project": "radare2",
    "fuzzer": "libfuzzer",
    "sanitizer": "asan",
    "crash_type": "Heap-buffer-overflow READ 1",
    "severity": "Medium",
    "report": {
        "comments": [
            {
                "projectName": "oss-fuzz",
                "localId": 15003,
                "commenter": {
                    "userId": "382749006",
                    "displayName": "ClusterFuzz-External"
                },
                "timestamp": 1559027900,
                "content": "Detailed report: https://oss-fuzz.com/testcase?key=5679932656582656\n\nProject: radare2\nFuzzer: libFuzzer_radare2_ia_fuzz\nFuzz target binary: ia_fuzz\nJob Type: libfuzzer_asan_radare2\nPlatform Id: linux\n\nCrash Type: Heap-buffer-overflow READ 1\nCrash Address: 0x602000035351\nCrash State:\n  check_buffer\n  r_bin_get_binplugin_by_buffer\n  get_plugin_from_buffer\n  \nSanitizer: address (ASAN)\n\nRecommended Security Severity: Medium\n\nRegressed: https://oss-fuzz.com/revisions?job=libfuzzer_asan_radare2&range=201905270132:201905280202\n\nReproducer Testcase: https://oss-fuzz.com/download?testcase_id=5679932656582656\n\nIssue filed automatically.\n\nSee https://github.com/google/oss-fuzz/blob/master/docs/reproducing.md for instructions to reproduce this bug locally.\n\nThis bug is subject to a 90 day disclosure deadline. If 90 days elapse\nwithout an upstream patch, then the bug report will automatically\nbecome visible to the public.\n\nWhen you fix this bug, please\n  * mention the fix revision(s).\n  * state whether the bug was a short-lived regression or an old bug in any stable releases.\n  * add any other useful information.\nThis information can help downstream consumers.\n\nIf you need to contact the OSS-Fuzz team with a question, concern, or any other feedback, please file an issue at https://github.com/google/oss-fuzz/issues.",
                "descriptionNum": 1
            },
            {
                "projectName": "oss-fuzz",
                "localId": 15003,
                "sequenceNum": 1,
                "commenter": {
                    "userId": "382749006",
                    "displayName": "ClusterFuzz-External"
                },
                "timestamp": 1559028559,
                "amendments": [
                    {
                        "fieldName": "Labels",
                        "newOrDeltaValue": "OS-Linux"
                    }
                ]
            },
            {
                "projectName": "oss-fuzz",
                "localId": 15003,
                "sequenceNum": 2,
                "commenter": {
                    "userId": "382749006",
                    "displayName": "ClusterFuzz-External"
                },
                "timestamp": 1559830225,
                "content": "ClusterFuzz has detected this issue as fixed in range 201906050200:201906060201.\n\nDetailed report: https://oss-fuzz.com/testcase?key=5679932656582656\n\nProject: radare2\nFuzzer: libFuzzer_radare2_ia_fuzz\nFuzz target binary: ia_fuzz\nJob Type: libfuzzer_asan_radare2\nPlatform Id: linux\n\nCrash Type: Heap-buffer-overflow READ 1\nCrash Address: 0x602000035351\nCrash State:\n  check_buffer\n  r_bin_get_binplugin_by_buffer\n  get_plugin_from_buffer\n  \nSanitizer: address (ASAN)\n\nRecommended Security Severity: Medium\n\nRegressed: https://oss-fuzz.com/revisions?job=libfuzzer_asan_radare2&range=201905270132:201905280202\nFixed: https://oss-fuzz.com/revisions?job=libfuzzer_asan_radare2&range=201906050200:201906060201\n\nReproducer Testcase: https://oss-fuzz.com/download?testcase_id=5679932656582656\n\nSee https://github.com/google/oss-fuzz/blob/master/docs/reproducing.md for instructions to reproduce this bug locally.\n\nIf you suspect that the result above is incorrect, try re-doing that job on the test case report page."
            },
            {
                "projectName": "oss-fuzz",
                "localId": 15003,
                "sequenceNum": 3,
                "commenter": {
                    "userId": "382749006",
                    "displayName": "ClusterFuzz-External"
                },
                "timestamp": 1559832472,
                "content": "ClusterFuzz testcase 5679932656582656 is verified as fixed, so closing issue as verified.\n\nIf this is incorrect, please file a bug on https://github.com/google/oss-fuzz/issues/new",
                "amendments": [
                    {
                        "fieldName": "Status",
                        "newOrDeltaValue": "Verified",
                        "oldValue": "New"
                    },
                    {
                        "fieldName": "Labels",
                        "newOrDeltaValue": "ClusterFuzz-Verified"
                    }
                ]
            },
            {
                "projectName": "oss-fuzz",
                "localId": 15003,
                "sequenceNum": 4,
                "commenter": {
                    "userId": "4164592774",
                    "displayName": "sheriffbot@chromium.org"
                },
                "timestamp": 1562426804,
                "content": "This bug has been fixed for 30 days. It has been opened to the public.\n\n- Your friendly Sheriffbot",
                "amendments": [
                    {
                        "fieldName": "Labels",
                        "newOrDeltaValue": "-restrict-view-commit"
                    }
                ]
            }
        ]
    },
    "fix_commit": "0e7b37601a2011c9b11112566e2d8f1b2611986d",
    "repo_addr": "https://github.com/radare/radare2"
}