{
    "fix": "https://github.com/open62541/open62541/commit/58a2fdb5b1ad1efafef455d66a9cbfb93c3fae9d",
    "verify": "0",
    "localId": 14567,
    "project": "open62541",
    "fuzzer": "libfuzzer",
    "sanitizer": "asan",
    "crash_type": "Heap-use-after-free READ 8",
    "severity": "High",
    "report": {
        "comments": [
            {
                "projectName": "oss-fuzz",
                "localId": 14567,
                "commenter": {
                    "userId": "382749006",
                    "displayName": "ClusterFuzz-External"
                },
                "timestamp": 1556896912,
                "content": "Detailed report: https://oss-fuzz.com/testcase?key=5749297120804864\n\nProject: open62541\nFuzzer: libFuzzer_open62541_fuzz_binary_message\nFuzz target binary: fuzz_binary_message\nJob Type: libfuzzer_asan_open62541\nPlatform Id: linux\n\nCrash Type: Heap-use-after-free READ 8\nCrash Address: 0x60d000004fe8\nCrash State:\n  String_clear\n  clearStructure\n  UA_Array_delete\n  \nSanitizer: address (ASAN)\n\nRecommended Security Severity: High\n\nRegressed: https://oss-fuzz.com/revisions?job=libfuzzer_asan_open62541&range=201904301631:201905010142\n\nReproducer Testcase: https://oss-fuzz.com/download?testcase_id=5749297120804864\n\nIssue filed automatically.\n\nSee https://github.com/google/oss-fuzz/blob/master/docs/reproducing.md for instructions to reproduce this bug locally.\n\nThis bug is subject to a 90 day disclosure deadline. If 90 days elapse\nwithout an upstream patch, then the bug report will automatically\nbecome visible to the public.\n\nWhen you fix this bug, please\n  * mention the fix revision(s).\n  * state whether the bug was a short-lived regression or an old bug in any stable releases.\n  * add any other useful information.\nThis information can help downstream consumers.\n\nIf you need to contact the OSS-Fuzz team with a question, concern, or any other feedback, please file an issue at https://github.com/google/oss-fuzz/issues.",
                "descriptionNum": 1
            },
            {
                "projectName": "oss-fuzz",
                "localId": 14567,
                "sequenceNum": 1,
                "commenter": {
                    "userId": "382749006",
                    "displayName": "ClusterFuzz-External"
                },
                "timestamp": 1556897353,
                "amendments": [
                    {
                        "fieldName": "Labels",
                        "newOrDeltaValue": "OS-Linux"
                    }
                ]
            },
            {
                "projectName": "oss-fuzz",
                "localId": 14567,
                "sequenceNum": 2,
                "commenter": {
                    "userId": "3922972219",
                    "displayName": "stefa...@gmail.com"
                },
                "timestamp": 1557147311,
                "content": "Fixed in https://github.com/open62541/open62541/pull/2710"
            },
            {
                "projectName": "oss-fuzz",
                "localId": 14567,
                "sequenceNum": 3,
                "commenter": {
                    "userId": "382749006",
                    "displayName": "ClusterFuzz-External"
                },
                "timestamp": 1557238960,
                "content": "ClusterFuzz has detected this issue as fixed in range 201905020143:201905070144.\n\nDetailed report: https://oss-fuzz.com/testcase?key=5749297120804864\n\nProject: open62541\nFuzzer: libFuzzer_open62541_fuzz_binary_message\nFuzz target binary: fuzz_binary_message\nJob Type: libfuzzer_asan_open62541\nPlatform Id: linux\n\nCrash Type: Heap-use-after-free READ 8\nCrash Address: 0x60d000004fe8\nCrash State:\n  String_clear\n  clearStructure\n  UA_Array_delete\n  \nSanitizer: address (ASAN)\n\nRecommended Security Severity: High\n\nRegressed: https://oss-fuzz.com/revisions?job=libfuzzer_asan_open62541&range=201904301631:201905010142\nFixed: https://oss-fuzz.com/revisions?job=libfuzzer_asan_open62541&range=201905020143:201905070144\n\nReproducer Testcase: https://oss-fuzz.com/download?testcase_id=5749297120804864\n\nSee https://github.com/google/oss-fuzz/blob/master/docs/reproducing.md for instructions to reproduce this bug locally.\n\nIf you suspect that the result above is incorrect, try re-doing that job on the test case report page."
            },
            {
                "projectName": "oss-fuzz",
                "localId": 14567,
                "sequenceNum": 4,
                "commenter": {
                    "userId": "382749006",
                    "displayName": "ClusterFuzz-External"
                },
                "timestamp": 1557240621,
                "content": "ClusterFuzz testcase 5749297120804864 is verified as fixed, so closing issue as verified.\n\nIf this is incorrect, please file a bug on https://github.com/google/oss-fuzz/issues/new",
                "amendments": [
                    {
                        "fieldName": "Status",
                        "newOrDeltaValue": "Verified",
                        "oldValue": "New"
                    },
                    {
                        "fieldName": "Labels",
                        "newOrDeltaValue": "ClusterFuzz-Verified"
                    }
                ]
            },
            {
                "projectName": "oss-fuzz",
                "localId": 14567,
                "sequenceNum": 5,
                "commenter": {
                    "userId": "4164592774",
                    "displayName": "sheriffbot@chromium.org"
                },
                "timestamp": 1559835171,
                "content": "This bug has been fixed for 30 days. It has been opened to the public.\n\n- Your friendly Sheriffbot",
                "amendments": [
                    {
                        "fieldName": "Labels",
                        "newOrDeltaValue": "-restrict-view-commit"
                    }
                ]
            }
        ]
    },
    "fix_commit": [
        "dee5006b3da38604b1a7e49e80b747f2443653ba",
        "d874c0fff799d9acc34b61e45da7cacdfabefc97",
        "02e9b3b892923d9245a6cf157ad5100f47642a45",
        "72b1cbca6c549815347054a19851a4dffa07b219",
        "aeee7bee9b8ba1c8929df86840e4b04b75f89578",
        "ec9a1573389e32ebb2872c970150924740187daf",
        "488abc531b42390bdab07ff8db1074533d08074b",
        "9d67ad0f19c4cd124a6c6eeffb36e4bf34b2af7f",
        "4a9bcf38c09e0705eafc8c38481b59ff19c5ca2a",
        "1bf1388b4e36c94ee7a98fc3064d7376b3ccbc6f",
        "5c1b65c8d7892289ce25af9d0d5f317b57e0fe17",
        "a798be865b18f5bdbfa7935f6b19ee86316ec785",
        "58a2fdb5b1ad1efafef455d66a9cbfb93c3fae9d"
    ],
    "repo_addr": "https://github.com/open62541/open62541.git"
}