{
    "fix": "https://github.com/open62541/open62541/commit/3d4b8666b02ecea0045c2ba8ae4c46a3f766c765",
    "verify": "0",
    "localId": 5652,
    "project": "open62541",
    "fuzzer": "afl",
    "sanitizer": "asan",
    "crash_type": "Heap-use-after-free READ 8",
    "severity": "High",
    "report": {
        "comments": [
            {
                "projectName": "oss-fuzz",
                "localId": 5652,
                "commenter": {
                    "userId": "382749006",
                    "displayName": "ClusterFuzz-External"
                },
                "timestamp": 1516794020,
                "content": "Detailed report: https://oss-fuzz.com/testcase?key=6271073134837760\n\nProject: open62541\nFuzzer: afl_open62541_fuzz_binary_message\nFuzz target binary: fuzz_binary_message\nJob Type: afl_asan_open62541\nPlatform Id: linux\n\nCrash Type: Heap-use-after-free READ 8\nCrash Address: 0x61300000c610\nCrash State:\n  UA_SecureChannel_deleteMembersCleanup\n  UA_SecureChannelManager_deleteMembers\n  UA_Server_delete\n  \nSanitizer: address (ASAN)\n\nRecommended Security Severity: High\n\nRegressed: https://oss-fuzz.com/revisions?job=afl_asan_open62541&range=201801180734:201801190731\n\nReproducer Testcase: https://oss-fuzz.com/download?testcase_id=6271073134837760\n\nIssue filed automatically.\n\nSee https://github.com/google/oss-fuzz/blob/master/docs/reproducing.md for more information.\n\nThis bug is subject to a 90 day disclosure deadline. If 90 days elapse\nwithout an upstream patch, then the bug report will automatically\nbecome visible to the public.\n\nWhen you fix this bug, please\n  * mention the fix revision(s).\n  * state whether the bug was a short-lived regression or an old bug in any stable releases.\n  * add any other useful information.\nThis information can help downstream consumers.\n\nIf you have questions for the OSS-Fuzz team, please file an issue at https://github.com/google/oss-fuzz/issues.",
                "descriptionNum": 1
            },
            {
                "projectName": "oss-fuzz",
                "localId": 5652,
                "sequenceNum": 1,
                "commenter": {
                    "userId": "382749006",
                    "displayName": "ClusterFuzz-External"
                },
                "timestamp": 1516794307,
                "amendments": [
                    {
                        "fieldName": "Labels",
                        "newOrDeltaValue": "OS-Linux"
                    }
                ]
            },
            {
                "projectName": "oss-fuzz",
                "localId": 5652,
                "sequenceNum": 2,
                "commenter": {
                    "userId": "382749006",
                    "displayName": "ClusterFuzz-External"
                },
                "timestamp": 1516794307,
                "content": "Testcase 6271073134837760 is a top crash on ClusterFuzz for linux platform. Please prioritize fixing this crash.\n\nIf this is incorrect, please file a bug on https://github.com/google/oss-fuzz/issues/new",
                "amendments": [
                    {
                        "fieldName": "Labels",
                        "newOrDeltaValue": "ClusterFuzz-Top-Crash"
                    }
                ]
            },
            {
                "projectName": "oss-fuzz",
                "localId": 5652,
                "sequenceNum": 3,
                "commenter": {
                    "userId": "382749006",
                    "displayName": "ClusterFuzz-External"
                },
                "timestamp": 1516867690,
                "content": "ClusterFuzz has detected this issue as fixed in range 201801230737:201801240722.\n\nDetailed report: https://oss-fuzz.com/testcase?key=6271073134837760\n\nProject: open62541\nFuzzer: afl_open62541_fuzz_binary_message\nFuzz target binary: fuzz_binary_message\nJob Type: afl_asan_open62541\nPlatform Id: linux\n\nCrash Type: Heap-use-after-free READ 8\nCrash Address: 0x61300000c610\nCrash State:\n  UA_SecureChannel_deleteMembersCleanup\n  UA_SecureChannelManager_deleteMembers\n  UA_Server_delete\n  \nSanitizer: address (ASAN)\n\nRecommended Security Severity: High\n\nRegressed: https://oss-fuzz.com/revisions?job=afl_asan_open62541&range=201801180734:201801190731\nFixed: https://oss-fuzz.com/revisions?job=afl_asan_open62541&range=201801230737:201801240722\n\nReproducer Testcase: https://oss-fuzz.com/download?testcase_id=6271073134837760\n\nSee https://github.com/google/oss-fuzz/blob/master/docs/reproducing.md for more information.\n\nIf you suspect that the result above is incorrect, try re-doing that job on the test case report page."
            },
            {
                "projectName": "oss-fuzz",
                "localId": 5652,
                "sequenceNum": 4,
                "commenter": {
                    "userId": "382749006",
                    "displayName": "ClusterFuzz-External"
                },
                "timestamp": 1516868418,
                "content": "ClusterFuzz testcase 6271073134837760 is verified as fixed, so closing issue as verified.\n\nIf this is incorrect, please file a bug on https://github.com/google/oss-fuzz/issues/new",
                "amendments": [
                    {
                        "fieldName": "Status",
                        "newOrDeltaValue": "Verified",
                        "oldValue": "New"
                    },
                    {
                        "fieldName": "Labels",
                        "newOrDeltaValue": "ClusterFuzz-Verified"
                    }
                ]
            },
            {
                "projectName": "oss-fuzz",
                "localId": 5652,
                "sequenceNum": 5,
                "commenter": {
                    "userId": "4164592774",
                    "displayName": "sheriffbot@chromium.org"
                },
                "timestamp": 1519489341,
                "content": "This bug has been fixed for 30 days. It has been opened to the public.\n\n- Your friendly Sheriffbot",
                "amendments": [
                    {
                        "fieldName": "Labels",
                        "newOrDeltaValue": "-restrict-view-commit"
                    }
                ]
            },
            {
                "projectName": "oss-fuzz",
                "localId": 5652,
                "sequenceNum": 6,
                "commenter": {
                    "userId": "2965673606",
                    "displayName": "metzman@chromium.org"
                },
                "timestamp": 1551718569,
                "amendments": [
                    {
                        "fieldName": "Labels",
                        "newOrDeltaValue": "Security_Severity-High"
                    }
                ]
            }
        ]
    },
    "fix_commit": "3d4b8666b02ecea0045c2ba8ae4c46a3f766c765",
    "repo_addr": "https://github.com/open62541/open62541.git"
}