{
    "fix": "https://github.com/KDE/kimageformats/commit/a51cbd865f922b9a39a0db421ab84b6c4108bd56",
    "verify": "0",
    "localId": 12818,
    "project": "kimageformats",
    "fuzzer": "afl",
    "sanitizer": "asan",
    "crash_type": "Heap-buffer-overflow WRITE {*}",
    "severity": "High",
    "report": {
        "comments": [
            {
                "projectName": "oss-fuzz",
                "localId": 12818,
                "commenter": {
                    "userId": "382749006",
                    "displayName": "ClusterFuzz-External"
                },
                "timestamp": 1549035487,
                "content": "Detailed report: https://oss-fuzz.com/testcase?key=5646955097620480\n\nProject: kimageformats\nFuzzer: afl_kimageformats_kimgio_fuzzer\nFuzz target binary: kimgio_fuzzer\nJob Type: afl_asan_kimageformats\nPlatform Id: linux\n\nCrash Type: Heap-buffer-overflow WRITE {*}\nCrash Address: 0x7f60a5c5f7ff\nCrash State:\n  LoadTGA\n  TGAHandler::read\n  kimgio_fuzzer.cc\n  \nSanitizer: address (ASAN)\n\nRecommended Security Severity: High\n\nRegressed: https://oss-fuzz.com/revisions?job=afl_asan_kimageformats&range=201901300414:201902010405\n\nReproducer Testcase: https://oss-fuzz.com/download?testcase_id=5646955097620480\n\nIssue filed automatically.\n\nSee https://github.com/google/oss-fuzz/blob/master/docs/reproducing.md for instructions to reproduce this bug locally.\n\nThis bug is subject to a 90 day disclosure deadline. If 90 days elapse\nwithout an upstream patch, then the bug report will automatically\nbecome visible to the public.\n\nWhen you fix this bug, please\n  * mention the fix revision(s).\n  * state whether the bug was a short-lived regression or an old bug in any stable releases.\n  * add any other useful information.\nThis information can help downstream consumers.\n\nIf you need to contact the OSS-Fuzz team with a question, concern, or any other feedback, please file an issue at https://github.com/google/oss-fuzz/issues.",
                "descriptionNum": 1
            },
            {
                "projectName": "oss-fuzz",
                "localId": 12818,
                "sequenceNum": 1,
                "commenter": {
                    "userId": "382749006",
                    "displayName": "ClusterFuzz-External"
                },
                "timestamp": 1549036363,
                "amendments": [
                    {
                        "fieldName": "Labels",
                        "newOrDeltaValue": "OS-Linux"
                    }
                ]
            },
            {
                "projectName": "oss-fuzz",
                "localId": 12818,
                "sequenceNum": 2,
                "commenter": {
                    "userId": "382749006",
                    "displayName": "ClusterFuzz-External"
                },
                "timestamp": 1549292623,
                "content": "ClusterFuzz has detected this issue as fixed in range 201902030408:201902040410.\n\nDetailed report: https://oss-fuzz.com/testcase?key=5646955097620480\n\nProject: kimageformats\nFuzzer: afl_kimageformats_kimgio_fuzzer\nFuzz target binary: kimgio_fuzzer\nJob Type: afl_asan_kimageformats\nPlatform Id: linux\n\nCrash Type: Heap-buffer-overflow WRITE {*}\nCrash Address: 0x7f60a5c5f7ff\nCrash State:\n  LoadTGA\n  TGAHandler::read\n  kimgio_fuzzer.cc\n  \nSanitizer: address (ASAN)\n\nRecommended Security Severity: High\n\nRegressed: https://oss-fuzz.com/revisions?job=afl_asan_kimageformats&range=201901300414:201902010405\nFixed: https://oss-fuzz.com/revisions?job=afl_asan_kimageformats&range=201902030408:201902040410\n\nReproducer Testcase: https://oss-fuzz.com/download?testcase_id=5646955097620480\n\nSee https://github.com/google/oss-fuzz/blob/master/docs/reproducing.md for instructions to reproduce this bug locally.\n\nIf you suspect that the result above is incorrect, try re-doing that job on the test case report page."
            },
            {
                "projectName": "oss-fuzz",
                "localId": 12818,
                "sequenceNum": 3,
                "commenter": {
                    "userId": "382749006",
                    "displayName": "ClusterFuzz-External"
                },
                "timestamp": 1549292924,
                "content": "ClusterFuzz testcase 5646955097620480 is verified as fixed, so closing issue as verified.\n\nIf this is incorrect, please file a bug on https://github.com/google/oss-fuzz/issues/new",
                "amendments": [
                    {
                        "fieldName": "Status",
                        "newOrDeltaValue": "Verified",
                        "oldValue": "New"
                    },
                    {
                        "fieldName": "Labels",
                        "newOrDeltaValue": "ClusterFuzz-Verified"
                    }
                ]
            },
            {
                "projectName": "oss-fuzz",
                "localId": 12818,
                "sequenceNum": 4,
                "commenter": {
                    "userId": "4164592774",
                    "displayName": "sheriffbot@chromium.org"
                },
                "timestamp": 1551889487,
                "content": "This bug has been fixed for 30 days. It has been opened to the public.\n\n- Your friendly Sheriffbot",
                "amendments": [
                    {
                        "fieldName": "Labels",
                        "newOrDeltaValue": "-restrict-view-commit"
                    }
                ]
            }
        ]
    },
    "fix_commit": "a51cbd865f922b9a39a0db421ab84b6c4108bd56",
    "repo_addr": "https://github.com/KDE/kimageformats.git"
}