{
    "fix": "https://github.com/KDE/kimageformats/commit/780f3428253bff4b029736fa9f195ca5938203bc",
    "verify": "0",
    "localId": 28737,
    "project": "kimageformats",
    "fuzzer": "afl",
    "sanitizer": "asan",
    "crash_type": "Segv on unknown address",
    "report": {
        "comments": [
            {
                "projectName": "oss-fuzz",
                "localId": 28737,
                "commenter": {
                    "userId": "382749006",
                    "displayName": "ClusterFuzz-External"
                },
                "timestamp": 1608191895,
                "content": "Detailed Report: https://oss-fuzz.com/testcase?key=5665698529542144\n\nProject: kimageformats\nFuzzing Engine: afl\nFuzz Target: kimgio_xcf_fuzzer\nJob Type: afl_asan_kimageformats\nPlatform Id: linux\n\nCrash Type: Segv on unknown address\nCrash Address: \nCrash State:\n  QPainterPrivate::attachPainterPrivate\n  QPainter::QPainter\n  XCFImageFormat::mergeLayerIntoImage\n  \nSanitizer: address (ASAN)\n\nRegressed: https://oss-fuzz.com/revisions?job=afl_asan_kimageformats&range=202004130222:202004170222\n\nReproducer Testcase: https://oss-fuzz.com/download?testcase_id=5665698529542144\n\nIssue filed automatically.\n\nSee https://google.github.io/oss-fuzz/advanced-topics/reproducing for instructions to reproduce this bug locally.\nWhen you fix this bug, please\n  * mention the fix revision(s).\n  * state whether the bug was a short-lived regression or an old bug in any stable releases.\n  * add any other useful information.\nThis information can help downstream consumers.\n\nIf you need to contact the OSS-Fuzz team with a question, concern, or any other feedback, please file an issue at https://github.com/google/oss-fuzz/issues. Comments on individual Monorail issues are not monitored.\n\nThis bug is subject to a 90 day disclosure deadline. If 90 days elapse\nwithout an upstream patch, then the bug report will automatically\nbecome visible to the public.",
                "descriptionNum": 1
            },
            {
                "projectName": "oss-fuzz",
                "localId": 28737,
                "sequenceNum": 1,
                "commenter": {
                    "userId": "1950284618",
                    "displayName": "sheriffbot"
                },
                "timestamp": 1608235540,
                "amendments": [
                    {
                        "fieldName": "Labels",
                        "newOrDeltaValue": "Disclosure-2021-03-17"
                    }
                ]
            },
            {
                "projectName": "oss-fuzz",
                "localId": 28737,
                "sequenceNum": 2,
                "commenter": {
                    "userId": "1950284618",
                    "displayName": "sheriffbot"
                },
                "timestamp": 1615405286,
                "content": "This bug is approaching its deadline for being fixed, and will be automatically derestricted within 7 days. If a fix is planned within 2 weeks after the deadline has passed, a grace extension can be granted.\n\n- Your friendly Sheriffbot",
                "amendments": [
                    {
                        "fieldName": "Labels",
                        "newOrDeltaValue": "Deadline-Approaching"
                    }
                ]
            },
            {
                "projectName": "oss-fuzz",
                "localId": 28737,
                "sequenceNum": 3,
                "commenter": {
                    "userId": "1950284618",
                    "displayName": "sheriffbot"
                },
                "timestamp": 1616006797,
                "content": "This bug has exceeded our disclosure deadline. It has been opened to the public.\n\n- Your friendly Sheriffbot",
                "amendments": [
                    {
                        "fieldName": "Labels",
                        "newOrDeltaValue": "-restrict-view-commit -deadline-approaching Deadline-Exceeded"
                    }
                ]
            },
            {
                "projectName": "oss-fuzz",
                "localId": 28737,
                "sequenceNum": 4,
                "commenter": {
                    "userId": "382749006",
                    "displayName": "ClusterFuzz-External"
                },
                "timestamp": 1619968237,
                "content": "ClusterFuzz testcase 5665698529542144 is verified as fixed in https://oss-fuzz.com/revisions?job=afl_asan_kimageformats&range=202105010606:202105020632\n\nIf this is incorrect, please file a bug on https://github.com/google/oss-fuzz/issues/new",
                "amendments": [
                    {
                        "fieldName": "Status",
                        "newOrDeltaValue": "Verified",
                        "oldValue": "New"
                    },
                    {
                        "fieldName": "Labels",
                        "newOrDeltaValue": "ClusterFuzz-Verified"
                    }
                ]
            }
        ]
    },
    "fix_commit": [
        "105d0fab46ec3ad62dc0ceebbdbedad1bf5303ff",
        "f5b26cc9f9e261a4e54e371ad62e4eae83fce854",
        "8562ce18f1abdff44e9ae0670f76a8060603f9ae",
        "51d0b2ad86db60408fe35fd5d18a78d49f1f3c4e",
        "37be13e3a459bfe9ece25a6028f0ea39e4d3c222",
        "a446331a5e0ec67f001abce69e09e95041450e62",
        "d1136c4bac749cdad17e8bf13c796a13b5545a47",
        "9a04f2637fc140ffff786e389ec4a5eb63968c7a",
        "20f996a7dd2e859a7a053b03088cf4743026eabc",
        "f4281984c1a0d75d49e2675d295145d6e1b07cb2",
        "6e9df28487d71c192bbc6d68dba2b5c594575e17",
        "d326d5dab94cfc22a880290031207cf84a22c1e3",
        "fc9a128f47c49658581189709aaa3a00b3d30f57",
        "d6b79d16ad25d16f21cd06213b3d8ea312a11709",
        "da2fc84a3bac0e05a3daf9d1f6698de7bde2df1f",
        "db0b5d571a303e2f3c3e307a541193776e5c26b4",
        "2e6eeebdfcdb0ad18c21249a50b44e10431ffdb5",
        "b742cb7cc76f1cca7be87425ee61044fee12cd1e",
        "5825c83235caaa6470f83315914dae0611980176",
        "f2ccbf17240d8780eced248d65ea942767beebb2",
        "1acb5a61774e04d6afadf2bc206561ed5155e966",
        "d36c191351fdb5e195014b1ed14c1c75838fe11d",
        "938b8126b5662033c99b6c237362baaa503a92ca",
        "6cf05cf305adb8278a18a0dd28a409bf5f151e32",
        "02cbf3889f229b0693eff6b492b44d2205dd9796",
        "a6ec69d276300f38622408657e7ec42492cb830e",
        "34a9ec1b06844a4caca1362ee15fc8a4143931e6",
        "54ed1dda27be27bc49c19ec525af0ed58c15ba58",
        "bbf945137a3b658e58362fab205dd61f03f852b9",
        "82d5e0f8a4205b6fa96860ff8c3eaf0fcf86e768",
        "bf1de9f8f09af9dd76513e461a89ebdaab82b3b5",
        "b79d1f222d01f5152d11381c7b6694dae6665176",
        "bf3f99abf592eb60459e3506065a1c8b6e9d17ad",
        "c72c9f577b08991e5a3ee299afb3a6a986d58036",
        "8ad43638ad55cf9bfc12af35aa3c33bd255dd375",
        "3673874a6300b4d21e7a942d7aa551950525ec1a",
        "134c96fa61cc78144b22ca7487c425c12a7d5f76",
        "a4b8295625fa6923f7856f1cb158cb8ebe890937",
        "8845dd9818355542b373d6b3fe63526c8d385f82",
        "8b9125c913928f5a682b5518d377d1e3cd7f11f3",
        "0aaab103b12b7115a9fa331b9811f2ec15dc09a5",
        "7ba4d6addaa86661bc3d00d6203568d4e440d9b8",
        "ca52d4ddf540cc731d0f31dbccc1897f7e6d9db4",
        "1462c3abd6cec6c8140bc11c13a8801969c82672",
        "c532227d4302339de562bd4388772532e87114bb",
        "511a22f0b49a467af1e2932f7a339481acab94a1",
        "503b3eee2b3ed599310e1e6e41e74398f53a6303",
        "e3ab85071220da704cefcd94bdd73bcc0a8f2314",
        "04e276dcb31652f49192751486df498f9bde7673",
        "1169859b07f25c865ee0bfc2a7dc97a431651776",
        "a73e3d44ddb00d3f11c57a404242a038e6e534ad",
        "e80fcd7c306cd66568e9711f32b9ce19d0a1ac9a",
        "3b0c767f82e6fac1d1733b9e1aad116f7aa981c2",
        "2755f74fbb0637e3e732d235e1e9d3d570f00fd1",
        "bc3c04c7cea729b63e8217ef8a3df9a86f669a26",
        "1ba23a1e8e2506913ae08797534c2556d52c652c",
        "95a19a15c38cb1368549a0329ef1836dba824d44",
        "3cb4021afc3a87261faf5b6d29e6d6ab47c055c8",
        "64fa129ed66cadfcccf490c7829ea1dca01f4abe",
        "224f892b09fd3c7dab0ddadf3dc4ef3727b2809b",
        "2429c9533621d32f4ab5350856945cc0ad659ae5",
        "55b4077f2c12a424a410a1e213eccf98f0eadd20",
        "297ed9a2fe339bfe36916b9fce628c3242e5be0f",
        "780f3428253bff4b029736fa9f195ca5938203bc"
    ],
    "repo_addr": "https://github.com/KDE/kimageformats.git"
}