{
    "fix": "https://github.com/KDE/kimageformats/commit/2429c9533621d32f4ab5350856945cc0ad659ae5",
    "verify": "0",
    "localId": 31495,
    "project": "kimageformats",
    "fuzzer": "libfuzzer",
    "sanitizer": "asan",
    "crash_type": "Heap-buffer-overflow READ 2",
    "severity": "Medium",
    "report": {
        "comments": [
            {
                "projectName": "oss-fuzz",
                "localId": 31495,
                "commenter": {
                    "userId": "382749006",
                    "displayName": "ClusterFuzz-External"
                },
                "timestamp": 1614444950,
                "content": "Detailed Report: https://oss-fuzz.com/testcase?key=5020322681192448\n\nProject: kimageformats\nFuzzing Engine: libFuzzer\nFuzz Target: kimgio_heif_fuzzer\nJob Type: libfuzzer_asan_kimageformats\nPlatform Id: linux\n\nCrash Type: Heap-buffer-overflow READ 2\nCrash Address: 0x62900001820e\nCrash State:\n  Op_to_sdr_planes::convert_colorspace\n  heif::ColorConversionPipeline::convert_image\n  heif::convert_colorspace\n  \nSanitizer: address (ASAN)\n\nRecommended Security Severity: Medium\n\nRegressed: https://oss-fuzz.com/revisions?job=libfuzzer_asan_kimageformats&range=202102260602:202102270618\n\nReproducer Testcase: https://oss-fuzz.com/download?testcase_id=5020322681192448\n\nIssue filed automatically.\n\nSee https://google.github.io/oss-fuzz/advanced-topics/reproducing for instructions to reproduce this bug locally.\nWhen you fix this bug, please\n  * mention the fix revision(s).\n  * state whether the bug was a short-lived regression or an old bug in any stable releases.\n  * add any other useful information.\nThis information can help downstream consumers.\n\nIf you need to contact the OSS-Fuzz team with a question, concern, or any other feedback, please file an issue at https://github.com/google/oss-fuzz/issues. Comments on individual Monorail issues are not monitored.\n\nThis bug is subject to a 90 day disclosure deadline. If 90 days elapse\nwithout an upstream patch, then the bug report will automatically\nbecome visible to the public.",
                "descriptionNum": 1
            },
            {
                "projectName": "oss-fuzz",
                "localId": 31495,
                "sequenceNum": 1,
                "commenter": {
                    "userId": "1950284618",
                    "displayName": "sheriffbot"
                },
                "timestamp": 1614715482,
                "amendments": [
                    {
                        "fieldName": "Labels",
                        "newOrDeltaValue": "Disclosure-2021-05-28"
                    }
                ]
            },
            {
                "projectName": "oss-fuzz",
                "localId": 31495,
                "sequenceNum": 2,
                "commenter": {
                    "userId": "382749006",
                    "displayName": "ClusterFuzz-External"
                },
                "timestamp": 1619798228,
                "content": "ClusterFuzz testcase 5020322681192448 is verified as fixed in https://oss-fuzz.com/revisions?job=libfuzzer_asan_kimageformats&range=202104290618:202104300615\n\nIf this is incorrect, please file a bug on https://github.com/google/oss-fuzz/issues/new",
                "amendments": [
                    {
                        "fieldName": "Status",
                        "newOrDeltaValue": "Verified",
                        "oldValue": "New"
                    },
                    {
                        "fieldName": "Labels",
                        "newOrDeltaValue": "ClusterFuzz-Verified"
                    }
                ]
            },
            {
                "projectName": "oss-fuzz",
                "localId": 31495,
                "sequenceNum": 3,
                "commenter": {
                    "userId": "1950284618",
                    "displayName": "sheriffbot"
                },
                "timestamp": 1619809089,
                "content": "This bug has been fixed. It has been opened to the public.\n\n- Your friendly Sheriffbot",
                "amendments": [
                    {
                        "fieldName": "Labels",
                        "newOrDeltaValue": "-restrict-view-commit"
                    }
                ]
            }
        ]
    },
    "fix_commit": "2429c9533621d32f4ab5350856945cc0ad659ae5",
    "repo_addr": "https://github.com/KDE/kimageformats.git"
}