{
    "fix": "https://github.com/net-snmp/net-snmp/commit/d0f3c225864825d24c1143f8de4a54b1c6d83247",
    "verify": "0",
    "localId": 36962,
    "project": "net-snmp",
    "fuzzer": "libfuzzer",
    "sanitizer": "asan",
    "crash_type": "Stack-buffer-overflow READ 8",
    "severity": "Medium",
    "report": {
        "comments": [
            {
                "projectName": "oss-fuzz",
                "localId": 36962,
                "commenter": {
                    "userId": "382749006",
                    "displayName": "ClusterFuzz-External"
                },
                "timestamp": 1628424691,
                "content": "Detailed Report: https://oss-fuzz.com/testcase?key=4817499223883776\n\nProject: net-snmp\nFuzzing Engine: libFuzzer\nFuzz Target: snmp_mib_fuzzer\nJob Type: libfuzzer_asan_net-snmp\nPlatform Id: linux\n\nCrash Type: Stack-buffer-overflow READ 8\nCrash Address: 0x7f7dcb5eca28\nCrash State:\n  getoid\n  parse_objectid\n  parse_asntype\n  \nSanitizer: address (ASAN)\n\nRecommended Security Severity: Medium\n\nRegressed: https://oss-fuzz.com/revisions?job=libfuzzer_asan_net-snmp&range=202108070605:202108080606\n\nReproducer Testcase: https://oss-fuzz.com/download?testcase_id=4817499223883776\n\nIssue filed automatically.\n\nSee https://google.github.io/oss-fuzz/advanced-topics/reproducing for instructions to reproduce this bug locally.\nWhen you fix this bug, please\n  * mention the fix revision(s).\n  * state whether the bug was a short-lived regression or an old bug in any stable releases.\n  * add any other useful information.\nThis information can help downstream consumers.\n\nIf you need to contact the OSS-Fuzz team with a question, concern, or any other feedback, please file an issue at https://github.com/google/oss-fuzz/issues. Comments on individual Monorail issues are not monitored.\n\nThis bug is subject to a 90 day disclosure deadline. If 90 days elapse\nwithout an upstream patch, then the bug report will automatically\nbecome visible to the public.",
                "descriptionNum": 1
            },
            {
                "projectName": "oss-fuzz",
                "localId": 36962,
                "sequenceNum": 1,
                "commenter": {
                    "userId": "1950284618",
                    "displayName": "sheriffbot"
                },
                "timestamp": 1628448348,
                "amendments": [
                    {
                        "fieldName": "Labels",
                        "newOrDeltaValue": "Disclosure-2021-11-08"
                    }
                ]
            },
            {
                "projectName": "oss-fuzz",
                "localId": 36962,
                "sequenceNum": 2,
                "commenter": {
                    "userId": "382749006",
                    "displayName": "ClusterFuzz-External"
                },
                "timestamp": 1628610033,
                "content": "ClusterFuzz testcase 4817499223883776 is verified as fixed in https://oss-fuzz.com/revisions?job=libfuzzer_asan_net-snmp&range=202108090610:202108100603\n\nIf this is incorrect, please file a bug on https://github.com/google/oss-fuzz/issues/new",
                "amendments": [
                    {
                        "fieldName": "Status",
                        "newOrDeltaValue": "Verified",
                        "oldValue": "New"
                    },
                    {
                        "fieldName": "Labels",
                        "newOrDeltaValue": "ClusterFuzz-Verified"
                    }
                ]
            },
            {
                "projectName": "oss-fuzz",
                "localId": 36962,
                "sequenceNum": 3,
                "commenter": {
                    "userId": "1950284618",
                    "displayName": "sheriffbot"
                },
                "timestamp": 1628620679,
                "content": "This bug has been fixed. It has been opened to the public.\n\n- Your friendly Sheriffbot",
                "amendments": [
                    {
                        "fieldName": "Labels",
                        "newOrDeltaValue": "-restrict-view-commit"
                    }
                ]
            }
        ]
    },
    "fix_commit": [
        "2cd0e7d72a76ba27a18315b9ae67e6ed6d2c464a",
        "413b17eecd6af8e8247501805b5a366b709828bf",
        "d0f3c225864825d24c1143f8de4a54b1c6d83247"
    ],
    "repo_addr": "https://github.com/net-snmp/net-snmp.git"
}