{
    "localId": 37647,
    "project": "net-snmp",
    "fix": "https://github.com/net-snmp/net-snmp/commit/d9cab398b816a610bb6de98e7a0b1e71e5ebff76",
    "verify": "0",
    "fuzzer": "afl",
    "sanitizer": "asan",
    "crash_type": "UNKNOWN WRITE",
    "severity": "Medium",
    "report": {
        "comments": [
            {
                "localId": 37647,
                "descriptionNum": 1,
                "projectName": "oss-fuzz",
                "commenter": {
                    "displayName": "ClusterFuzz-External",
                    "userId": "382749006"
                },
                "content": "Detailed Report: https://oss-fuzz.com/testcase?key=5402726234718208\n\nProject: net-snmp\nFuzzing Engine: afl\nFuzz Target: snmp_api_fuzzer\nJob Type: afl_asan_net-snmp\nPlatform Id: linux\n\nCrash Type: UNKNOWN WRITE\nCrash Address: 0x615074c49c26\nCrash State:\n  snmp_add_var\n  snmp_api_fuzzer.c\n  \nSanitizer: address (ASAN)\n\nRecommended Security Severity: Medium\n\nRegressed: https://oss-fuzz.com/revisions?job=afl_asan_net-snmp&range=202108230608:202108240607\n\nReproducer Testcase: https://oss-fuzz.com/download?testcase_id=5402726234718208\n\nIssue filed automatically.\n\nSee https://google.github.io/oss-fuzz/advanced-topics/reproducing for instructions to reproduce this bug locally.\nWhen you fix this bug, please\n  * mention the fix revision(s).\n  * state whether the bug was a short-lived regression or an old bug in any stable releases.\n  * add any other useful information.\nThis information can help downstream consumers.\n\nIf you need to contact the OSS-Fuzz team with a question, concern, or any other feedback, please file an issue at https://github.com/google/oss-fuzz/issues. Comments on individual Monorail issues are not monitored.\n\nThis bug is subject to a 90 day disclosure deadline. If 90 days elapse\nwithout an upstream patch, then the bug report will automatically\nbecome visible to the public.",
                "timestamp": 1629973476
            },
            {
                "amendments": [
                    {
                        "fieldName": "Labels",
                        "newOrDeltaValue": "Disclosure-2021-11-24"
                    }
                ],
                "localId": 37647,
                "projectName": "oss-fuzz",
                "commenter": {
                    "displayName": "sheriffbot",
                    "userId": "1950284618"
                },
                "sequenceNum": 1,
                "timestamp": 1630003990
            },
            {
                "amendments": [
                    {
                        "fieldName": "Status",
                        "oldValue": "New",
                        "newOrDeltaValue": "Verified"
                    },
                    {
                        "fieldName": "Labels",
                        "newOrDeltaValue": "ClusterFuzz-Verified"
                    }
                ],
                "localId": 37647,
                "projectName": "oss-fuzz",
                "commenter": {
                    "displayName": "ClusterFuzz-External",
                    "userId": "382749006"
                },
                "content": "ClusterFuzz testcase 5402726234718208 is verified as fixed in https://oss-fuzz.com/revisions?job=afl_asan_net-snmp&range=202110190607:202110200604\n\nIf this is incorrect, please file a bug on https://github.com/google/oss-fuzz/issues/new",
                "sequenceNum": 2,
                "timestamp": 1634741395
            },
            {
                "amendments": [
                    {
                        "fieldName": "Labels",
                        "newOrDeltaValue": "-restrict-view-commit"
                    }
                ],
                "localId": 37647,
                "projectName": "oss-fuzz",
                "commenter": {
                    "displayName": "sheriffbot",
                    "userId": "1950284618"
                },
                "content": "This bug has been fixed. It has been opened to the public.\n\n- Your friendly Sheriffbot",
                "sequenceNum": 3,
                "timestamp": 1634755334
            }
        ]
    },
    "fix_commit": "d9cab398b816a610bb6de98e7a0b1e71e5ebff76",
    "repo_addr": "https://github.com/net-snmp/net-snmp"
}