{
    "fix": "https://github.com/json-c/json-c/commit/36118b681ea3b8e99735beee73cbd25a63e942cd",
    "verify": "0",
    "localId": 23619,
    "project": "json-c",
    "fuzzer": "libfuzzer",
    "sanitizer": "asan",
    "crash_type": "Global-buffer-overflow READ 4",
    "report": {
        "comments": [
            {
                "projectName": "oss-fuzz",
                "localId": 23619,
                "commenter": {
                    "userId": "382749006",
                    "displayName": "ClusterFuzz-External"
                },
                "timestamp": 1592729536,
                "content": "Detailed Report: https://oss-fuzz.com/testcase?key=6193200317595648\n\nProject: json-c\nFuzzing Engine: libFuzzer\nFuzz Target: tokener_parse_ex_fuzzer\nJob Type: libfuzzer_asan_i386_json-c\nPlatform Id: linux\n\nCrash Type: Global-buffer-overflow READ 4\nCrash Address: 0x0821d7a3\nCrash State:\n  json_tokener_parse_ex\n  tokener_parse_ex_fuzzer.cc\n  \nSanitizer: address (ASAN)\n\nRegressed: https://oss-fuzz.com/revisions?job=libfuzzer_asan_i386_json-c&range=202006200306:202006210258\n\nReproducer Testcase: https://oss-fuzz.com/download?testcase_id=6193200317595648\n\nIssue filed automatically.\n\nSee https://google.github.io/oss-fuzz/advanced-topics/reproducing for instructions to reproduce this bug locally.\nWhen you fix this bug, please\n  * mention the fix revision(s).\n  * state whether the bug was a short-lived regression or an old bug in any stable releases.\n  * add any other useful information.\nThis information can help downstream consumers.\n\nIf you need to contact the OSS-Fuzz team with a question, concern, or any other feedback, please file an issue at https://github.com/google/oss-fuzz/issues. Comments on individual Monorail issues are not monitored.\n\nThis bug is subject to a 90 day disclosure deadline. If 90 days elapse\nwithout an upstream patch, then the bug report will automatically\nbecome visible to the public.",
                "descriptionNum": 1
            },
            {
                "projectName": "oss-fuzz",
                "localId": 23619,
                "sequenceNum": 1,
                "commenter": {
                    "userId": "1950284618",
                    "displayName": "sheriffbot"
                },
                "timestamp": 1592770155,
                "amendments": [
                    {
                        "fieldName": "Labels",
                        "newOrDeltaValue": "Disclosure-2020-09-21"
                    }
                ]
            },
            {
                "projectName": "oss-fuzz",
                "localId": 23619,
                "sequenceNum": 2,
                "commenter": {
                    "userId": "382749006",
                    "displayName": "ClusterFuzz-External"
                },
                "timestamp": 1592773713,
                "content": "This crash occurs very frequently on linux platform and is likely preventing the fuzzer tokener_parse_ex_fuzzer from making much progress. Fixing this will allow more bugs to be found.\n\nIf this is incorrect, please file a bug on https://github.com/google/oss-fuzz/issues/new",
                "amendments": [
                    {
                        "fieldName": "Labels",
                        "newOrDeltaValue": "Fuzz-Blocker"
                    }
                ]
            },
            {
                "projectName": "oss-fuzz",
                "localId": 23619,
                "sequenceNum": 3,
                "commenter": {
                    "userId": "382749006",
                    "displayName": "ClusterFuzz-External"
                },
                "timestamp": 1592839369,
                "content": "ClusterFuzz testcase 6193200317595648 is verified as fixed in https://oss-fuzz.com/revisions?job=libfuzzer_asan_i386_json-c&range=202006210258:202006220303\n\nIf this is incorrect, please file a bug on https://github.com/google/oss-fuzz/issues/new",
                "amendments": [
                    {
                        "fieldName": "Status",
                        "newOrDeltaValue": "Verified",
                        "oldValue": "New"
                    },
                    {
                        "fieldName": "Labels",
                        "newOrDeltaValue": "ClusterFuzz-Verified"
                    }
                ]
            },
            {
                "projectName": "oss-fuzz",
                "localId": 23619,
                "sequenceNum": 4,
                "commenter": {
                    "userId": "1950284618",
                    "displayName": "sheriffbot"
                },
                "timestamp": 1595534921,
                "content": "This bug has been fixed for 30 days. It has been opened to the public.\n\n- Your friendly Sheriffbot",
                "amendments": [
                    {
                        "fieldName": "Labels",
                        "newOrDeltaValue": "-restrict-view-commit"
                    }
                ]
            }
        ]
    },
    "fix_commit": "36118b681ea3b8e99735beee73cbd25a63e942cd",
    "repo_addr": "https://github.com/json-c/json-c.git"
}