{
    "fix": "https://github.com/p11-glue/p11-kit/commit/b3243a754763f6df19351593781b88e277a324bc",
    "verify": "0",
    "localId": 31276,
    "project": "p11-kit",
    "fuzzer": "libfuzzer",
    "sanitizer": "ubsan",
    "crash_type": "UNKNOWN WRITE",
    "severity": "High",
    "report": {
        "comments": [
            {
                "projectName": "oss-fuzz",
                "localId": 31276,
                "commenter": {
                    "userId": "382749006",
                    "displayName": "ClusterFuzz-External"
                },
                "timestamp": 1614051414,
                "content": "Detailed Report: https://oss-fuzz.com/testcase?key=5966366839537664\n\nProject: p11-kit\nFuzzing Engine: libFuzzer\nFuzz Target: rpc_fuzzer\nJob Type: libfuzzer_ubsan_p11-kit\nPlatform Id: linux\n\nCrash Type: UNKNOWN WRITE\nCrash Address: 0xffffffffffffffff\nCrash State:\n  p11_rpc_buffer_get_byte_value\n  p11_rpc_buffer_get_attribute\n  p11_rpc_buffer_get_attribute_array_value\n  \nSanitizer: undefined (UBSAN)\n\nRecommended Security Severity: High\n\nCrash Revision: https://oss-fuzz.com/revisions?job=libfuzzer_ubsan_p11-kit&revision=202102220625\n\nReproducer Testcase: https://oss-fuzz.com/download?testcase_id=5966366839537664\n\nIssue filed automatically.\n\nSee https://google.github.io/oss-fuzz/advanced-topics/reproducing for instructions to reproduce this bug locally.\nWhen you fix this bug, please\n  * mention the fix revision(s).\n  * state whether the bug was a short-lived regression or an old bug in any stable releases.\n  * add any other useful information.\nThis information can help downstream consumers.\n\nIf you need to contact the OSS-Fuzz team with a question, concern, or any other feedback, please file an issue at https://github.com/google/oss-fuzz/issues. Comments on individual Monorail issues are not monitored.\n\nThis bug is subject to a 90 day disclosure deadline. If 90 days elapse\nwithout an upstream patch, then the bug report will automatically\nbecome visible to the public.",
                "descriptionNum": 1
            },
            {
                "projectName": "oss-fuzz",
                "localId": 31276,
                "sequenceNum": 1,
                "commenter": {
                    "userId": "382749006",
                    "displayName": "ClusterFuzz-External"
                },
                "timestamp": 1614062646,
                "content": "This crash occurs very frequently on linux platform and is likely preventing the fuzzer rpc_fuzzer from making much progress. Fixing this will allow more bugs to be found.\n\nIf this is incorrect, please file a bug on https://github.com/google/oss-fuzz/issues/new",
                "amendments": [
                    {
                        "fieldName": "Labels",
                        "newOrDeltaValue": "Fuzz-Blocker"
                    }
                ]
            },
            {
                "projectName": "oss-fuzz",
                "localId": 31276,
                "sequenceNum": 2,
                "commenter": {
                    "userId": "382749006",
                    "displayName": "ClusterFuzz-External"
                },
                "timestamp": 1614099645,
                "amendments": [
                    {
                        "fieldName": "Cc",
                        "newOrDeltaValue": "daiki...@gmail.com"
                    }
                ]
            },
            {
                "projectName": "oss-fuzz",
                "localId": 31276,
                "sequenceNum": 3,
                "commenter": {
                    "userId": "1950284618",
                    "displayName": "sheriffbot"
                },
                "timestamp": 1614110544,
                "amendments": [
                    {
                        "fieldName": "Labels",
                        "newOrDeltaValue": "Disclosure-2021-05-24"
                    }
                ]
            },
            {
                "projectName": "oss-fuzz",
                "localId": 31276,
                "sequenceNum": 4,
                "commenter": {
                    "userId": "1950284618",
                    "displayName": "sheriffbot"
                },
                "timestamp": 1621277234,
                "content": "This bug is approaching its deadline for being fixed, and will be automatically derestricted within 7 days. If a fix is planned within 2 weeks after the deadline has passed, a grace extension can be granted.\n\n- Your friendly Sheriffbot",
                "amendments": [
                    {
                        "fieldName": "Labels",
                        "newOrDeltaValue": "Deadline-Approaching"
                    }
                ]
            },
            {
                "projectName": "oss-fuzz",
                "localId": 31276,
                "sequenceNum": 5,
                "commenter": {
                    "userId": "382749006",
                    "displayName": "ClusterFuzz-External"
                },
                "timestamp": 1621874200,
                "content": "ClusterFuzz testcase 5966366839537664 is verified as fixed in https://oss-fuzz.com/revisions?job=libfuzzer_ubsan_p11-kit&range=202105230610:202105240613\n\nIf this is incorrect, please file a bug on https://github.com/google/oss-fuzz/issues/new",
                "amendments": [
                    {
                        "fieldName": "Status",
                        "newOrDeltaValue": "Verified",
                        "oldValue": "New"
                    },
                    {
                        "fieldName": "Labels",
                        "newOrDeltaValue": "ClusterFuzz-Verified"
                    }
                ]
            },
            {
                "projectName": "oss-fuzz",
                "localId": 31276,
                "sequenceNum": 6,
                "commenter": {
                    "userId": "1950284618",
                    "displayName": "sheriffbot"
                },
                "timestamp": 1621882714,
                "content": "This bug has been fixed. It has been opened to the public.\n\n- Your friendly Sheriffbot",
                "amendments": [
                    {
                        "fieldName": "Labels",
                        "newOrDeltaValue": "-restrict-view-commit -deadline-approaching"
                    }
                ]
            }
        ]
    },
    "fix_commit": "b3243a754763f6df19351593781b88e277a324bc",
    "repo_addr": "https://github.com/p11-glue/p11-kit.git"
}