{
    "fix": "https://github.com/google/flatbuffers/commit/4264daadd2487cd3e63cf83f5dca3f0ccc53af64",
    "verify": "0",
    "localId": 42244,
    "project": "flatbuffers",
    "fuzzer": "libfuzzer",
    "sanitizer": "asan",
    "crash_type": "Heap-buffer-overflow READ 1",
    "severity": "Medium",
    "report": {
        "comments": [
            {
                "projectName": "oss-fuzz",
                "localId": 42244,
                "commenter": {
                    "userId": "382749006",
                    "displayName": "ClusterFuzz-External"
                },
                "timestamp": 1639271667,
                "content": "Detailed Report: https://oss-fuzz.com/testcase?key=6327961110839296\n\nProject: flatbuffers\nFuzzing Engine: libFuzzer\nFuzz Target: monster_fuzzer\nJob Type: libfuzzer_asan_flatbuffers\nPlatform Id: linux\n\nCrash Type: Heap-buffer-overflow READ 1\nCrash Address: 0x619000000980\nCrash State:\n  flatbuffers::EscapeString\n  flexbuffers::Reference::ToString\n  void flexbuffers::AppendToString<flexbuffers::Vector>\n  \nSanitizer: address (ASAN)\n\nRecommended Security Severity: Medium\n\nRegressed: https://oss-fuzz.com/revisions?job=libfuzzer_asan_flatbuffers&range=202112100609:202112110607\n\nReproducer Testcase: https://oss-fuzz.com/download?testcase_id=6327961110839296\n\nIssue filed automatically.\n\nSee https://google.github.io/oss-fuzz/advanced-topics/reproducing for instructions to reproduce this bug locally.\nWhen you fix this bug, please\n  * mention the fix revision(s).\n  * state whether the bug was a short-lived regression or an old bug in any stable releases.\n  * add any other useful information.\nThis information can help downstream consumers.\n\nIf you need to contact the OSS-Fuzz team with a question, concern, or any other feedback, please file an issue at https://github.com/google/oss-fuzz/issues. Comments on individual Monorail issues are not monitored.\n\nThis bug is subject to a 90 day disclosure deadline. If 90 days elapse\nwithout an upstream patch, then the bug report will automatically\nbecome visible to the public.",
                "descriptionNum": 1
            },
            {
                "projectName": "oss-fuzz",
                "localId": 42244,
                "sequenceNum": 1,
                "commenter": {
                    "userId": "1950284618",
                    "displayName": "sheriffbot"
                },
                "timestamp": 1639338656,
                "amendments": [
                    {
                        "fieldName": "Labels",
                        "newOrDeltaValue": "Disclosure-2022-03-14"
                    }
                ]
            },
            {
                "projectName": "oss-fuzz",
                "localId": 42244,
                "sequenceNum": 2,
                "commenter": {
                    "userId": "382749006",
                    "displayName": "ClusterFuzz-External"
                },
                "timestamp": 1639497545,
                "content": "ClusterFuzz testcase 6327961110839296 is verified as fixed in https://oss-fuzz.com/revisions?job=libfuzzer_asan_flatbuffers&range=202112130611:202112140607\n\nIf this is incorrect, please file a bug on https://github.com/google/oss-fuzz/issues/new",
                "amendments": [
                    {
                        "fieldName": "Status",
                        "newOrDeltaValue": "Verified",
                        "oldValue": "New"
                    },
                    {
                        "fieldName": "Labels",
                        "newOrDeltaValue": "ClusterFuzz-Verified"
                    }
                ]
            },
            {
                "projectName": "oss-fuzz",
                "localId": 42244,
                "sequenceNum": 3,
                "commenter": {
                    "userId": "1950284618",
                    "displayName": "sheriffbot"
                },
                "timestamp": 1639683854,
                "content": "This bug has been fixed. It has been opened to the public.\n\n- Your friendly Sheriffbot",
                "amendments": [
                    {
                        "fieldName": "Labels",
                        "newOrDeltaValue": "-restrict-view-commit"
                    }
                ]
            }
        ]
    },
    "fix_commit": "4264daadd2487cd3e63cf83f5dca3f0ccc53af64",
    "repo_addr": "https://github.com/google/flatbuffers"
}