{
    "fix": "https://github.com/ARMmbed/mbedtls/commit/5aebeeb5f469ede0cd12839718fca66c05f9757b",
    "verify": "0",
    "localId": 14883,
    "project": "mbedtls",
    "fuzzer": "afl",
    "sanitizer": "asan",
    "crash_type": "Heap-use-after-free READ 8",
    "severity": "High",
    "report": {
        "comments": [
            {
                "projectName": "oss-fuzz",
                "localId": 14883,
                "commenter": {
                    "userId": "382749006",
                    "displayName": "ClusterFuzz-External"
                },
                "timestamp": 1558509867,
                "content": "Detailed report: https://oss-fuzz.com/testcase?key=5142637603979264\n\nProject: mbedtls\nFuzzer: afl_mbedtls_fuzz_client\nFuzz target binary: fuzz_client\nJob Type: afl_asan_mbedtls\nPlatform Id: linux\n\nCrash Type: Heap-use-after-free READ 8\nCrash Address: 0x615000008418\nCrash State:\n  mbedtls_x509_crt_free\n  x509_crt_parse_der_core\n  mbedtls_x509_crt_parse_der_internal\n  \nSanitizer: address (ASAN)\n\nRecommended Security Severity: High\n\nRegressed: https://oss-fuzz.com/revisions?job=afl_asan_mbedtls&range=201905210323:201905220300\n\nReproducer Testcase: https://oss-fuzz.com/download?testcase_id=5142637603979264\n\nIssue filed automatically.\n\nSee https://github.com/google/oss-fuzz/blob/master/docs/reproducing.md for instructions to reproduce this bug locally.\n\nThis bug is subject to a 90 day disclosure deadline. If 90 days elapse\nwithout an upstream patch, then the bug report will automatically\nbecome visible to the public.\n\nWhen you fix this bug, please\n  * mention the fix revision(s).\n  * state whether the bug was a short-lived regression or an old bug in any stable releases.\n  * add any other useful information.\nThis information can help downstream consumers.\n\nIf you need to contact the OSS-Fuzz team with a question, concern, or any other feedback, please file an issue at https://github.com/google/oss-fuzz/issues.",
                "descriptionNum": 1
            },
            {
                "projectName": "oss-fuzz",
                "localId": 14883,
                "sequenceNum": 1,
                "commenter": {
                    "userId": "382749006",
                    "displayName": "ClusterFuzz-External"
                },
                "timestamp": 1558510362,
                "amendments": [
                    {
                        "fieldName": "Labels",
                        "newOrDeltaValue": "OS-Linux"
                    }
                ]
            },
            {
                "projectName": "oss-fuzz",
                "localId": 14883,
                "sequenceNum": 2,
                "commenter": {
                    "userId": "382749006",
                    "displayName": "ClusterFuzz-External"
                },
                "timestamp": 1558928472,
                "content": "This crash occurs very frequently on linux platform and is likely preventing the fuzzer fuzz_client from making much progress. Fixing this will allow more bugs to be found.\n\nIf this is incorrect, please file a bug on https://github.com/google/oss-fuzz/issues/new",
                "amendments": [
                    {
                        "fieldName": "Labels",
                        "newOrDeltaValue": "Fuzz-Blocker"
                    }
                ]
            },
            {
                "projectName": "oss-fuzz",
                "localId": 14883,
                "sequenceNum": 3,
                "commenter": {
                    "userId": "1",
                    "displayName": "a_deleted_user"
                },
                "timestamp": 1558949758,
                "content": "We believe that this issue is fixed in commit bb7a582865c0408bd90d7dd11af6b8859d35874f which was published on 24 May."
            },
            {
                "projectName": "oss-fuzz",
                "localId": 14883,
                "sequenceNum": 4,
                "commenter": {
                    "userId": "1",
                    "displayName": "a_deleted_user"
                },
                "timestamp": 1558950077,
                "content": "The bug was introduced with commit https://github.com/ARMmbed/mbedtls/commit/31d143223357f8707c808e5ae3929b02deaa4476 dated 2019-05-20 and fixed in commit https://github.com/ARMmbed/mbedtls/commit/bb7a582865c0408bd90d7dd11af6b8859d35874f dated 2019-05-22."
            },
            {
                "projectName": "oss-fuzz",
                "localId": 14883,
                "sequenceNum": 5,
                "commenter": {
                    "userId": "382749006",
                    "displayName": "ClusterFuzz-External"
                },
                "timestamp": 1559052300,
                "content": "ClusterFuzz has detected this issue as fixed in range 201905220300:201905270757.\n\nDetailed report: https://oss-fuzz.com/testcase?key=5142637603979264\n\nProject: mbedtls\nFuzzer: afl_mbedtls_fuzz_client\nFuzz target binary: fuzz_client\nJob Type: afl_asan_mbedtls\nPlatform Id: linux\n\nCrash Type: Heap-use-after-free READ 8\nCrash Address: 0x615000008418\nCrash State:\n  mbedtls_x509_crt_free\n  x509_crt_parse_der_core\n  mbedtls_x509_crt_parse_der_internal\n  \nSanitizer: address (ASAN)\n\nRecommended Security Severity: High\n\nRegressed: https://oss-fuzz.com/revisions?job=afl_asan_mbedtls&range=201905210323:201905220300\nFixed: https://oss-fuzz.com/revisions?job=afl_asan_mbedtls&range=201905220300:201905270757\n\nReproducer Testcase: https://oss-fuzz.com/download?testcase_id=5142637603979264\n\nSee https://github.com/google/oss-fuzz/blob/master/docs/reproducing.md for instructions to reproduce this bug locally.\n\nIf you suspect that the result above is incorrect, try re-doing that job on the test case report page."
            },
            {
                "projectName": "oss-fuzz",
                "localId": 14883,
                "sequenceNum": 6,
                "commenter": {
                    "userId": "382749006",
                    "displayName": "ClusterFuzz-External"
                },
                "timestamp": 1559053255,
                "content": "ClusterFuzz testcase 5142637603979264 is verified as fixed, so closing issue as verified.\n\nIf this is incorrect, please file a bug on https://github.com/google/oss-fuzz/issues/new",
                "amendments": [
                    {
                        "fieldName": "Status",
                        "newOrDeltaValue": "Verified",
                        "oldValue": "New"
                    },
                    {
                        "fieldName": "Labels",
                        "newOrDeltaValue": "ClusterFuzz-Verified"
                    }
                ]
            },
            {
                "projectName": "oss-fuzz",
                "localId": 14883,
                "sequenceNum": 7,
                "commenter": {
                    "userId": "4164592774",
                    "displayName": "sheriffbot@chromium.org"
                },
                "timestamp": 1561649208,
                "content": "This bug has been fixed for 30 days. It has been opened to the public.\n\n- Your friendly Sheriffbot",
                "amendments": [
                    {
                        "fieldName": "Labels",
                        "newOrDeltaValue": "-restrict-view-commit"
                    }
                ]
            }
        ]
    },
    "fix_commit": [
        "3d07ffade2284b2cfe08076a78bc75386fe4e89d",
        "a0c0655c912500e96a5d78f93e76d90261b16825",
        "d7d43b9791c1fe84c8c96a4a54d837e3999eca42",
        "d6f371b1baca09d51ea6e1a914be921c76fa8bf8",
        "ca5bed742fd1a886284baca48b2b7574d875630c",
        "536e20571a077db11b82b646ab0199ebf34cb99c",
        "2c86ebc2f87a0326eb18fd56e0baa0ac7b4ce98f",
        "cbce4d8889d5507fd88c1fcea692c1d98dcccf55",
        "6fbfdb9e06a586f541b1821d31416af28b533bd1",
        "81efb391ebc5ae425d614a74fdf067425da0259c",
        "468c96cccc1292f17c14d317ec20b0bf2681cbda",
        "640273a35ecbafe34fe7a9b3e59cb7af1412de91",
        "131aa31c8213a48f53793a9d5630c4564a2a697e",
        "705cbfd802df67710a7ffcaa79357519a1cd5fe1",
        "52315e4c1664d0806c329980af9af2892f4e68e6",
        "4754cdeef806f5167edc0d140b7fce52581c9aa5",
        "6c6195d7bab6edc0664fa552695efb4752887460",
        "2cb9e39b505eeaf6b9e2859027f64adc1d2f8646",
        "56e2dc8010902bdfb6ba87658b510e943b06dbcc",
        "737c6bef6a4509586023ce627c6eb0e540661ed9",
        "a741d39893e017941136dd994c2ff61f0329106e",
        "5b93990fc1498afd2184089898823c41e144abd2",
        "6a2112361959b931869bc9e9dfe32e9b9f916dc5",
        "a9b9cf7d1ee961d05b6c2e5040f08fa742258e9e",
        "4719db39b7d9630cd05d41cc32292fdedeb07864",
        "7a91ece3be684a05cdc78530ae34b851bd8ac7e6",
        "549ea8676a49ac885cfe2f50d3c9a5adbc71f2c4",
        "496c176d908208890aa8fa0c7199288c06b75694",
        "0cad4bac30e021199735041d85c9a11c3291366e",
        "8d4d4f55f043bec7ed21f1f84cfc6ee8bcc4e690",
        "5aebeeb5f469ede0cd12839718fca66c05f9757b"
    ],
    "repo_addr": "https://github.com/ARMmbed/mbedtls.git"
}