{
    "fix": "git://git.ghostscript.com/jbig2dec.gitce3e3aa738f1f5102fea63dfb9de15fea555c559",
    "verify": "0",
    "localId": 20358,
    "project": "jbig2dec",
    "fuzzer": "libfuzzer",
    "sanitizer": "asan",
    "crash_type": "Heap-buffer-overflow READ 1",
    "severity": "Medium",
    "report": {
        "comments": [
            {
                "projectName": "oss-fuzz",
                "localId": 20358,
                "commenter": {
                    "userId": "382749006",
                    "displayName": "ClusterFuzz-External"
                },
                "timestamp": 1580198641,
                "content": "Detailed Report: https://oss-fuzz.com/testcase?key=5756330122149888\n\nProject: jbig2dec\nFuzzing Engine: libFuzzer\nFuzz Target: jbig2_fuzzer\nJob Type: libfuzzer_asan_jbig2dec\nPlatform Id: linux\n\nCrash Type: Heap-buffer-overflow READ 1\nCrash Address: 0x7fe1063da810\nCrash State:\n  jbig2_image_get_pixels_fast\n  jbig2_decode_generic_template0_TPGDON\n  jbig2_immediate_generic_region\n  \nSanitizer: address (ASAN)\n\nRecommended Security Severity: Medium\n\nRegressed: https://oss-fuzz.com/revisions?job=libfuzzer_asan_jbig2dec&range=202001270433:202001280430\n\nReproducer Testcase: https://oss-fuzz.com/download?testcase_id=5756330122149888\n\nIssue filed automatically.\n\nSee https://google.github.io/oss-fuzz/advanced-topics/reproducing for instructions to reproduce this bug locally.\nWhen you fix this bug, please\n  * mention the fix revision(s).\n  * state whether the bug was a short-lived regression or an old bug in any stable releases.\n  * add any other useful information.\nThis information can help downstream consumers.\n\nIf you need to contact the OSS-Fuzz team with a question, concern, or any other feedback, please file an issue at https://github.com/google/oss-fuzz/issues. Comments on individual Monorail issues are not monitored.\n\nThis bug is subject to a 90 day disclosure deadline. If 90 days elapse\nwithout an upstream patch, then the bug report will automatically\nbecome visible to the public.",
                "descriptionNum": 1
            },
            {
                "projectName": "oss-fuzz",
                "localId": 20358,
                "sequenceNum": 1,
                "commenter": {
                    "userId": "4164592774",
                    "displayName": "sheriffbot@chromium.org"
                },
                "timestamp": 1580235870,
                "amendments": [
                    {
                        "fieldName": "Labels",
                        "newOrDeltaValue": "Disclosure-2020-04-27"
                    }
                ]
            },
            {
                "projectName": "oss-fuzz",
                "localId": 20358,
                "sequenceNum": 2,
                "commenter": {
                    "userId": "382749006",
                    "displayName": "ClusterFuzz-External"
                },
                "timestamp": 1580400084,
                "content": "ClusterFuzz testcase 5756330122149888 is verified as fixed in https://oss-fuzz.com/revisions?job=libfuzzer_asan_jbig2dec&range=202001292352:202001300549\n\nIf this is incorrect, please file a bug on https://github.com/google/oss-fuzz/issues/new",
                "amendments": [
                    {
                        "fieldName": "Status",
                        "newOrDeltaValue": "Verified",
                        "oldValue": "New"
                    },
                    {
                        "fieldName": "Labels",
                        "newOrDeltaValue": "ClusterFuzz-Verified"
                    }
                ]
            },
            {
                "projectName": "oss-fuzz",
                "localId": 20358,
                "sequenceNum": 3,
                "commenter": {
                    "userId": "1950284618",
                    "displayName": "sheriffbot"
                },
                "timestamp": 1583006362,
                "content": "This bug has been fixed for 30 days. It has been opened to the public.\n\n- Your friendly Sheriffbot",
                "amendments": [
                    {
                        "fieldName": "Labels",
                        "newOrDeltaValue": "-restrict-view-commit"
                    }
                ]
            }
        ]
    },
    "fix_commit": "ce3e3aa738f1f5102fea63dfb9de15fea555c559",
    "repo_addr": "git://git.ghostscript.com/jbig2dec.git"
}