{
    "fix": "https://github.com/rdkit/rdkit/commit/1760ff4b4cede7274fd7003cf93ddd6eb15e1a24",
    "verify": "0",
    "localId": 22242,
    "project": "rdkit",
    "fuzzer": "libfuzzer",
    "sanitizer": "asan",
    "crash_type": "Container-overflow READ 8",
    "severity": "Medium",
    "report": {
        "comments": [
            {
                "projectName": "oss-fuzz",
                "localId": 22242,
                "commenter": {
                    "userId": "382749006",
                    "displayName": "ClusterFuzz-External"
                },
                "timestamp": 1589541943,
                "content": "Detailed Report: https://oss-fuzz.com/testcase?key=5760260085383168\n\nProject: rdkit\nFuzzing Engine: libFuzzer\nFuzz Target: smiles_string_to_mol_fuzzer\nJob Type: libfuzzer_asan_rdkit\nPlatform Id: linux\n\nCrash Type: Container-overflow READ 8\nCrash Address: 0x602000000110\nCrash State:\n  yysmiles_parse\n  RDKit::smiles_parse_helper\n  RDKit::smiles_parse\n  \nSanitizer: address (ASAN)\n\nRecommended Security Severity: Medium\n\nCrash Revision: https://oss-fuzz.com/revisions?job=libfuzzer_asan_rdkit&revision=202005150802\n\nReproducer Testcase: https://oss-fuzz.com/download?testcase_id=5760260085383168\n\nIssue filed automatically.\n\nSee https://google.github.io/oss-fuzz/advanced-topics/reproducing for instructions to reproduce this bug locally.\nWhen you fix this bug, please\n  * mention the fix revision(s).\n  * state whether the bug was a short-lived regression or an old bug in any stable releases.\n  * add any other useful information.\nThis information can help downstream consumers.\n\nIf you need to contact the OSS-Fuzz team with a question, concern, or any other feedback, please file an issue at https://github.com/google/oss-fuzz/issues. Comments on individual Monorail issues are not monitored.\n\nThis bug is subject to a 90 day disclosure deadline. If 90 days elapse\nwithout an upstream patch, then the bug report will automatically\nbecome visible to the public.",
                "descriptionNum": 1
            },
            {
                "projectName": "oss-fuzz",
                "localId": 22242,
                "sequenceNum": 1,
                "commenter": {
                    "userId": "1950284618",
                    "displayName": "sheriffbot"
                },
                "timestamp": 1589660002,
                "amendments": [
                    {
                        "fieldName": "Labels",
                        "newOrDeltaValue": "Disclosure-2020-08-13"
                    }
                ]
            },
            {
                "projectName": "oss-fuzz",
                "localId": 22242,
                "sequenceNum": 2,
                "commenter": {
                    "userId": "382749006",
                    "displayName": "ClusterFuzz-External"
                },
                "timestamp": 1589726951,
                "content": "ClusterFuzz testcase 5760260085383168 is verified as fixed in https://oss-fuzz.com/revisions?job=libfuzzer_asan_rdkit&range=202005160327:202005170322\n\nIf this is incorrect, please file a bug on https://github.com/google/oss-fuzz/issues/new",
                "amendments": [
                    {
                        "fieldName": "Status",
                        "newOrDeltaValue": "Verified",
                        "oldValue": "New"
                    },
                    {
                        "fieldName": "Labels",
                        "newOrDeltaValue": "ClusterFuzz-Verified"
                    }
                ]
            },
            {
                "projectName": "oss-fuzz",
                "localId": 22242,
                "sequenceNum": 3,
                "commenter": {
                    "userId": "1950284618",
                    "displayName": "sheriffbot"
                },
                "timestamp": 1592337786,
                "content": "This bug has been fixed for 30 days. It has been opened to the public.\n\n- Your friendly Sheriffbot",
                "amendments": [
                    {
                        "fieldName": "Labels",
                        "newOrDeltaValue": "-restrict-view-commit"
                    }
                ]
            }
        ]
    },
    "fix_commit": "1760ff4b4cede7274fd7003cf93ddd6eb15e1a24",
    "repo_addr": "https://github.com/rdkit/rdkit.git"
}