{
    "fix": "https://github.com/rdkit/rdkit/commit/a9010da8a4af17479c706f2cf4e8c6acdc1585ce",
    "verify": "0",
    "localId": 22702,
    "project": "rdkit",
    "fuzzer": "libfuzzer",
    "sanitizer": "ubsan",
    "crash_type": "Bad-cast",
    "severity": "High",
    "report": {
        "comments": [
            {
                "projectName": "oss-fuzz",
                "localId": 22702,
                "commenter": {
                    "userId": "382749006",
                    "displayName": "ClusterFuzz-External"
                },
                "timestamp": 1590665971,
                "content": "Detailed Report: https://oss-fuzz.com/testcase?key=5763595412701184\n\nProject: rdkit\nFuzzing Engine: libFuzzer\nFuzz Target: mol_data_stream_to_mol_fuzzer\nJob Type: libfuzzer_ubsan_rdkit\nPlatform Id: linux\n\nCrash Type: Bad-cast\nCrash Address: 0x0000021f5a90\nCrash State:\n  Bad-cast to RDKit::Atom from invalid vptr\n  RDKit::SubstanceGroup::addAtomWithBookmark\n  RDKit::SGroupParsing::ParseSGroupV2000VectorDataLine\n  \nSanitizer: undefined (UBSAN)\n\nRecommended Security Severity: High\n\nCrash Revision: https://oss-fuzz.com/revisions?job=libfuzzer_ubsan_rdkit&revision=202005280332\n\nReproducer Testcase: https://oss-fuzz.com/download?testcase_id=5763595412701184\n\nIssue filed automatically.\n\nSee https://google.github.io/oss-fuzz/advanced-topics/reproducing for instructions to reproduce this bug locally.\nWhen you fix this bug, please\n  * mention the fix revision(s).\n  * state whether the bug was a short-lived regression or an old bug in any stable releases.\n  * add any other useful information.\nThis information can help downstream consumers.\n\nIf you need to contact the OSS-Fuzz team with a question, concern, or any other feedback, please file an issue at https://github.com/google/oss-fuzz/issues. Comments on individual Monorail issues are not monitored.\n\nThis bug is subject to a 90 day disclosure deadline. If 90 days elapse\nwithout an upstream patch, then the bug report will automatically\nbecome visible to the public.",
                "descriptionNum": 1
            },
            {
                "projectName": "oss-fuzz",
                "localId": 22702,
                "sequenceNum": 1,
                "commenter": {
                    "userId": "1950284618",
                    "displayName": "sheriffbot"
                },
                "timestamp": 1590696875,
                "amendments": [
                    {
                        "fieldName": "Labels",
                        "newOrDeltaValue": "Disclosure-2020-08-26"
                    }
                ]
            },
            {
                "projectName": "oss-fuzz",
                "localId": 22702,
                "sequenceNum": 2,
                "commenter": {
                    "userId": "382749006",
                    "displayName": "ClusterFuzz-External"
                },
                "timestamp": 1595515627,
                "content": "ClusterFuzz testcase 5763595412701184 is verified as fixed in https://oss-fuzz.com/revisions?job=libfuzzer_ubsan_rdkit&range=202007220235:202007230228\n\nIf this is incorrect, please file a bug on https://github.com/google/oss-fuzz/issues/new",
                "amendments": [
                    {
                        "fieldName": "Status",
                        "newOrDeltaValue": "Verified",
                        "oldValue": "New"
                    },
                    {
                        "fieldName": "Labels",
                        "newOrDeltaValue": "ClusterFuzz-Verified"
                    }
                ]
            },
            {
                "projectName": "oss-fuzz",
                "localId": 22702,
                "sequenceNum": 3,
                "commenter": {
                    "userId": "1950284618",
                    "displayName": "sheriffbot"
                },
                "timestamp": 1598126742,
                "content": "This bug has been fixed for 30 days. It has been opened to the public.\n\n- Your friendly Sheriffbot",
                "amendments": [
                    {
                        "fieldName": "Labels",
                        "newOrDeltaValue": "-restrict-view-commit"
                    }
                ]
            }
        ]
    },
    "fix_commit": [
        "bc9e4d64788d14a659c83a490e84a6489462606e",
        "cc4b726c55f06a2b33abdf5c4aa89c25e4c3b5b0",
        "21a8a263bd300b90f96c6e22bb8366bf2efede8c",
        "98add2cec818b4cf347032bc633273a52c499290",
        "938981b056c7935e3d5d0ce6d679797567f0a9b4",
        "17c49b8b8b8e97e7d384b9888950808717d4b3a3",
        "c1d3b1f980cdc52cc344b1d2a55b8847e2191786",
        "afd42b2d7041b827fb87a577604ef6ffa106501f",
        "a4d1e7e884a0a1f441002a71bb9a66406c3ad9ef",
        "cd54b80c6e87421c803853a665a27f8efbf41d3d",
        "51bd3f51f2749a5e5e579ee6beb40338f77f3b69",
        "f4a85cf9cb9f7296c4b3f19656e0523584bfa440",
        "1630540ef0e549a9d84ef85480388b3bcc4b70f7",
        "bc82d81c45abc9e2a9759e0cbac2c68ca6325359",
        "e9fe81c9b881e92844f5a7d6177e9cbd6b10ac9a",
        "d54e77e37571b4b08a2f8c0d5089903a3806ef07",
        "adf19f7517d45dd7dc37b56e61b26a044a02d3c4",
        "73d26036dec27bc855b9e830260d8686c21a2288",
        "a951abfac5dd3183d6cfbe72b98febbcb3f7144f",
        "015fed1e673fdcdb2f19bec343ebeffa1cbca150",
        "c548159c6f2478f8c9eedbce2665ee6b729c8095",
        "947144ab6d96681606ecb9d0ad92112211c70c47",
        "0b97153a791beda747442e85dedff4f7963fa324",
        "c118c416edbe163ed6204a3657a7f75f21830a0c",
        "b55514806d96819ac8db55ef7f07dd4ea2362cb4",
        "e1fdca2b058d178cc96aafe457a0a90be7723bea",
        "ef5ec47b1d7d09e46b7d3f898477e9a48bfecf3f",
        "a9010da8a4af17479c706f2cf4e8c6acdc1585ce"
    ],
    "repo_addr": "https://github.com/rdkit/rdkit.git"
}