{
    "fix": "https://github.com/rdkit/rdkit/commit/193f27730c3b3bb5068e56858ea90a3ddcc92a8e",
    "verify": "0",
    "localId": 30572,
    "project": "rdkit",
    "fuzzer": "afl",
    "sanitizer": "asan",
    "crash_type": "Invalid-free",
    "report": {
        "comments": [
            {
                "projectName": "oss-fuzz",
                "localId": 30572,
                "commenter": {
                    "userId": "382749006",
                    "displayName": "ClusterFuzz-External"
                },
                "timestamp": 1612799040,
                "content": "Detailed Report: https://oss-fuzz.com/testcase?key=5256988755886080\n\nProject: rdkit\nFuzzing Engine: afl\nFuzz Target: mol_data_stream_to_mol_fuzzer\nJob Type: afl_asan_rdkit\nPlatform Id: linux\n\nCrash Type: Invalid-free\nCrash Address: 0x7f3f7aecb080\nCrash State:\n  RDKit::labelRecursivePatterns\n  RDKit::SmartsToMol\n  RDKit::ParseMarvinSmartsLine\n  \nSanitizer: address (ASAN)\n\nCrash Revision: https://oss-fuzz.com/revisions?job=afl_asan_rdkit&revision=202102060622\n\nReproducer Testcase: https://oss-fuzz.com/download?testcase_id=5256988755886080\n\nIssue filed automatically.\n\nSee https://google.github.io/oss-fuzz/advanced-topics/reproducing for instructions to reproduce this bug locally.\nWhen you fix this bug, please\n  * mention the fix revision(s).\n  * state whether the bug was a short-lived regression or an old bug in any stable releases.\n  * add any other useful information.\nThis information can help downstream consumers.\n\nIf you need to contact the OSS-Fuzz team with a question, concern, or any other feedback, please file an issue at https://github.com/google/oss-fuzz/issues. Comments on individual Monorail issues are not monitored.\n\nThis bug is subject to a 90 day disclosure deadline. If 90 days elapse\nwithout an upstream patch, then the bug report will automatically\nbecome visible to the public.",
                "descriptionNum": 1
            },
            {
                "projectName": "oss-fuzz",
                "localId": 30572,
                "sequenceNum": 1,
                "commenter": {
                    "userId": "382749006",
                    "displayName": "ClusterFuzz-External"
                },
                "timestamp": 1612799068,
                "content": "This crash occurs very frequently on linux platform and is likely preventing the fuzzer mol_data_stream_to_mol_fuzzer from making much progress. Fixing this will allow more bugs to be found.\n\nIf this is incorrect, please file a bug on https://github.com/google/oss-fuzz/issues/new",
                "amendments": [
                    {
                        "fieldName": "Labels",
                        "newOrDeltaValue": "Fuzz-Blocker"
                    }
                ]
            },
            {
                "projectName": "oss-fuzz",
                "localId": 30572,
                "sequenceNum": 2,
                "commenter": {
                    "userId": "1950284618",
                    "displayName": "sheriffbot"
                },
                "timestamp": 1612814704,
                "amendments": [
                    {
                        "fieldName": "Labels",
                        "newOrDeltaValue": "Disclosure-2021-05-10"
                    }
                ]
            },
            {
                "projectName": "oss-fuzz",
                "localId": 30572,
                "sequenceNum": 3,
                "commenter": {
                    "userId": "382749006",
                    "displayName": "ClusterFuzz-External"
                },
                "timestamp": 1618584977,
                "content": "ClusterFuzz testcase 5256988755886080 is verified as fixed in https://oss-fuzz.com/revisions?job=afl_asan_rdkit&range=202104150632:202104160607\n\nIf this is incorrect, please file a bug on https://github.com/google/oss-fuzz/issues/new",
                "amendments": [
                    {
                        "fieldName": "Status",
                        "newOrDeltaValue": "Verified",
                        "oldValue": "New"
                    },
                    {
                        "fieldName": "Labels",
                        "newOrDeltaValue": "ClusterFuzz-Verified"
                    }
                ]
            },
            {
                "projectName": "oss-fuzz",
                "localId": 30572,
                "sequenceNum": 4,
                "commenter": {
                    "userId": "1950284618",
                    "displayName": "sheriffbot"
                },
                "timestamp": 1618599098,
                "content": "This bug has been fixed. It has been opened to the public.\n\n- Your friendly Sheriffbot",
                "amendments": [
                    {
                        "fieldName": "Labels",
                        "newOrDeltaValue": "-restrict-view-commit"
                    }
                ]
            }
        ]
    },
    "fix_commit": "193f27730c3b3bb5068e56858ea90a3ddcc92a8e",
    "repo_addr": "https://github.com/rdkit/rdkit.git"
}