{
    "fix": "https://github.com/rdkit/rdkit/commit/7053e97a1511f3a716d4cf8320ea9ef6518dc745",
    "verify": "0",
    "localId": 59299,
    "project": "rdkit",
    "fuzzer": "libfuzzer",
    "sanitizer": "msan",
    "crash_type": "Use-of-uninitialized-value",
    "severity": "Medium",
    "report": {
        "comments": [
            {
                "projectName": "oss-fuzz",
                "localId": 59299,
                "commenter": {
                    "userId": "382749006",
                    "displayName": "ClusterFuzz-External"
                },
                "timestamp": 1685007605,
                "content": "Detailed Report: https://oss-fuzz.com/testcase?key=5473040897802240\n\nProject: rdkit\nFuzzing Engine: libFuzzer\nFuzz Target: smiles_string_to_mol_fuzzer\nJob Type: libfuzzer_msan_rdkit\nPlatform Id: linux\n\nCrash Type: Use-of-uninitialized-value\nCrash Address: \nCrash State:\n  RDKit::Canon::initCanonAtoms\n  RDKit::Canon::rankMolAtoms\n  RDKit::MolOps::cleanUpOrganometallics\n  \nSanitizer: memory (MSAN)\n\nRecommended Security Severity: Medium\n\nRegressed: https://oss-fuzz.com/revisions?job=libfuzzer_msan_rdkit&range=202305230616:202305240618\n\nReproducer Testcase: https://oss-fuzz.com/download?testcase_id=5473040897802240\n\nIssue filed automatically.\n\nSee https://google.github.io/oss-fuzz/advanced-topics/reproducing for instructions to reproduce this bug locally.\nWhen you fix this bug, please\n  * mention the fix revision(s).\n  * state whether the bug was a short-lived regression or an old bug in any stable releases.\n  * add any other useful information.\nThis information can help downstream consumers.\n\nIf you need to contact the OSS-Fuzz team with a question, concern, or any other feedback, please file an issue at https://github.com/google/oss-fuzz/issues. Comments on individual Monorail issues are not monitored.\n\nThis bug is subject to a 90 day disclosure deadline. If 90 days elapse\nwithout an upstream patch, then the bug report will automatically\nbecome visible to the public.",
                "descriptionNum": 1
            },
            {
                "projectName": "oss-fuzz",
                "localId": 59299,
                "sequenceNum": 1,
                "commenter": {
                    "userId": "1950284618",
                    "displayName": "sheriffbot"
                },
                "timestamp": 1685128175,
                "amendments": [
                    {
                        "fieldName": "Labels",
                        "newOrDeltaValue": "Disclosure-2023-08-23"
                    }
                ]
            },
            {
                "projectName": "oss-fuzz",
                "localId": 59299,
                "sequenceNum": 2,
                "commenter": {
                    "userId": "382749006",
                    "displayName": "ClusterFuzz-External"
                },
                "timestamp": 1691340879,
                "content": "ClusterFuzz testcase 5473040897802240 is verified as fixed in https://oss-fuzz.com/revisions?job=libfuzzer_msan_rdkit&range=202308050608:202308060621\n\nIf this is incorrect, please file a bug on https://github.com/google/oss-fuzz/issues/new",
                "amendments": [
                    {
                        "fieldName": "Status",
                        "newOrDeltaValue": "Verified",
                        "oldValue": "New"
                    },
                    {
                        "fieldName": "Labels",
                        "newOrDeltaValue": "ClusterFuzz-Verified"
                    }
                ]
            },
            {
                "projectName": "oss-fuzz",
                "localId": 59299,
                "sequenceNum": 3,
                "commenter": {
                    "userId": "1950284618",
                    "displayName": "sheriffbot"
                },
                "timestamp": 1691347786,
                "content": "This bug has been fixed. It has been opened to the public.\n\n- Your friendly Sheriffbot",
                "amendments": [
                    {
                        "fieldName": "Labels",
                        "newOrDeltaValue": "-restrict-view-commit"
                    }
                ]
            }
        ]
    },
    "fix_commit": "7053e97a1511f3a716d4cf8320ea9ef6518dc745",
    "repo_addr": "https://github.com/rdkit/rdkit.git"
}