{
    "fix": "https://android.googlesource.com/platform/external/libhevc/+/d28f2210ee8e65afdfb07a1fd6582285d3d178e0%5E%21/",
    "verify": "0",
    "localId": 16805,
    "project": "libhevc",
    "fuzzer": "libfuzzer",
    "sanitizer": "asan",
    "crash_type": "Heap-buffer-overflow READ 4",
    "severity": "Medium",
    "report": {
        "comments": [
            {
                "projectName": "oss-fuzz",
                "localId": 16805,
                "commenter": {
                    "userId": "382749006",
                    "displayName": "ClusterFuzz-External"
                },
                "timestamp": 1566910668,
                "content": "Detailed Report: https://oss-fuzz.com/testcase?key=5703261012623360\n\nProject: libhevc\nFuzzing Engine: libFuzzer\nFuzz Target: hevc_dec_fuzzer\nJob Type: libfuzzer_asan_i386_libhevc\nPlatform Id: linux\n\nCrash Type: Heap-buffer-overflow READ 4\nCrash Address: 0xf210304c\nCrash State:\n  ihevcd_parse_slice_data\n  ihevcd_nal_unit\n  ihevcd_decode\n  \nSanitizer: address (ASAN)\n\nRecommended Security Severity: Medium\n\nCrash Revision: https://oss-fuzz.com/revisions?job=libfuzzer_asan_i386_libhevc&revision=201908270145\n\nReproducer Testcase: https://oss-fuzz.com/download?testcase_id=5703261012623360\n\nIssue filed automatically.\n\nSee https://google.github.io/oss-fuzz/advanced-topics/reproducing for instructions to reproduce this bug locally.\n\nThis bug is subject to a 90 day disclosure deadline. If 90 days elapse\nwithout an upstream patch, then the bug report will automatically\nbecome visible to the public.",
                "descriptionNum": 1
            },
            {
                "projectName": "oss-fuzz",
                "localId": 16805,
                "sequenceNum": 1,
                "commenter": {
                    "userId": "382749006",
                    "displayName": "ClusterFuzz-External"
                },
                "timestamp": 1567493086,
                "content": "This crash occurs very frequently on linux platform and is likely preventing the fuzzer hevc_dec_fuzzer from making much progress. Fixing this will allow more bugs to be found.\n\nIf this is incorrect, please file a bug on https://github.com/google/oss-fuzz/issues/new",
                "amendments": [
                    {
                        "fieldName": "Labels",
                        "newOrDeltaValue": "Fuzz-Blocker"
                    }
                ]
            },
            {
                "projectName": "oss-fuzz",
                "localId": 16805,
                "sequenceNum": 2,
                "commenter": {
                    "userId": "382749006",
                    "displayName": "ClusterFuzz-External"
                },
                "timestamp": 1567553312,
                "amendments": [
                    {
                        "fieldName": "Cc",
                        "newOrDeltaValue": "hamzeh@google.com bcreasey@google.com"
                    }
                ]
            },
            {
                "projectName": "oss-fuzz",
                "localId": 16805,
                "sequenceNum": 3,
                "commenter": {
                    "userId": "382749006",
                    "displayName": "ClusterFuzz-External"
                },
                "timestamp": 1567780933,
                "content": "ClusterFuzz testcase 5703261012623360 is verified as fixed in https://oss-fuzz.com/revisions?job=libfuzzer_asan_i386_libhevc&range=201909050154:201909060229\n\nIf this is incorrect, please file a bug on https://github.com/google/oss-fuzz/issues/new",
                "amendments": [
                    {
                        "fieldName": "Status",
                        "newOrDeltaValue": "Verified",
                        "oldValue": "New"
                    },
                    {
                        "fieldName": "Labels",
                        "newOrDeltaValue": "ClusterFuzz-Verified"
                    }
                ]
            },
            {
                "projectName": "oss-fuzz",
                "localId": 16805,
                "sequenceNum": 4,
                "commenter": {
                    "userId": "4164592774",
                    "displayName": "sheriffbot@chromium.org"
                },
                "timestamp": 1570376355,
                "content": "This bug has been fixed for 30 days. It has been opened to the public.\n\n- Your friendly Sheriffbot",
                "amendments": [
                    {
                        "fieldName": "Labels",
                        "newOrDeltaValue": "-restrict-view-commit"
                    }
                ]
            }
        ]
    },
    "fix_commit": "d28f2210ee8e65afdfb07a1fd6582285d3d178e0",
    "repo_addr": "https://android.googlesource.com/platform/external/libhevc"
}