{
    "fix": "https://android.googlesource.com/platform/external/libhevc/+/21c76cb68393c53c13b5bbdbd5737ba71f6cb5f4%5E%21/",
    "verify": "0",
    "localId": 16817,
    "project": "libhevc",
    "fuzzer": "libfuzzer",
    "sanitizer": "asan",
    "crash_type": "Heap-buffer-overflow WRITE 1",
    "severity": "High",
    "report": {
        "comments": [
            {
                "projectName": "oss-fuzz",
                "localId": 16817,
                "commenter": {
                    "userId": "382749006",
                    "displayName": "ClusterFuzz-External"
                },
                "timestamp": 1566966164,
                "content": "Detailed Report: https://oss-fuzz.com/testcase?key=5664358859800576\n\nProject: libhevc\nFuzzing Engine: libFuzzer\nFuzz Target: hevc_dec_fuzzer\nJob Type: libfuzzer_asan_libhevc\nPlatform Id: linux\n\nCrash Type: Heap-buffer-overflow WRITE 1\nCrash Address: 0x6150000001c0\nCrash State:\n  ihevcd_sao_shift_ctb\n  ihevcd_process\n  ihevcd_parse_slice_data\n  \nSanitizer: address (ASAN)\n\nRecommended Security Severity: High\n\nCrash Revision: https://oss-fuzz.com/revisions?job=libfuzzer_asan_libhevc&revision=201908270145\n\nReproducer Testcase: https://oss-fuzz.com/download?testcase_id=5664358859800576\n\nIssue filed automatically.\n\nSee https://google.github.io/oss-fuzz/advanced-topics/reproducing for instructions to reproduce this bug locally.\n\nThis bug is subject to a 90 day disclosure deadline. If 90 days elapse\nwithout an upstream patch, then the bug report will automatically\nbecome visible to the public.",
                "descriptionNum": 1
            },
            {
                "projectName": "oss-fuzz",
                "localId": 16817,
                "sequenceNum": 1,
                "commenter": {
                    "userId": "382749006",
                    "displayName": "ClusterFuzz-External"
                },
                "timestamp": 1567553315,
                "amendments": [
                    {
                        "fieldName": "Cc",
                        "newOrDeltaValue": "hamzeh@google.com bcreasey@google.com"
                    }
                ]
            },
            {
                "projectName": "oss-fuzz",
                "localId": 16817,
                "sequenceNum": 2,
                "commenter": {
                    "userId": "382749006",
                    "displayName": "ClusterFuzz-External"
                },
                "timestamp": 1567780638,
                "content": "ClusterFuzz testcase 5664358859800576 is verified as fixed in https://oss-fuzz.com/revisions?job=libfuzzer_asan_libhevc&range=201909050154:201909060229\n\nIf this is incorrect, please file a bug on https://github.com/google/oss-fuzz/issues/new",
                "amendments": [
                    {
                        "fieldName": "Status",
                        "newOrDeltaValue": "Verified",
                        "oldValue": "New"
                    },
                    {
                        "fieldName": "Labels",
                        "newOrDeltaValue": "ClusterFuzz-Verified"
                    }
                ]
            },
            {
                "projectName": "oss-fuzz",
                "localId": 16817,
                "sequenceNum": 3,
                "commenter": {
                    "userId": "4164592774",
                    "displayName": "sheriffbot@chromium.org"
                },
                "timestamp": 1570376356,
                "content": "This bug has been fixed for 30 days. It has been opened to the public.\n\n- Your friendly Sheriffbot",
                "amendments": [
                    {
                        "fieldName": "Labels",
                        "newOrDeltaValue": "-restrict-view-commit"
                    }
                ]
            }
        ]
    },
    "fix_commit": "21c76cb68393c53c13b5bbdbd5737ba71f6cb5f4",
    "repo_addr": "https://android.googlesource.com/platform/external/libhevc"
}