{
    "fix": "https://github.com/ittiam-systems/libhevc/commit/a7874ebcf88499106deec0f87ebc18672fd55ea8",
    "verify": "0",
    "localId": 57398,
    "project": "libhevc",
    "fuzzer": "libfuzzer",
    "sanitizer": "msan",
    "crash_type": "Use-of-uninitialized-value",
    "severity": "Medium",
    "report": {
        "comments": [
            {
                "projectName": "oss-fuzz",
                "localId": 57398,
                "commenter": {
                    "userId": "382749006",
                    "displayName": "ClusterFuzz-External"
                },
                "timestamp": 1679667905,
                "content": "Detailed Report: https://oss-fuzz.com/testcase?key=4779922223923200\n\nProject: libhevc\nFuzzing Engine: libFuzzer\nFuzz Target: hevc_enc_fuzzer\nJob Type: libfuzzer_msan_libhevc\nPlatform Id: linux\n\nCrash Type: Use-of-uninitialized-value\nCrash Address: \nCrash State:\n  complexity_RC_reset_marking\n  ihevce_pre_enc_process_frame_thrd\n  osal_func\n  \nSanitizer: memory (MSAN)\n\nRecommended Security Severity: Medium\n\nRegressed: https://oss-fuzz.com/revisions?job=libfuzzer_msan_libhevc&range=202303230617:202303240613\n\nReproducer Testcase: https://oss-fuzz.com/download?testcase_id=4779922223923200\n\nIssue filed automatically.\n\nSee https://google.github.io/oss-fuzz/advanced-topics/reproducing for instructions to reproduce this bug locally.\nWhen you fix this bug, please\n  * mention the fix revision(s).\n  * state whether the bug was a short-lived regression or an old bug in any stable releases.\n  * add any other useful information.\nThis information can help downstream consumers.\n\nIf you need to contact the OSS-Fuzz team with a question, concern, or any other feedback, please file an issue at https://github.com/google/oss-fuzz/issues. Comments on individual Monorail issues are not monitored.\n\nThis bug is subject to a 90 day disclosure deadline. If 90 days elapse\nwithout an upstream patch, then the bug report will automatically\nbecome visible to the public.",
                "descriptionNum": 1
            },
            {
                "projectName": "oss-fuzz",
                "localId": 57398,
                "sequenceNum": 1,
                "commenter": {
                    "userId": "3876447627",
                    "displayName": "swansonr@google.com"
                },
                "timestamp": 1679670540,
                "content": "b/275060007 has been created for this issue. "
            },
            {
                "projectName": "oss-fuzz",
                "localId": 57398,
                "sequenceNum": 2,
                "commenter": {
                    "userId": "1950284618",
                    "displayName": "sheriffbot"
                },
                "timestamp": 1679684654,
                "amendments": [
                    {
                        "fieldName": "Labels",
                        "newOrDeltaValue": "Disclosure-2023-06-22"
                    }
                ]
            },
            {
                "projectName": "oss-fuzz",
                "localId": 57398,
                "sequenceNum": 3,
                "commenter": {
                    "userId": "382749006",
                    "displayName": "ClusterFuzz-External"
                },
                "timestamp": 1679969785,
                "content": "This crash occurs very frequently on linux platform and is likely preventing the fuzzer hevc_enc_fuzzer from making much progress. Fixing this will allow more bugs to be found.\n\nIf this is incorrect, please file a bug on https://github.com/google/oss-fuzz/issues/new",
                "amendments": [
                    {
                        "fieldName": "Labels",
                        "newOrDeltaValue": "Fuzz-Blocker"
                    }
                ]
            },
            {
                "projectName": "oss-fuzz",
                "localId": 57398,
                "sequenceNum": 4,
                "commenter": {
                    "userId": "1950284618",
                    "displayName": "sheriffbot"
                },
                "timestamp": 1686854226,
                "content": "This bug is approaching its deadline for being fixed, and will be automatically derestricted within 7 days. If a fix is planned within 2 weeks after the deadline has passed, a grace extension can be granted.\n\n- Your friendly Sheriffbot",
                "amendments": [
                    {
                        "fieldName": "Labels",
                        "newOrDeltaValue": "Deadline-Approaching"
                    }
                ]
            },
            {
                "projectName": "oss-fuzz",
                "localId": 57398,
                "sequenceNum": 5,
                "commenter": {
                    "userId": "1950284618",
                    "displayName": "sheriffbot"
                },
                "timestamp": 1687546243,
                "content": "This bug has exceeded our disclosure deadline. It has been opened to the public.\n\n- Your friendly Sheriffbot",
                "amendments": [
                    {
                        "fieldName": "Labels",
                        "newOrDeltaValue": "-restrict-view-commit -deadline-approaching Deadline-Exceeded"
                    }
                ]
            },
            {
                "projectName": "oss-fuzz",
                "localId": 57398,
                "sequenceNum": 6,
                "commenter": {
                    "userId": "382749006",
                    "displayName": "ClusterFuzz-External"
                },
                "timestamp": 1709885396,
                "content": "ClusterFuzz testcase 4779922223923200 is verified as fixed in https://oss-fuzz.com/revisions?job=libfuzzer_msan_libhevc&range=202403070628:202403080611\n\nIf this is incorrect, please file a bug on https://github.com/google/oss-fuzz/issues/new",
                "amendments": [
                    {
                        "fieldName": "Status",
                        "newOrDeltaValue": "Verified",
                        "oldValue": "New"
                    },
                    {
                        "fieldName": "Labels",
                        "newOrDeltaValue": "ClusterFuzz-Verified"
                    }
                ]
            },
            {
                "projectName": "oss-fuzz",
                "localId": 57398,
                "sequenceNum": 7,
                "commenter": {
                    "userId": "3669951510",
                    "displayName": "haris...@ittiam.com"
                },
                "timestamp": 1709909314,
                "content": "This was fixed by https://github.com/ittiam-systems/libhevc/commit/a7874ebcf88499106deec0f87ebc18672fd55ea8"
            }
        ]
    },
    "fix_commit": "a7874ebcf88499106deec0f87ebc18672fd55ea8",
    "repo_addr": "https://github.com/ittiam-systems/libhevc.git"
}