{
    "fix": "https://github.com/php/php-src/commit/16f194c75e05381628ae2b9468fb8004dec9e176",
    "verify": "0",
    "localId": 20301,
    "project": "php-src",
    "fuzzer": "libfuzzer",
    "sanitizer": "asan",
    "crash_type": "Heap-use-after-free READ 4",
    "severity": "High",
    "report": {
        "comments": [
            {
                "projectName": "oss-fuzz",
                "localId": 20301,
                "commenter": {
                    "userId": "382749006",
                    "displayName": "ClusterFuzz-External"
                },
                "timestamp": 1579724873,
                "content": "Detailed Report: https://oss-fuzz.com/testcase?key=5688240959127552\n\nProject: php\nFuzzing Engine: libFuzzer\nFuzz Target: php-fuzz-mbstring\nJob Type: libfuzzer_asan_i386_php\nPlatform Id: linux\n\nCrash Type: Heap-use-after-free READ 4\nCrash Address: 0xf52376a0\nCrash State:\n  optimize_nodes\n  optimize_nodes\n  optimize_nodes\n  \nSanitizer: address (ASAN)\n\nRecommended Security Severity: High\n\nRegressed: https://oss-fuzz.com/revisions?job=libfuzzer_asan_i386_php&range=202001210259:202001220303\n\nReproducer Testcase: https://oss-fuzz.com/download?testcase_id=5688240959127552\n\nIssue filed automatically.\n\nSee https://google.github.io/oss-fuzz/advanced-topics/reproducing for instructions to reproduce this bug locally.\nWhen you fix this bug, please\n  * mention the fix revision(s).\n  * state whether the bug was a short-lived regression or an old bug in any stable releases.\n  * add any other useful information.\nThis information can help downstream consumers.\n\nIf you need to contact the OSS-Fuzz team with a question, concern, or any other feedback, please file an issue at https://github.com/google/oss-fuzz/issues. Comments on individual Monorail issues are not monitored.\n\nThis bug is subject to a 90 day disclosure deadline. If 90 days elapse\nwithout an upstream patch, then the bug report will automatically\nbecome visible to the public.",
                "descriptionNum": 1
            },
            {
                "projectName": "oss-fuzz",
                "localId": 20301,
                "sequenceNum": 1,
                "commenter": {
                    "userId": "4164592774",
                    "displayName": "sheriffbot@chromium.org"
                },
                "timestamp": 1579804306,
                "amendments": [
                    {
                        "fieldName": "Labels",
                        "newOrDeltaValue": "Disclosure-2020-04-21"
                    }
                ]
            },
            {
                "projectName": "oss-fuzz",
                "localId": 20301,
                "sequenceNum": 2,
                "commenter": {
                    "userId": "382749006",
                    "displayName": "ClusterFuzz-External"
                },
                "timestamp": 1580225565,
                "content": "ClusterFuzz testcase 5688240959127552 is verified as fixed in https://oss-fuzz.com/revisions?job=libfuzzer_asan_i386_php&range=202001270301:202001280302\n\nIf this is incorrect, please file a bug on https://github.com/google/oss-fuzz/issues/new",
                "amendments": [
                    {
                        "fieldName": "Status",
                        "newOrDeltaValue": "Verified",
                        "oldValue": "New"
                    },
                    {
                        "fieldName": "Labels",
                        "newOrDeltaValue": "ClusterFuzz-Verified"
                    }
                ]
            },
            {
                "projectName": "oss-fuzz",
                "localId": 20301,
                "sequenceNum": 3,
                "commenter": {
                    "userId": "1950284618",
                    "displayName": "sheriffbot"
                },
                "timestamp": 1582833740,
                "content": "This bug has been fixed for 30 days. It has been opened to the public.\n\n- Your friendly Sheriffbot",
                "amendments": [
                    {
                        "fieldName": "Labels",
                        "newOrDeltaValue": "-restrict-view-commit"
                    }
                ]
            }
        ]
    },
    "fix_commit": [
        "fd08f062ae5a3c92bfc0345da7e83ab320046864",
        "1cccbb8ff1339c44075e7dee8613d98dc8056f68",
        "16f194c75e05381628ae2b9468fb8004dec9e176"
    ],
    "repo_addr": "https://github.com/php/php-src.git"
}