{
    "fix": "https://github.com/php/php-src/commit/c56701690a184c13fa850e9946f09bac7172c604",
    "verify": "0",
    "localId": 28666,
    "project": "php-src",
    "fuzzer": "libfuzzer",
    "sanitizer": "asan",
    "crash_type": "Heap-buffer-overflow WRITE 4",
    "severity": "High",
    "report": {
        "comments": [
            {
                "projectName": "oss-fuzz",
                "localId": 28666,
                "commenter": {
                    "userId": "382749006",
                    "displayName": "ClusterFuzz-External"
                },
                "timestamp": 1607967155,
                "content": "Detailed Report: https://oss-fuzz.com/testcase?key=5148825408897024\n\nProject: php\nFuzzing Engine: libFuzzer\nFuzz Target: php-fuzz-execute\nJob Type: libfuzzer_asan_i386_php\nPlatform Id: linux\n\nCrash Type: Heap-buffer-overflow WRITE 4\nCrash Address: 0xf4d0dd08\nCrash State:\n  zif_range\n  ZEND_DO_ICALL_SPEC_RETVAL_USED_HANDLER\n  fuzzer_execute_ex\n  \nSanitizer: address (ASAN)\n\nRecommended Security Severity: High\n\nRegressed: https://oss-fuzz.com/revisions?job=libfuzzer_asan_i386_php&range=202008280605:202008290628\n\nReproducer Testcase: https://oss-fuzz.com/download?testcase_id=5148825408897024\n\nIssue filed automatically.\n\nSee https://google.github.io/oss-fuzz/advanced-topics/reproducing for instructions to reproduce this bug locally.\nWhen you fix this bug, please\n  * mention the fix revision(s).\n  * state whether the bug was a short-lived regression or an old bug in any stable releases.\n  * add any other useful information.\nThis information can help downstream consumers.\n\nIf you need to contact the OSS-Fuzz team with a question, concern, or any other feedback, please file an issue at https://github.com/google/oss-fuzz/issues. Comments on individual Monorail issues are not monitored.\n\nThis bug is subject to a 90 day disclosure deadline. If 90 days elapse\nwithout an upstream patch, then the bug report will automatically\nbecome visible to the public.",
                "descriptionNum": 1
            },
            {
                "projectName": "oss-fuzz",
                "localId": 28666,
                "sequenceNum": 1,
                "commenter": {
                    "userId": "1950284618",
                    "displayName": "sheriffbot"
                },
                "timestamp": 1607976223,
                "amendments": [
                    {
                        "fieldName": "Labels",
                        "newOrDeltaValue": "Disclosure-2021-03-15"
                    }
                ]
            },
            {
                "projectName": "oss-fuzz",
                "localId": 28666,
                "sequenceNum": 2,
                "commenter": {
                    "userId": "382749006",
                    "displayName": "ClusterFuzz-External"
                },
                "timestamp": 1608219167,
                "content": "ClusterFuzz testcase 5148825408897024 is verified as fixed in https://oss-fuzz.com/revisions?job=libfuzzer_asan_i386_php&range=202012160622:202012170605\n\nIf this is incorrect, please file a bug on https://github.com/google/oss-fuzz/issues/new",
                "amendments": [
                    {
                        "fieldName": "Status",
                        "newOrDeltaValue": "Verified",
                        "oldValue": "New"
                    },
                    {
                        "fieldName": "Labels",
                        "newOrDeltaValue": "ClusterFuzz-Verified"
                    }
                ]
            },
            {
                "projectName": "oss-fuzz",
                "localId": 28666,
                "sequenceNum": 3,
                "commenter": {
                    "userId": "1950284618",
                    "displayName": "sheriffbot"
                },
                "timestamp": 1610826745,
                "content": "This bug has been fixed for 30 days. It has been opened to the public.\n\n- Your friendly Sheriffbot",
                "amendments": [
                    {
                        "fieldName": "Labels",
                        "newOrDeltaValue": "-restrict-view-commit"
                    }
                ]
            }
        ]
    },
    "fix_commit": "c56701690a184c13fa850e9946f09bac7172c604",
    "repo_addr": "https://github.com/php/php-src.git"
}