{
    "fix": "https://github.com/php/php-src/commit/8712fb5fe80332e9523ac38d17d1fd224756e0cf",
    "verify": "0",
    "localId": 37695,
    "project": "php-src",
    "fuzzer": "honggfuzz",
    "sanitizer": "asan",
    "crash_type": "Heap-use-after-free READ 4",
    "severity": "High",
    "report": {
        "comments": [
            {
                "projectName": "oss-fuzz",
                "localId": 37695,
                "commenter": {
                    "userId": "382749006",
                    "displayName": "ClusterFuzz-External"
                },
                "timestamp": 1630051041,
                "content": "Detailed Report: https://oss-fuzz.com/testcase?key=4836671271600128\n\nProject: php\nFuzzing Engine: honggfuzz\nFuzz Target: php-fuzz-execute\nJob Type: honggfuzz_asan_php\nPlatform Id: linux\n\nCrash Type: Heap-use-after-free READ 4\nCrash Address: 0xf452c5c4\nCrash State:\n  zend_string_release\n  zend_closure_free_storage\n  zend_objects_store_del\n  \nSanitizer: address (ASAN)\n\nRecommended Security Severity: High\n\nRegressed: https://oss-fuzz.com/revisions?job=honggfuzz_asan_php&range=202104150634:202104160611\n\nReproducer Testcase: https://oss-fuzz.com/download?testcase_id=4836671271600128\n\nIssue filed automatically.\n\nSee https://google.github.io/oss-fuzz/advanced-topics/reproducing for instructions to reproduce this bug locally.\nWhen you fix this bug, please\n  * mention the fix revision(s).\n  * state whether the bug was a short-lived regression or an old bug in any stable releases.\n  * add any other useful information.\nThis information can help downstream consumers.\n\nIf you need to contact the OSS-Fuzz team with a question, concern, or any other feedback, please file an issue at https://github.com/google/oss-fuzz/issues. Comments on individual Monorail issues are not monitored.\n\nThis bug is subject to a 90 day disclosure deadline. If 90 days elapse\nwithout an upstream patch, then the bug report will automatically\nbecome visible to the public.",
                "descriptionNum": 1
            },
            {
                "projectName": "oss-fuzz",
                "localId": 37695,
                "sequenceNum": 1,
                "commenter": {
                    "userId": "1950284618",
                    "displayName": "sheriffbot"
                },
                "timestamp": 1630090437,
                "amendments": [
                    {
                        "fieldName": "Labels",
                        "newOrDeltaValue": "Disclosure-2021-11-25"
                    }
                ]
            },
            {
                "projectName": "oss-fuzz",
                "localId": 37695,
                "sequenceNum": 2,
                "commenter": {
                    "userId": "382749006",
                    "displayName": "ClusterFuzz-External"
                },
                "timestamp": 1630161601,
                "content": "ClusterFuzz testcase 4836671271600128 is verified as fixed in https://oss-fuzz.com/revisions?job=honggfuzz_asan_php&range=202108270607:202108280609\n\nIf this is incorrect, please file a bug on https://github.com/google/oss-fuzz/issues/new",
                "amendments": [
                    {
                        "fieldName": "Status",
                        "newOrDeltaValue": "Verified",
                        "oldValue": "New"
                    },
                    {
                        "fieldName": "Labels",
                        "newOrDeltaValue": "ClusterFuzz-Verified"
                    }
                ]
            },
            {
                "projectName": "oss-fuzz",
                "localId": 37695,
                "sequenceNum": 3,
                "commenter": {
                    "userId": "1950284618",
                    "displayName": "sheriffbot"
                },
                "timestamp": 1630176083,
                "content": "This bug has been fixed. It has been opened to the public.\n\n- Your friendly Sheriffbot",
                "amendments": [
                    {
                        "fieldName": "Labels",
                        "newOrDeltaValue": "-restrict-view-commit"
                    }
                ]
            }
        ]
    },
    "fix_commit": "8712fb5fe80332e9523ac38d17d1fd224756e0cf",
    "repo_addr": "https://github.com/php/php-src.git"
}