{
    "fix": "https://github.com/php/php-src/commit/c19977d054da5bcff1a610b2a43af3eae4435fdd",
    "verify": "0",
    "localId": 39283,
    "project": "php-src",
    "fuzzer": "honggfuzz",
    "sanitizer": "asan",
    "crash_type": "UNKNOWN READ",
    "severity": "Medium",
    "report": {
        "comments": [
            {
                "projectName": "oss-fuzz",
                "localId": 39283,
                "commenter": {
                    "userId": "382749006",
                    "displayName": "ClusterFuzz-External"
                },
                "timestamp": 1632610025,
                "content": "Detailed Report: https://oss-fuzz.com/testcase?key=4919685179637760\n\nProject: php\nFuzzing Engine: honggfuzz\nFuzz Target: php-fuzz-function-jit\nJob Type: honggfuzz_asan_php\nPlatform Id: linux\n\nCrash Type: UNKNOWN READ\nCrash Address: 0x1000df08700f\nCrash State:\n  zend_ssa_remove_nops\n  zend_dfa_optimize_op_array\n  zend_optimize_script\n  \nSanitizer: address (ASAN)\n\nRecommended Security Severity: Medium\n\nRegressed: https://oss-fuzz.com/revisions?job=honggfuzz_asan_php&range=202109240604:202109250611\n\nReproducer Testcase: https://oss-fuzz.com/download?testcase_id=4919685179637760\n\nIssue filed automatically.\n\nSee https://google.github.io/oss-fuzz/advanced-topics/reproducing for instructions to reproduce this bug locally.\nWhen you fix this bug, please\n  * mention the fix revision(s).\n  * state whether the bug was a short-lived regression or an old bug in any stable releases.\n  * add any other useful information.\nThis information can help downstream consumers.\n\nIf you need to contact the OSS-Fuzz team with a question, concern, or any other feedback, please file an issue at https://github.com/google/oss-fuzz/issues. Comments on individual Monorail issues are not monitored.\n\nThis bug is subject to a 90 day disclosure deadline. If 90 days elapse\nwithout an upstream patch, then the bug report will automatically\nbecome visible to the public.",
                "descriptionNum": 1
            },
            {
                "projectName": "oss-fuzz",
                "localId": 39283,
                "sequenceNum": 1,
                "commenter": {
                    "userId": "1950284618",
                    "displayName": "sheriffbot"
                },
                "timestamp": 1632682005,
                "amendments": [
                    {
                        "fieldName": "Labels",
                        "newOrDeltaValue": "Disclosure-2021-12-24"
                    }
                ]
            },
            {
                "projectName": "oss-fuzz",
                "localId": 39283,
                "sequenceNum": 2,
                "commenter": {
                    "userId": "382749006",
                    "displayName": "ClusterFuzz-External"
                },
                "timestamp": 1633018516,
                "content": "ClusterFuzz testcase 4919685179637760 is verified as fixed in https://oss-fuzz.com/revisions?job=honggfuzz_asan_php&range=202109290600:202109300606\n\nIf this is incorrect, please file a bug on https://github.com/google/oss-fuzz/issues/new",
                "amendments": [
                    {
                        "fieldName": "Status",
                        "newOrDeltaValue": "Verified",
                        "oldValue": "New"
                    },
                    {
                        "fieldName": "Labels",
                        "newOrDeltaValue": "ClusterFuzz-Verified"
                    }
                ]
            },
            {
                "projectName": "oss-fuzz",
                "localId": 39283,
                "sequenceNum": 3,
                "commenter": {
                    "userId": "1950284618",
                    "displayName": "sheriffbot"
                },
                "timestamp": 1633027052,
                "content": "This bug has been fixed. It has been opened to the public.\n\n- Your friendly Sheriffbot",
                "amendments": [
                    {
                        "fieldName": "Labels",
                        "newOrDeltaValue": "-restrict-view-commit"
                    }
                ]
            }
        ]
    },
    "fix_commit": "c19977d054da5bcff1a610b2a43af3eae4435fdd",
    "repo_addr": "https://github.com/php/php-src.git"
}