{
    "fix": "https://github.com/php/php-src/commit/04dd327493676ef6855df841d7595874d60c3b65",
    "verify": "0",
    "localId": 39297,
    "project": "php-src",
    "fuzzer": "libfuzzer",
    "sanitizer": "asan",
    "crash_type": "Heap-use-after-free READ 4",
    "severity": "High",
    "report": {
        "comments": [
            {
                "projectName": "oss-fuzz",
                "localId": 39297,
                "commenter": {
                    "userId": "382749006",
                    "displayName": "ClusterFuzz-External"
                },
                "timestamp": 1632631437,
                "content": "Detailed Report: https://oss-fuzz.com/testcase?key=4720916240662528\n\nProject: php\nFuzzing Engine: libFuzzer\nFuzz Target: php-fuzz-function-jit\nJob Type: libfuzzer_asan_php\nPlatform Id: linux\n\nCrash Type: Heap-use-after-free READ 4\nCrash Address: 0x60b000001b10\nCrash State:\n  zval_ptr_dtor\n  _zend_hash_del_el_ex\n  zend_hash_graceful_reverse_destroy\n  \nSanitizer: address (ASAN)\n\nRecommended Security Severity: High\n\nRegressed: https://oss-fuzz.com/revisions?job=libfuzzer_asan_php&range=202109240604:202109250611\n\nReproducer Testcase: https://oss-fuzz.com/download?testcase_id=4720916240662528\n\nIssue filed automatically.\n\nSee https://google.github.io/oss-fuzz/advanced-topics/reproducing for instructions to reproduce this bug locally.\nWhen you fix this bug, please\n  * mention the fix revision(s).\n  * state whether the bug was a short-lived regression or an old bug in any stable releases.\n  * add any other useful information.\nThis information can help downstream consumers.\n\nIf you need to contact the OSS-Fuzz team with a question, concern, or any other feedback, please file an issue at https://github.com/google/oss-fuzz/issues. Comments on individual Monorail issues are not monitored.\n\nThis bug is subject to a 90 day disclosure deadline. If 90 days elapse\nwithout an upstream patch, then the bug report will automatically\nbecome visible to the public.",
                "descriptionNum": 1
            },
            {
                "projectName": "oss-fuzz",
                "localId": 39297,
                "sequenceNum": 1,
                "commenter": {
                    "userId": "1950284618",
                    "displayName": "sheriffbot"
                },
                "timestamp": 1632682010,
                "amendments": [
                    {
                        "fieldName": "Labels",
                        "newOrDeltaValue": "Disclosure-2021-12-27"
                    }
                ]
            },
            {
                "projectName": "oss-fuzz",
                "localId": 39297,
                "sequenceNum": 2,
                "commenter": {
                    "userId": "382749006",
                    "displayName": "ClusterFuzz-External"
                },
                "timestamp": 1632930503,
                "content": "ClusterFuzz testcase 4720916240662528 is verified as fixed in https://oss-fuzz.com/revisions?job=libfuzzer_asan_php&range=202109280612:202109290600\n\nIf this is incorrect, please file a bug on https://github.com/google/oss-fuzz/issues/new",
                "amendments": [
                    {
                        "fieldName": "Status",
                        "newOrDeltaValue": "Verified",
                        "oldValue": "New"
                    },
                    {
                        "fieldName": "Labels",
                        "newOrDeltaValue": "ClusterFuzz-Verified"
                    }
                ]
            },
            {
                "projectName": "oss-fuzz",
                "localId": 39297,
                "sequenceNum": 3,
                "commenter": {
                    "userId": "1950284618",
                    "displayName": "sheriffbot"
                },
                "timestamp": 1632940650,
                "content": "This bug has been fixed. It has been opened to the public.\n\n- Your friendly Sheriffbot",
                "amendments": [
                    {
                        "fieldName": "Labels",
                        "newOrDeltaValue": "-restrict-view-commit"
                    }
                ]
            }
        ]
    },
    "fix_commit": [
        "17b127a84ffdd47a74cc2298c0c45545af14cf59",
        "214cd1565ba941e53138dc950893037544643d9b",
        "04dd327493676ef6855df841d7595874d60c3b65"
    ],
    "repo_addr": "https://github.com/php/php-src.git"
}