{
    "fix": "https://github.com/php/php-src/commit/067df263448ee26013cddee1065bc9c1f028bd23",
    "verify": "0",
    "localId": 40292,
    "project": "php-src",
    "fuzzer": "libfuzzer",
    "sanitizer": "asan",
    "crash_type": "Segv on unknown address",
    "report": {
        "comments": [
            {
                "projectName": "oss-fuzz",
                "localId": 40292,
                "commenter": {
                    "userId": "382749006",
                    "displayName": "ClusterFuzz-External"
                },
                "timestamp": 1635084542,
                "content": "Detailed Report: https://oss-fuzz.com/testcase?key=4508810148970496\n\nProject: php\nFuzzing Engine: libFuzzer\nFuzz Target: php-fuzz-tracing-jit\nJob Type: libfuzzer_asan_php\nPlatform Id: linux\n\nCrash Type: Segv on unknown address\nCrash Address: \nCrash State:\n  zend_jit_trace_execute\n  zend_jit_trace_hot_root\n  zend_jit_func_trace_helper\n  \nSanitizer: address (ASAN)\n\nRegressed: https://oss-fuzz.com/revisions?job=libfuzzer_asan_php&range=202110110609:202110160600\n\nReproducer Testcase: https://oss-fuzz.com/download?testcase_id=4508810148970496\n\nIssue filed automatically.\n\nSee https://google.github.io/oss-fuzz/advanced-topics/reproducing for instructions to reproduce this bug locally.\nWhen you fix this bug, please\n  * mention the fix revision(s).\n  * state whether the bug was a short-lived regression or an old bug in any stable releases.\n  * add any other useful information.\nThis information can help downstream consumers.\n\nIf you need to contact the OSS-Fuzz team with a question, concern, or any other feedback, please file an issue at https://github.com/google/oss-fuzz/issues. Comments on individual Monorail issues are not monitored.\n\nThis bug is subject to a 90 day disclosure deadline. If 90 days elapse\nwithout an upstream patch, then the bug report will automatically\nbecome visible to the public.",
                "descriptionNum": 1
            },
            {
                "projectName": "oss-fuzz",
                "localId": 40292,
                "sequenceNum": 1,
                "commenter": {
                    "userId": "1950284618",
                    "displayName": "sheriffbot"
                },
                "timestamp": 1635101522,
                "amendments": [
                    {
                        "fieldName": "Labels",
                        "newOrDeltaValue": "Disclosure-2022-01-24"
                    }
                ]
            },
            {
                "projectName": "oss-fuzz",
                "localId": 40292,
                "sequenceNum": 2,
                "commenter": {
                    "userId": "382749006",
                    "displayName": "ClusterFuzz-External"
                },
                "timestamp": 1637758065,
                "amendments": [
                    {
                        "fieldName": "Cc",
                        "newOrDeltaValue": "dmitr...@gmail.com"
                    }
                ]
            },
            {
                "projectName": "oss-fuzz",
                "localId": 40292,
                "sequenceNum": 3,
                "commenter": {
                    "userId": "382749006",
                    "displayName": "ClusterFuzz-External"
                },
                "timestamp": 1637856093,
                "content": "ClusterFuzz testcase 4508810148970496 is verified as fixed in https://oss-fuzz.com/revisions?job=libfuzzer_asan_php&range=202111240611:202111250603\n\nIf this is incorrect, please file a bug on https://github.com/google/oss-fuzz/issues/new",
                "amendments": [
                    {
                        "fieldName": "Status",
                        "newOrDeltaValue": "Verified",
                        "oldValue": "New"
                    },
                    {
                        "fieldName": "Labels",
                        "newOrDeltaValue": "ClusterFuzz-Verified"
                    }
                ]
            },
            {
                "projectName": "oss-fuzz",
                "localId": 40292,
                "sequenceNum": 4,
                "commenter": {
                    "userId": "1950284618",
                    "displayName": "sheriffbot"
                },
                "timestamp": 1637869081,
                "content": "This bug has been fixed. It has been opened to the public.\n\n- Your friendly Sheriffbot",
                "amendments": [
                    {
                        "fieldName": "Labels",
                        "newOrDeltaValue": "-restrict-view-commit"
                    }
                ]
            }
        ]
    },
    "fix_commit": "067df263448ee26013cddee1065bc9c1f028bd23",
    "repo_addr": "https://github.com/php/php-src.git"
}