{
    "fix": "https://github.com/php/php-src/commit/fe4beb330305c0fcb465ad6a63589d99395e3d94",
    "verify": "0",
    "localId": 42225,
    "project": "php-src",
    "fuzzer": "libfuzzer",
    "sanitizer": "asan",
    "crash_type": "Heap-use-after-free READ 4",
    "severity": "High",
    "report": {
        "comments": [
            {
                "projectName": "oss-fuzz",
                "localId": 42225,
                "commenter": {
                    "userId": "382749006",
                    "displayName": "ClusterFuzz-External"
                },
                "timestamp": 1639239806,
                "content": "Detailed Report: https://oss-fuzz.com/testcase?key=5746907494875136\n\nProject: php\nFuzzing Engine: libFuzzer\nFuzz Target: php-fuzz-tracing-jit\nJob Type: libfuzzer_asan_i386_php\nPlatform Id: linux\n\nCrash Type: Heap-use-after-free READ 4\nCrash Address: 0xda80080c\nCrash State:\n  zend_jit_fast_concat_tmp_helper\n  zero\n  zend_call_function\n  \nSanitizer: address (ASAN)\n\nRecommended Security Severity: High\n\nRegressed: https://oss-fuzz.com/revisions?job=libfuzzer_asan_i386_php&range=202110110609:202110160600\n\nReproducer Testcase: https://oss-fuzz.com/download?testcase_id=5746907494875136\n\nIssue filed automatically.\n\nSee https://google.github.io/oss-fuzz/advanced-topics/reproducing for instructions to reproduce this bug locally.\nWhen you fix this bug, please\n  * mention the fix revision(s).\n  * state whether the bug was a short-lived regression or an old bug in any stable releases.\n  * add any other useful information.\nThis information can help downstream consumers.\n\nIf you need to contact the OSS-Fuzz team with a question, concern, or any other feedback, please file an issue at https://github.com/google/oss-fuzz/issues. Comments on individual Monorail issues are not monitored.",
                "descriptionNum": 1
            },
            {
                "projectName": "oss-fuzz",
                "localId": 42225,
                "sequenceNum": 1,
                "commenter": {
                    "userId": "382749006",
                    "displayName": "ClusterFuzz-External"
                },
                "timestamp": 1639497101,
                "content": "ClusterFuzz testcase 5746907494875136 is verified as fixed in https://oss-fuzz.com/revisions?job=libfuzzer_asan_i386_php&range=202112130602:202112140600\n\nIf this is incorrect, please file a bug on https://github.com/google/oss-fuzz/issues/new",
                "amendments": [
                    {
                        "fieldName": "Status",
                        "newOrDeltaValue": "Verified",
                        "oldValue": "New"
                    },
                    {
                        "fieldName": "Labels",
                        "newOrDeltaValue": "ClusterFuzz-Verified"
                    }
                ]
            }
        ]
    },
    "fix_commit": [
        "fe320e83aee316de07305f7808bdb158ba8b3fea",
        "0314f40c2db3113e536ac82766c6b6384eff0028",
        "fe4beb330305c0fcb465ad6a63589d99395e3d94"
    ],
    "repo_addr": "https://github.com/php/php-src.git"
}