{
    "fix": "https://github.com/php/php-src/commit/eee3b1d917591e5106aef9fd4fe93393e95fc13d",
    "verify": "0",
    "localId": 42894,
    "project": "php-src",
    "fuzzer": "libfuzzer",
    "sanitizer": "asan",
    "crash_type": "Heap-use-after-free READ 4",
    "severity": "High",
    "report": {
        "comments": [
            {
                "projectName": "oss-fuzz",
                "localId": 42894,
                "commenter": {
                    "userId": "382749006",
                    "displayName": "ClusterFuzz-External"
                },
                "timestamp": 1640285912,
                "content": "Detailed Report: https://oss-fuzz.com/testcase?key=6650085318983680\n\nProject: php\nFuzzing Engine: libFuzzer\nFuzz Target: php-fuzz-tracing-jit\nJob Type: libfuzzer_asan_i386_php\nPlatform Id: linux\n\nCrash Type: Heap-use-after-free READ 4\nCrash Address: 0xf47098f4\nCrash State:\n  zend_hash_reverse_apply\n  shutdown_destructors\n  zend_call_destructors\n  \nSanitizer: address (ASAN)\n\nRecommended Security Severity: High\n\nRegressed: https://oss-fuzz.com/revisions?job=libfuzzer_asan_i386_php&range=202112220605:202112230602\n\nReproducer Testcase: https://oss-fuzz.com/download?testcase_id=6650085318983680\n\nIssue filed automatically.\n\nSee https://google.github.io/oss-fuzz/advanced-topics/reproducing for instructions to reproduce this bug locally.\nWhen you fix this bug, please\n  * mention the fix revision(s).\n  * state whether the bug was a short-lived regression or an old bug in any stable releases.\n  * add any other useful information.\nThis information can help downstream consumers.\n\nIf you need to contact the OSS-Fuzz team with a question, concern, or any other feedback, please file an issue at https://github.com/google/oss-fuzz/issues. Comments on individual Monorail issues are not monitored.",
                "descriptionNum": 1
            },
            {
                "projectName": "oss-fuzz",
                "localId": 42894,
                "sequenceNum": 1,
                "commenter": {
                    "userId": "382749006",
                    "displayName": "ClusterFuzz-External"
                },
                "timestamp": 1640453837,
                "content": "ClusterFuzz testcase 6650085318983680 is verified as fixed in https://oss-fuzz.com/revisions?job=libfuzzer_asan_i386_php&range=202112240603:202112250604\n\nIf this is incorrect, please file a bug on https://github.com/google/oss-fuzz/issues/new",
                "amendments": [
                    {
                        "fieldName": "Status",
                        "newOrDeltaValue": "Verified",
                        "oldValue": "New"
                    },
                    {
                        "fieldName": "Labels",
                        "newOrDeltaValue": "ClusterFuzz-Verified"
                    }
                ]
            }
        ]
    },
    "fix_commit": "eee3b1d917591e5106aef9fd4fe93393e95fc13d",
    "repo_addr": "https://github.com/php/php-src.git"
}