{
    "fix": "https://github.com/php/php-src/commit/f1ae13509f23a639bd47b4035e6bf74c68cef752",
    "verify": "0",
    "localId": 43988,
    "project": "php-src",
    "fuzzer": "libfuzzer",
    "sanitizer": "asan",
    "crash_type": "Heap-use-after-free READ 8",
    "severity": "High",
    "report": {
        "comments": [
            {
                "projectName": "oss-fuzz",
                "localId": 43988,
                "commenter": {
                    "userId": "382749006",
                    "displayName": "ClusterFuzz-External"
                },
                "timestamp": 1642912404,
                "content": "Detailed Report: https://oss-fuzz.com/testcase?key=6518655133810688\n\nProject: php\nFuzzing Engine: libFuzzer\nFuzz Target: php-fuzz-function-jit\nJob Type: libfuzzer_asan_php\nPlatform Id: linux\n\nCrash Type: Heap-use-after-free READ 8\nCrash Address: 0x6040000284b0\nCrash State:\n  zend_std_get_property_ptr_ptr\n  zend_fetch_property_address\n  ZEND_FETCH_OBJ_W_SPEC_CV_CONST_HANDLER\n  \nSanitizer: address (ASAN)\n\nRecommended Security Severity: High\n\nRegressed: https://oss-fuzz.com/revisions?job=libfuzzer_asan_php&range=202111260600:202111270607\n\nReproducer Testcase: https://oss-fuzz.com/download?testcase_id=6518655133810688\n\nIssue filed automatically.\n\nSee https://google.github.io/oss-fuzz/advanced-topics/reproducing for instructions to reproduce this bug locally.\nWhen you fix this bug, please\n  * mention the fix revision(s).\n  * state whether the bug was a short-lived regression or an old bug in any stable releases.\n  * add any other useful information.\nThis information can help downstream consumers.\n\nIf you need to contact the OSS-Fuzz team with a question, concern, or any other feedback, please file an issue at https://github.com/google/oss-fuzz/issues. Comments on individual Monorail issues are not monitored.",
                "descriptionNum": 1
            },
            {
                "projectName": "oss-fuzz",
                "localId": 43988,
                "sequenceNum": 1,
                "commenter": {
                    "userId": "382749006",
                    "displayName": "ClusterFuzz-External"
                },
                "timestamp": 1643388261,
                "content": "ClusterFuzz testcase 6518655133810688 is verified as fixed in https://oss-fuzz.com/revisions?job=libfuzzer_asan_php&range=202201270605:202201280611\n\nIf this is incorrect, please file a bug on https://github.com/google/oss-fuzz/issues/new",
                "amendments": [
                    {
                        "fieldName": "Status",
                        "newOrDeltaValue": "Verified",
                        "oldValue": "New"
                    },
                    {
                        "fieldName": "Labels",
                        "newOrDeltaValue": "ClusterFuzz-Verified"
                    }
                ]
            }
        ]
    },
    "fix_commit": [
        "464e725bb5a61e425e1e05015e0db8ca4bf2f3a9",
        "965dafe3e15667daf0c5837dd92ee2ebcf4899ed",
        "f1ae13509f23a639bd47b4035e6bf74c68cef752"
    ],
    "repo_addr": "https://github.com/php/php-src.git"
}