{
    "fix": "https://github.com/php/php-src/commit/c4ecd82f9399850a36bf2466d0a54a045b6dfa15",
    "verify": "0",
    "localId": 45369,
    "project": "php-src",
    "fuzzer": "honggfuzz",
    "sanitizer": "asan",
    "crash_type": "Heap-buffer-overflow READ 1",
    "severity": "Medium",
    "report": {
        "comments": [
            {
                "projectName": "oss-fuzz",
                "localId": 45369,
                "commenter": {
                    "userId": "382749006",
                    "displayName": "ClusterFuzz-External"
                },
                "timestamp": 1646765809,
                "content": "Detailed Report: https://oss-fuzz.com/testcase?key=6096176166862848\n\nProject: php\nFuzzing Engine: honggfuzz\nFuzz Target: php-fuzz-execute\nJob Type: honggfuzz_asan_php\nPlatform Id: linux\n\nCrash Type: Heap-buffer-overflow READ 1\nCrash Address: 0x7fd1cbbfb810\nCrash State:\n  zend_gc_collect_cycles\n  fuzzer_request_shutdown\n  fuzzer_do_request_from_buffer\n  \nSanitizer: address (ASAN)\n\nRecommended Security Severity: Medium\n\nRegressed: https://oss-fuzz.com/revisions?job=honggfuzz_asan_php&range=202202110604:202202120607\n\nReproducer Testcase: https://oss-fuzz.com/download?testcase_id=6096176166862848\n\nIssue filed automatically.\n\nSee https://google.github.io/oss-fuzz/advanced-topics/reproducing for instructions to reproduce this bug locally.\nWhen you fix this bug, please\n  * mention the fix revision(s).\n  * state whether the bug was a short-lived regression or an old bug in any stable releases.\n  * add any other useful information.\nThis information can help downstream consumers.\n\nIf you need to contact the OSS-Fuzz team with a question, concern, or any other feedback, please file an issue at https://github.com/google/oss-fuzz/issues. Comments on individual Monorail issues are not monitored.",
                "descriptionNum": 1
            },
            {
                "projectName": "oss-fuzz",
                "localId": 45369,
                "sequenceNum": 1,
                "commenter": {
                    "userId": "382749006",
                    "displayName": "ClusterFuzz-External"
                },
                "timestamp": 1666712554,
                "content": "ClusterFuzz testcase 6096176166862848 is verified as fixed in https://oss-fuzz.com/revisions?job=honggfuzz_asan_php&range=202210240600:202210250601\n\nIf this is incorrect, please file a bug on https://github.com/google/oss-fuzz/issues/new",
                "amendments": [
                    {
                        "fieldName": "Status",
                        "newOrDeltaValue": "Verified",
                        "oldValue": "New"
                    },
                    {
                        "fieldName": "Labels",
                        "newOrDeltaValue": "ClusterFuzz-Verified"
                    }
                ]
            }
        ]
    },
    "fix_commit": "c4ecd82f9399850a36bf2466d0a54a045b6dfa15",
    "repo_addr": "https://github.com/php/php-src.git"
}