{
    "fix": "https://github.com/libraw/libraw/commit/63794a2471b426ff4268de6982e8a6f711163e2e",
    "verify": "0",
    "localId": 52579,
    "project": "libraw",
    "fuzzer": "libfuzzer",
    "sanitizer": "asan",
    "crash_type": "Heap-buffer-overflow WRITE 6",
    "severity": "High",
    "report": {
        "comments": [
            {
                "projectName": "oss-fuzz",
                "localId": 52579,
                "commenter": {
                    "userId": "382749006",
                    "displayName": "ClusterFuzz-External"
                },
                "timestamp": 1666294137,
                "content": "Detailed Report: https://oss-fuzz.com/testcase?key=6381559087497216\n\nProject: libraw\nFuzzing Engine: libFuzzer\nFuzz Target: libraw_cr2_fuzzer\nJob Type: libfuzzer_asan_libraw\nPlatform Id: linux\n\nCrash Type: Heap-buffer-overflow WRITE 6\nCrash Address: 0x62d000009e00\nCrash State:\n  LibRaw_buffer_datastream::read\n  LibRaw::read_shorts\n  LibRaw::kodak_thumb_load_raw\n  \nSanitizer: address (ASAN)\n\nRecommended Security Severity: High\n\nRegressed: https://oss-fuzz.com/revisions?job=libfuzzer_asan_libraw&range=202210190610:202210200607\n\nReproducer Testcase: https://oss-fuzz.com/download?testcase_id=6381559087497216\n\nIssue filed automatically.\n\nSee https://google.github.io/oss-fuzz/advanced-topics/reproducing for instructions to reproduce this bug locally.\nWhen you fix this bug, please\n  * mention the fix revision(s).\n  * state whether the bug was a short-lived regression or an old bug in any stable releases.\n  * add any other useful information.\nThis information can help downstream consumers.\n\nIf you need to contact the OSS-Fuzz team with a question, concern, or any other feedback, please file an issue at https://github.com/google/oss-fuzz/issues. Comments on individual Monorail issues are not monitored.\n\nThis bug is subject to a 90 day disclosure deadline. If 90 days elapse\nwithout an upstream patch, then the bug report will automatically\nbecome visible to the public.",
                "descriptionNum": 1
            },
            {
                "projectName": "oss-fuzz",
                "localId": 52579,
                "sequenceNum": 1,
                "commenter": {
                    "userId": "382749006",
                    "displayName": "ClusterFuzz-External"
                },
                "timestamp": 1666352528,
                "amendments": [
                    {
                        "fieldName": "Cc",
                        "newOrDeltaValue": "i...@libraw.org"
                    }
                ]
            },
            {
                "projectName": "oss-fuzz",
                "localId": 52579,
                "sequenceNum": 2,
                "commenter": {
                    "userId": "1950284618",
                    "displayName": "sheriffbot"
                },
                "timestamp": 1666378642,
                "amendments": [
                    {
                        "fieldName": "Labels",
                        "newOrDeltaValue": "Disclosure-2023-01-18"
                    }
                ]
            },
            {
                "projectName": "oss-fuzz",
                "localId": 52579,
                "sequenceNum": 3,
                "commenter": {
                    "userId": "382749006",
                    "displayName": "ClusterFuzz-External"
                },
                "timestamp": 1666733673,
                "amendments": [
                    {
                        "fieldName": "Cc",
                        "newOrDeltaValue": "yulongzhang@google.com"
                    }
                ]
            },
            {
                "projectName": "oss-fuzz",
                "localId": 52579,
                "sequenceNum": 4,
                "commenter": {
                    "userId": "382749006",
                    "displayName": "ClusterFuzz-External"
                },
                "timestamp": 1666854763,
                "content": "This crash occurs very frequently on linux platform and is likely preventing the fuzzer libraw_cr2_fuzzer from making much progress. Fixing this will allow more bugs to be found.\n\nIf this is incorrect, please file a bug on https://github.com/google/oss-fuzz/issues/new",
                "amendments": [
                    {
                        "fieldName": "Labels",
                        "newOrDeltaValue": "Fuzz-Blocker"
                    }
                ]
            },
            {
                "projectName": "oss-fuzz",
                "localId": 52579,
                "sequenceNum": 5,
                "commenter": {
                    "userId": "382749006",
                    "displayName": "ClusterFuzz-External"
                },
                "timestamp": 1667151186,
                "content": "ClusterFuzz testcase 6381559087497216 is verified as fixed in https://oss-fuzz.com/revisions?job=libfuzzer_asan_libraw&range=202210290609:202210300607\n\nIf this is incorrect, please file a bug on https://github.com/google/oss-fuzz/issues/new",
                "amendments": [
                    {
                        "fieldName": "Status",
                        "newOrDeltaValue": "Verified",
                        "oldValue": "New"
                    },
                    {
                        "fieldName": "Labels",
                        "newOrDeltaValue": "ClusterFuzz-Verified"
                    }
                ]
            },
            {
                "projectName": "oss-fuzz",
                "localId": 52579,
                "sequenceNum": 6,
                "commenter": {
                    "userId": "1950284618",
                    "displayName": "sheriffbot"
                },
                "timestamp": 1667155362,
                "content": "This bug has been fixed. It has been opened to the public.\n\n- Your friendly Sheriffbot",
                "amendments": [
                    {
                        "fieldName": "Labels",
                        "newOrDeltaValue": "-restrict-view-commit"
                    }
                ]
            }
        ]
    },
    "fix_commit": "63794a2471b426ff4268de6982e8a6f711163e2e",
    "repo_addr": "https://github.com/libraw/libraw"
}