{
    "fix": "https://github.com/LibRaw/LibRaw/commit/73d6daa053e1537e29b28eca9b34ab802fdd06e1",
    "verify": "0",
    "localId": 67753,
    "project": "LibRaw",
    "fuzzer": "libfuzzer",
    "sanitizer": "asan",
    "crash_type": "UNKNOWN READ",
    "severity": "Medium",
    "report": {
        "comments": [
            {
                "projectName": "oss-fuzz",
                "localId": 67753,
                "commenter": {
                    "userId": "382749006",
                    "displayName": "ClusterFuzz-External"
                },
                "timestamp": 1711903633,
                "content": "Detailed Report: https://oss-fuzz.com/testcase?key=5438284588187648\n\nProject: kimageformats\nFuzzing Engine: libFuzzer\nFuzz Target: kimgio_raw_fuzzer\nJob Type: libfuzzer_asan_kimageformats\nPlatform Id: linux\n\nCrash Type: UNKNOWN READ\nCrash Address: 0x7db74c430e38\nCrash State:\n  libraw_sget4_static\n  checked_buffer_t::sget4\n  LibRaw::parseAdobeRAFMakernote\n  \nSanitizer: address (ASAN)\n\nRecommended Security Severity: Medium\n\nRegressed: https://oss-fuzz.com/revisions?job=libfuzzer_asan_kimageformats&range=202403300622:202403310621\n\nReproducer Testcase: https://oss-fuzz.com/download?testcase_id=5438284588187648\n\nIssue filed automatically.\n\nSee https://google.github.io/oss-fuzz/advanced-topics/reproducing for instructions to reproduce this bug locally.\nWhen you fix this bug, please\n  * mention the fix revision(s).\n  * state whether the bug was a short-lived regression or an old bug in any stable releases.\n  * add any other useful information.\nThis information can help downstream consumers.\n\nIf you need to contact the OSS-Fuzz team with a question, concern, or any other feedback, please file an issue at https://github.com/google/oss-fuzz/issues. Comments on individual Monorail issues are not monitored.\n\nThis bug is subject to a 90 day disclosure deadline. If 90 days elapse\nwithout an upstream patch, then the bug report will automatically\nbecome visible to the public.",
                "descriptionNum": 1
            },
            {
                "projectName": "oss-fuzz",
                "localId": 67753,
                "sequenceNum": 1,
                "commenter": {
                    "userId": "1950284618",
                    "displayName": "sheriffbot"
                },
                "timestamp": 1711977683,
                "amendments": [
                    {
                        "fieldName": "Labels",
                        "newOrDeltaValue": "Disclosure-2024-07-01"
                    }
                ]
            },
            {
                "projectName": "oss-fuzz",
                "localId": 67753,
                "sequenceNum": 2,
                "commenter": {
                    "userId": "382749006",
                    "displayName": "ClusterFuzz-External"
                },
                "timestamp": 1712150340,
                "content": "ClusterFuzz testcase 5438284588187648 is verified as fixed in https://oss-fuzz.com/revisions?job=libfuzzer_asan_kimageformats&range=202403310621:202404010605\n\nIf this is incorrect, please file a bug on https://github.com/google/oss-fuzz/issues/new",
                "amendments": [
                    {
                        "fieldName": "Status",
                        "newOrDeltaValue": "Verified",
                        "oldValue": "New"
                    },
                    {
                        "fieldName": "Labels",
                        "newOrDeltaValue": "ClusterFuzz-Verified"
                    }
                ]
            },
            {
                "projectName": "oss-fuzz",
                "localId": 67753,
                "sequenceNum": 3,
                "commenter": {
                    "userId": "1950284618",
                    "displayName": "sheriffbot"
                },
                "timestamp": 1712236270,
                "content": "This bug has been fixed. It has been opened to the public.\n\n- Your friendly Sheriffbot",
                "amendments": [
                    {
                        "fieldName": "Labels",
                        "newOrDeltaValue": "-restrict-view-commit"
                    }
                ]
            }
        ]
    },
    "fix_commit": "73d6daa053e1537e29b28eca9b34ab802fdd06e1",
    "repo_addr": "https://github.com/LibRaw/LibRaw"
}