{
    "fix": "https://github.com/libraw/libraw/commit/73d6daa053e1537e29b28eca9b34ab802fdd06e1",
    "verify": "0",
    "localId": 67756,
    "project": "libraw",
    "fuzzer": "libfuzzer",
    "sanitizer": "asan",
    "crash_type": "UNKNOWN READ",
    "severity": "Medium",
    "report": {
        "comments": [
            {
                "projectName": "oss-fuzz",
                "localId": 67756,
                "commenter": {
                    "userId": "382749006",
                    "displayName": "ClusterFuzz-External"
                },
                "timestamp": 1711905507,
                "content": "Detailed Report: https://oss-fuzz.com/testcase?key=6029370234830848\n\nProject: libraw\nFuzzing Engine: libFuzzer\nFuzz Target: libraw_cr2_fuzzer\nJob Type: libfuzzer_asan_libraw\nPlatform Id: linux\n\nCrash Type: UNKNOWN READ\nCrash Address: 0x628fff000206\nCrash State:\n  libraw_sget4_static\n  checked_buffer_t::sget4\n  LibRaw::parseAdobeRAFMakernote\n  \nSanitizer: address (ASAN)\n\nRecommended Security Severity: Medium\n\nRegressed: https://oss-fuzz.com/revisions?job=libfuzzer_asan_libraw&range=202403300626:202403310618\n\nReproducer Testcase: https://oss-fuzz.com/download?testcase_id=6029370234830848\n\nIssue filed automatically.\n\nSee https://google.github.io/oss-fuzz/advanced-topics/reproducing for instructions to reproduce this bug locally.\nWhen you fix this bug, please\n  * mention the fix revision(s).\n  * state whether the bug was a short-lived regression or an old bug in any stable releases.\n  * add any other useful information.\nThis information can help downstream consumers.\n\nIf you need to contact the OSS-Fuzz team with a question, concern, or any other feedback, please file an issue at https://github.com/google/oss-fuzz/issues. Comments on individual Monorail issues are not monitored.\n\nThis bug is subject to a 90 day disclosure deadline. If 90 days elapse\nwithout an upstream patch, then the bug report will automatically\nbecome visible to the public.",
                "descriptionNum": 1
            },
            {
                "projectName": "oss-fuzz",
                "localId": 67756,
                "sequenceNum": 1,
                "commenter": {
                    "userId": "382749006",
                    "displayName": "ClusterFuzz-External"
                },
                "timestamp": 1711958963,
                "content": "This crash occurs very frequently on linux platform and is likely preventing the fuzzer libraw_cr2_fuzzer from making much progress. Fixing this will allow more bugs to be found.\n\nIf this is incorrect, please file a bug on https://github.com/google/oss-fuzz/issues/new",
                "amendments": [
                    {
                        "fieldName": "Labels",
                        "newOrDeltaValue": "Fuzz-Blocker"
                    }
                ]
            },
            {
                "projectName": "oss-fuzz",
                "localId": 67756,
                "sequenceNum": 2,
                "commenter": {
                    "userId": "1950284618",
                    "displayName": "sheriffbot"
                },
                "timestamp": 1711977687,
                "amendments": [
                    {
                        "fieldName": "Labels",
                        "newOrDeltaValue": "Disclosure-2024-07-01"
                    }
                ]
            },
            {
                "projectName": "oss-fuzz",
                "localId": 67756,
                "sequenceNum": 3,
                "commenter": {
                    "userId": "382749006",
                    "displayName": "ClusterFuzz-External"
                },
                "timestamp": 1712062356,
                "content": "ClusterFuzz testcase 6029370234830848 is verified as fixed in https://oss-fuzz.com/revisions?job=libfuzzer_asan_libraw&range=202403310618:202404010618\n\nIf this is incorrect, please file a bug on https://github.com/google/oss-fuzz/issues/new",
                "amendments": [
                    {
                        "fieldName": "Status",
                        "newOrDeltaValue": "Verified",
                        "oldValue": "New"
                    },
                    {
                        "fieldName": "Labels",
                        "newOrDeltaValue": "ClusterFuzz-Verified"
                    }
                ]
            },
            {
                "projectName": "oss-fuzz",
                "localId": 67756,
                "sequenceNum": 4,
                "commenter": {
                    "userId": "1950284618",
                    "displayName": "sheriffbot"
                },
                "timestamp": 1712063433,
                "content": "This bug has been fixed. It has been opened to the public.\n\n- Your friendly Sheriffbot",
                "amendments": [
                    {
                        "fieldName": "Labels",
                        "newOrDeltaValue": "-restrict-view-commit"
                    }
                ]
            }
        ]
    },
    "fix_commit": "73d6daa053e1537e29b28eca9b34ab802fdd06e1",
    "repo_addr": "https://github.com/libraw/libraw"
}