{
    "fix": "https://github.com/darktable-org/rawspeed/commit/3753c84ea46eeb86a0daf8da8c088342515b10dd",
    "verify": "0",
    "localId": 18877,
    "project": "librawspeed",
    "fuzzer": "libfuzzer",
    "sanitizer": "msan",
    "crash_type": "Use-of-uninitialized-value",
    "severity": "Medium",
    "report": {
        "comments": [
            {
                "projectName": "oss-fuzz",
                "localId": 18877,
                "commenter": {
                    "userId": "382749006",
                    "displayName": "ClusterFuzz-External"
                },
                "timestamp": 1573490046,
                "content": "Detailed Report: https://oss-fuzz.com/testcase?key=5692919776542720\n\nProject: librawspeed\nFuzzing Engine: libFuzzer\nFuzz Target: PhaseOneDecompressorFuzzer\nJob Type: libfuzzer_msan_librawspeed\nPlatform Id: linux\n\nCrash Type: Use-of-uninitialized-value\nCrash Address: \nCrash State:\n  rawspeed::RawImageData::checkMemIsInitialized\n  PhaseOneDecompressor.cpp\n  posix_memalign\n  \nSanitizer: memory (MSAN)\n\nRecommended Security Severity: Medium\n\nRegressed: https://oss-fuzz.com/revisions?job=libfuzzer_msan_librawspeed&range=201911100442:201911110435\n\nReproducer Testcase: https://oss-fuzz.com/download?testcase_id=5692919776542720\n\nIssue filed automatically.\n\nSee https://google.github.io/oss-fuzz/advanced-topics/reproducing for instructions to reproduce this bug locally.\nWhen you fix this bug, please\n  * mention the fix revision(s).\n  * state whether the bug was a short-lived regression or an old bug in any stable releases.\n  * add any other useful information.\nThis information can help downstream consumers.\n\nIf you need to contact the OSS-Fuzz team with a question, concern, or any other feedback, please file an issue at https://github.com/google/oss-fuzz/issues. Comments on individual Monorail issues are not monitored.\n\nThis bug is subject to a 90 day disclosure deadline. If 90 days elapse\nwithout an upstream patch, then the bug report will automatically\nbecome visible to the public.",
                "descriptionNum": 1
            },
            {
                "projectName": "oss-fuzz",
                "localId": 18877,
                "sequenceNum": 1,
                "commenter": {
                    "userId": "4164592774",
                    "displayName": "sheriffbot@chromium.org"
                },
                "timestamp": 1573491023,
                "amendments": [
                    {
                        "fieldName": "Labels",
                        "newOrDeltaValue": "Disclosure-2020-02-10"
                    }
                ]
            },
            {
                "projectName": "oss-fuzz",
                "localId": 18877,
                "sequenceNum": 2,
                "commenter": {
                    "userId": "382749006",
                    "displayName": "ClusterFuzz-External"
                },
                "timestamp": 1573553705,
                "content": "ClusterFuzz testcase 5692919776542720 is verified as fixed in https://oss-fuzz.com/revisions?job=libfuzzer_msan_librawspeed&range=201911110435:201911120435\n\nIf this is incorrect, please file a bug on https://github.com/google/oss-fuzz/issues/new",
                "amendments": [
                    {
                        "fieldName": "Status",
                        "newOrDeltaValue": "Verified",
                        "oldValue": "New"
                    },
                    {
                        "fieldName": "Labels",
                        "newOrDeltaValue": "ClusterFuzz-Verified"
                    }
                ]
            },
            {
                "projectName": "oss-fuzz",
                "localId": 18877,
                "sequenceNum": 3,
                "commenter": {
                    "userId": "4164592774",
                    "displayName": "sheriffbot@chromium.org"
                },
                "timestamp": 1576168743,
                "content": "This bug has been fixed for 30 days. It has been opened to the public.\n\n- Your friendly Sheriffbot",
                "amendments": [
                    {
                        "fieldName": "Labels",
                        "newOrDeltaValue": "-restrict-view-commit"
                    }
                ]
            }
        ]
    },
    "fix_commit": "3753c84ea46eeb86a0daf8da8c088342515b10dd",
    "repo_addr": "https://github.com/darktable-org/rawspeed.git"
}