{
    "localId": 3447,
    "project": "librawspeed",
    "fix": "https://github.com/darktable-org/rawspeed/commit/78846115eaaa0ad13bb36ab87b5d6be2ebd2dc02",
    "verify": "0",
    "fuzzer": "afl",
    "sanitizer": "asan",
    "crash_type": "Heap-buffer-overflow READ 1",
    "severity": "Medium",
    "report": {
        "comments": [
            {
                "localId": 3447,
                "descriptionNum": 1,
                "projectName": "oss-fuzz",
                "commenter": {
                    "displayName": "ClusterFuzz-External",
                    "userId": "382749006"
                },
                "content": "Detailed report: https://oss-fuzz.com/testcase?key=5564224854032384\n\nProject: librawspeed\nFuzzer: afl_librawspeed_TiffDecoderFuzzer-DngDecoder\nFuzz target binary: TiffDecoderFuzzer-DngDecoder\nJob Type: afl_asan_librawspeed\nPlatform Id: linux\n\nCrash Type: Heap-buffer-overflow READ 1\nCrash Address: 0x6080000000f0\nCrash State:\n  rawspeed::RawImageData::transferBadPixelsToMap\n  rawspeed::RawImageData::fixBadPixels\n  rawspeed::RawDecoder::decodeRaw\n  \nSanitizer: address (ASAN)\n\nRecommended Security Severity: Medium\n\nRegressed: https://oss-fuzz.com/revisions?job=afl_asan_librawspeed&range=201709020515:201709040516\n\nReproducer Testcase: https://oss-fuzz.com/download?testcase_id=5564224854032384\n\nIssue filed automatically.\n\nSee https://github.com/google/oss-fuzz/blob/master/docs/reproducing.md for more information.\n\nThis bug is subject to a 90 day disclosure deadline. If 90 days elapse\nwithout an upstream patch, then the bug report will automatically\nbecome visible to the public.\n\nWhen you fix this bug, please\n  * mention the fix revision(s).\n  * state whether the bug was a short-lived regression or an old bug in any stable releases.\n  * add any other useful information.\nThis information can help downstream consumers.\n\nIf you have questions for the OSS-Fuzz team, please file an issue at https://github.com/google/oss-fuzz/issues.",
                "timestamp": 1505939139
            },
            {
                "amendments": [
                    {
                        "fieldName": "Labels",
                        "newOrDeltaValue": "OS-Linux"
                    }
                ],
                "localId": 3447,
                "projectName": "oss-fuzz",
                "commenter": {
                    "displayName": "ClusterFuzz-External",
                    "userId": "382749006"
                },
                "sequenceNum": 1,
                "timestamp": 1505989789
            },
            {
                "localId": 3447,
                "projectName": "oss-fuzz",
                "commenter": {
                    "displayName": "ClusterFuzz-External",
                    "userId": "382749006"
                },
                "content": "ClusterFuzz has detected this issue as fixed in range 201709240519:201709250516.\n\nDetailed report: https://oss-fuzz.com/testcase?key=5564224854032384\n\nProject: librawspeed\nFuzzer: afl_librawspeed_TiffDecoderFuzzer-DngDecoder\nFuzz target binary: TiffDecoderFuzzer-DngDecoder\nJob Type: afl_asan_librawspeed\nPlatform Id: linux\n\nCrash Type: Heap-buffer-overflow READ 1\nCrash Address: 0x6080000000f0\nCrash State:\n  rawspeed::RawImageData::transferBadPixelsToMap\n  rawspeed::RawImageData::fixBadPixels\n  rawspeed::RawDecoder::decodeRaw\n  \nSanitizer: address (ASAN)\n\nRecommended Security Severity: Medium\n\nRegressed: https://oss-fuzz.com/revisions?job=afl_asan_librawspeed&range=201709020515:201709040516\nFixed: https://oss-fuzz.com/revisions?job=afl_asan_librawspeed&range=201709240519:201709250516\n\nReproducer Testcase: https://oss-fuzz.com/download?testcase_id=5564224854032384\n\nSee https://github.com/google/oss-fuzz/blob/master/docs/reproducing.md for more information.\n\nIf you suspect that the result above is incorrect, try re-doing that job on the test case report page.",
                "sequenceNum": 2,
                "timestamp": 1506323248
            },
            {
                "amendments": [
                    {
                        "fieldName": "Status",
                        "oldValue": "New",
                        "newOrDeltaValue": "Verified"
                    },
                    {
                        "fieldName": "Labels",
                        "newOrDeltaValue": "ClusterFuzz-Verified"
                    }
                ],
                "localId": 3447,
                "projectName": "oss-fuzz",
                "commenter": {
                    "displayName": "ClusterFuzz-External",
                    "userId": "382749006"
                },
                "content": "ClusterFuzz testcase 5564224854032384 is verified as fixed, so closing issue as verified.\n\nIf this is incorrect, please file a bug on https://github.com/google/oss-fuzz/issues/new",
                "sequenceNum": 3,
                "timestamp": 1506335246
            },
            {
                "amendments": [
                    {
                        "fieldName": "Labels",
                        "newOrDeltaValue": "-restrict-view-commit"
                    }
                ],
                "localId": 3447,
                "projectName": "oss-fuzz",
                "commenter": {
                    "displayName": "sheriffbot@chromium.org",
                    "userId": "4164592774"
                },
                "content": "This bug has been fixed for 30 days. It has been opened to the public.\n\n- Your friendly Sheriffbot",
                "sequenceNum": 4,
                "timestamp": 1508936755
            }
        ]
    },
    "fix_commit": "78846115eaaa0ad13bb36ab87b5d6be2ebd2dc02",
    "repo_addr": "https://github.com/darktable-org/rawspeed.git"
}