{
    "localId": 3497,
    "project": "librawspeed",
    "fix": "https://github.com/darktable-org/rawspeed/commit/17da9a6520335c5548f7dc42dc66fb8b421cdf66",
    "verify": "0",
    "fuzzer": "libfuzzer",
    "sanitizer": "msan",
    "crash_type": "Use-of-uninitialized-value",
    "severity": "Medium",
    "report": {
        "comments": [
            {
                "localId": 3497,
                "descriptionNum": 1,
                "projectName": "oss-fuzz",
                "commenter": {
                    "displayName": "ClusterFuzz-External",
                    "userId": "382749006"
                },
                "content": "Detailed report: https://oss-fuzz.com/testcase?key=5848500820508672\n\nProject: librawspeed\nFuzzer: libFuzzer_librawspeed_TiffParserFuzzer-GetDecoder-Decode\nFuzz target binary: TiffParserFuzzer-GetDecoder-Decode\nJob Type: libfuzzer_msan_librawspeed\nPlatform Id: linux\n\nCrash Type: Use-of-uninitialized-value\nCrash Address: \nCrash State:\n  rawspeed::RawImageData::checkMemIsInitialized\n  rawspeed::RawDecoder::decodeRaw\n  _start\n  \nSanitizer: memory (MSAN)\n\nRecommended Security Severity: Medium\n\nRegressed: https://oss-fuzz.com/revisions?job=libfuzzer_msan_librawspeed&range=201709130518:201709140521\n\nReproducer Testcase: https://oss-fuzz.com/download?testcase_id=5848500820508672\n\nIssue filed automatically.\n\nSee https://github.com/google/oss-fuzz/blob/master/docs/reproducing.md for more information.\n\nThis bug is subject to a 90 day disclosure deadline. If 90 days elapse\nwithout an upstream patch, then the bug report will automatically\nbecome visible to the public.\n\nWhen you fix this bug, please\n  * mention the fix revision(s).\n  * state whether the bug was a short-lived regression or an old bug in any stable releases.\n  * add any other useful information.\nThis information can help downstream consumers.\n\nIf you have questions for the OSS-Fuzz team, please file an issue at https://github.com/google/oss-fuzz/issues.",
                "timestamp": 1506509966
            },
            {
                "amendments": [
                    {
                        "fieldName": "Labels",
                        "newOrDeltaValue": "OS-Linux"
                    }
                ],
                "localId": 3497,
                "projectName": "oss-fuzz",
                "commenter": {
                    "displayName": "ClusterFuzz-External",
                    "userId": "382749006"
                },
                "sequenceNum": 1,
                "timestamp": 1506594855
            },
            {
                "amendments": [
                    {
                        "fieldName": "Labels",
                        "newOrDeltaValue": "ClusterFuzz-Top-Crash"
                    }
                ],
                "localId": 3497,
                "projectName": "oss-fuzz",
                "commenter": {
                    "displayName": "ClusterFuzz-External",
                    "userId": "382749006"
                },
                "content": "Testcase 5848500820508672 is a top crash on ClusterFuzz for linux platform. Please prioritize fixing this crash.\n\nIf this is incorrect, please file a bug on https://github.com/google/oss-fuzz/issues/new",
                "sequenceNum": 2,
                "timestamp": 1506594856
            },
            {
                "localId": 3497,
                "projectName": "oss-fuzz",
                "commenter": {
                    "displayName": "ClusterFuzz-External",
                    "userId": "382749006"
                },
                "content": "ClusterFuzz has detected this issue as fixed in range 201709280518:201709290515.\n\nDetailed report: https://oss-fuzz.com/testcase?key=5848500820508672\n\nProject: librawspeed\nFuzzer: libFuzzer_librawspeed_TiffParserFuzzer-GetDecoder-Decode\nFuzz target binary: TiffParserFuzzer-GetDecoder-Decode\nJob Type: libfuzzer_msan_librawspeed\nPlatform Id: linux\n\nCrash Type: Use-of-uninitialized-value\nCrash Address: \nCrash State:\n  rawspeed::RawImageData::checkMemIsInitialized\n  rawspeed::RawDecoder::decodeRaw\n  _start\n  \nSanitizer: memory (MSAN)\n\nRecommended Security Severity: Medium\n\nRegressed: https://oss-fuzz.com/revisions?job=libfuzzer_msan_librawspeed&range=201709130518:201709140521\nFixed: https://oss-fuzz.com/revisions?job=libfuzzer_msan_librawspeed&range=201709280518:201709290515\n\nReproducer Testcase: https://oss-fuzz.com/download?testcase_id=5848500820508672\n\nSee https://github.com/google/oss-fuzz/blob/master/docs/reproducing.md for more information.\n\nIf you suspect that the result above is incorrect, try re-doing that job on the test case report page.",
                "sequenceNum": 3,
                "timestamp": 1506668630
            },
            {
                "amendments": [
                    {
                        "fieldName": "Status",
                        "oldValue": "New",
                        "newOrDeltaValue": "Verified"
                    },
                    {
                        "fieldName": "Labels",
                        "newOrDeltaValue": "ClusterFuzz-Verified"
                    }
                ],
                "localId": 3497,
                "projectName": "oss-fuzz",
                "commenter": {
                    "displayName": "ClusterFuzz-External",
                    "userId": "382749006"
                },
                "content": "ClusterFuzz testcase 5848500820508672 is verified as fixed, so closing issue as verified.\n\nIf this is incorrect, please file a bug on https://github.com/google/oss-fuzz/issues/new",
                "sequenceNum": 4,
                "timestamp": 1506681319
            },
            {
                "amendments": [
                    {
                        "fieldName": "Labels",
                        "newOrDeltaValue": "-restrict-view-commit"
                    }
                ],
                "localId": 3497,
                "projectName": "oss-fuzz",
                "commenter": {
                    "displayName": "sheriffbot@chromium.org",
                    "userId": "4164592774"
                },
                "content": "This bug has been fixed for 30 days. It has been opened to the public.\n\n- Your friendly Sheriffbot",
                "sequenceNum": 5,
                "timestamp": 1509282278
            }
        ]
    },
    "fix_commit": "17da9a6520335c5548f7dc42dc66fb8b421cdf66",
    "repo_addr": "https://github.com/darktable-org/rawspeed.git"
}