{
    "localId": 3530,
    "project": "librawspeed",
    "fix": "https://github.com/darktable-org/rawspeed/commit/1771ccd2ae924ad6e2c3ac25f0f599acfcde28d1",
    "verify": "0",
    "fuzzer": "afl",
    "sanitizer": "asan",
    "crash_type": "Use-after-poison READ 2",
    "severity": "High",
    "report": {
        "comments": [
            {
                "localId": 3530,
                "descriptionNum": 1,
                "projectName": "oss-fuzz",
                "commenter": {
                    "displayName": "ClusterFuzz-External",
                    "userId": "382749006"
                },
                "content": "Detailed report: https://oss-fuzz.com/testcase?key=6137765290835968\n\nProject: librawspeed\nFuzzer: afl_librawspeed_TiffDecoderFuzzer-SrwDecoder\nFuzz target binary: TiffDecoderFuzzer-SrwDecoder\nJob Type: afl_asan_librawspeed\nPlatform Id: linux\n\nCrash Type: Use-after-poison READ 2\nCrash Address: 0x7f82fdc6ff02\nCrash State:\n  void rawspeed::SamsungV2Decompressor::decompressRow<\n  rawspeed::SamsungV2Decompressor::decompress\n  rawspeed::SrwDecoder::decodeRawInternal\n  \nSanitizer: address (ASAN)\n\nRecommended Security Severity: High\n\nRegressed: https://oss-fuzz.com/revisions?job=afl_asan_librawspeed&range=201708291830:201708300032\n\nReproducer Testcase: https://oss-fuzz.com/download?testcase_id=6137765290835968\n\nIssue filed automatically.\n\nSee https://github.com/google/oss-fuzz/blob/master/docs/reproducing.md for more information.\n\nThis bug is subject to a 90 day disclosure deadline. If 90 days elapse\nwithout an upstream patch, then the bug report will automatically\nbecome visible to the public.\n\nWhen you fix this bug, please\n  * mention the fix revision(s).\n  * state whether the bug was a short-lived regression or an old bug in any stable releases.\n  * add any other useful information.\nThis information can help downstream consumers.\n\nIf you have questions for the OSS-Fuzz team, please file an issue at https://github.com/google/oss-fuzz/issues.",
                "timestamp": 1506857258
            },
            {
                "amendments": [
                    {
                        "fieldName": "Labels",
                        "newOrDeltaValue": "OS-Linux"
                    }
                ],
                "localId": 3530,
                "projectName": "oss-fuzz",
                "commenter": {
                    "displayName": "ClusterFuzz-External",
                    "userId": "382749006"
                },
                "sequenceNum": 1,
                "timestamp": 1506940748
            },
            {
                "amendments": [
                    {
                        "fieldName": "Labels",
                        "newOrDeltaValue": "ClusterFuzz-Top-Crash"
                    }
                ],
                "localId": 3530,
                "projectName": "oss-fuzz",
                "commenter": {
                    "displayName": "ClusterFuzz-External",
                    "userId": "382749006"
                },
                "content": "Testcase 6137765290835968 is a top crash on ClusterFuzz for linux platform. Please prioritize fixing this crash.\n\nIf this is incorrect, please file a bug on https://github.com/google/oss-fuzz/issues/new",
                "sequenceNum": 2,
                "timestamp": 1506940748
            },
            {
                "localId": 3530,
                "projectName": "oss-fuzz",
                "commenter": {
                    "displayName": "ClusterFuzz-External",
                    "userId": "382749006"
                },
                "content": "ClusterFuzz has detected this issue as fixed in range 201710020519:201710030511.\n\nDetailed report: https://oss-fuzz.com/testcase?key=6137765290835968\n\nProject: librawspeed\nFuzzer: afl_librawspeed_TiffDecoderFuzzer-SrwDecoder\nFuzz target binary: TiffDecoderFuzzer-SrwDecoder\nJob Type: afl_asan_librawspeed\nPlatform Id: linux\n\nCrash Type: Use-after-poison READ 2\nCrash Address: 0x7f82fdc6ff02\nCrash State:\n  void rawspeed::SamsungV2Decompressor::decompressRow<\n  rawspeed::SamsungV2Decompressor::decompress\n  rawspeed::SrwDecoder::decodeRawInternal\n  \nSanitizer: address (ASAN)\n\nRecommended Security Severity: High\n\nRegressed: https://oss-fuzz.com/revisions?job=afl_asan_librawspeed&range=201708291830:201708300032\nFixed: https://oss-fuzz.com/revisions?job=afl_asan_librawspeed&range=201710020519:201710030511\n\nReproducer Testcase: https://oss-fuzz.com/download?testcase_id=6137765290835968\n\nSee https://github.com/google/oss-fuzz/blob/master/docs/reproducing.md for more information.\n\nIf you suspect that the result above is incorrect, try re-doing that job on the test case report page.",
                "sequenceNum": 3,
                "timestamp": 1507031038
            },
            {
                "amendments": [
                    {
                        "fieldName": "Status",
                        "oldValue": "New",
                        "newOrDeltaValue": "Verified"
                    },
                    {
                        "fieldName": "Labels",
                        "newOrDeltaValue": "ClusterFuzz-Verified"
                    }
                ],
                "localId": 3530,
                "projectName": "oss-fuzz",
                "commenter": {
                    "displayName": "ClusterFuzz-External",
                    "userId": "382749006"
                },
                "content": "ClusterFuzz testcase 6137765290835968 is verified as fixed, so closing issue as verified.\n\nIf this is incorrect, please file a bug on https://github.com/google/oss-fuzz/issues/new",
                "sequenceNum": 4,
                "timestamp": 1507032167
            },
            {
                "amendments": [
                    {
                        "fieldName": "Labels",
                        "newOrDeltaValue": "-restrict-view-commit"
                    }
                ],
                "localId": 3530,
                "projectName": "oss-fuzz",
                "commenter": {
                    "displayName": "sheriffbot@chromium.org",
                    "userId": "4164592774"
                },
                "content": "This bug has been fixed for 30 days. It has been opened to the public.\n\n- Your friendly Sheriffbot",
                "sequenceNum": 5,
                "timestamp": 1509627922
            },
            {
                "amendments": [
                    {
                        "fieldName": "Labels",
                        "newOrDeltaValue": "Security_Severity-High"
                    }
                ],
                "localId": 3530,
                "projectName": "oss-fuzz",
                "commenter": {
                    "displayName": "metzman@chromium.org",
                    "userId": "2965673606"
                },
                "sequenceNum": 6,
                "timestamp": 1551718553
            }
        ]
    },
    "fix_commit": "1771ccd2ae924ad6e2c3ac25f0f599acfcde28d1",
    "repo_addr": "https://github.com/darktable-org/rawspeed.git"
}