{
    "localId": 4221,
    "project": "librawspeed",
    "fix": "https://github.com/darktable-org/rawspeed/commit/6e9f2d3c6ce6c4eae32b2d9c228a76e262edd52d",
    "verify": "0",
    "fuzzer": "libfuzzer",
    "sanitizer": "asan",
    "crash_type": "Heap-buffer-overflow READ 1",
    "severity": "Medium",
    "report": {
        "comments": [
            {
                "localId": 4221,
                "descriptionNum": 1,
                "projectName": "oss-fuzz",
                "commenter": {
                    "displayName": "ClusterFuzz-External",
                    "userId": "382749006"
                },
                "content": "Detailed report: https://oss-fuzz.com/testcase?key=5659211817025536\n\nProject: librawspeed\nFuzzer: libFuzzer_librawspeed_TiffDecoderFuzzer-NefDecoder\nFuzz target binary: TiffDecoderFuzzer-NefDecoder\nJob Type: libfuzzer_asan_librawspeed\nPlatform Id: linux\n\nCrash Type: Heap-buffer-overflow READ 1\nCrash Address: 0x6190000009a6\nCrash State:\n  rawspeed::NefDecoder::decodeMetaDataInternal\n  rawspeed::RawDecoder::decodeMetaData\n  _start\n  \nSanitizer: address (ASAN)\n\nRecommended Security Severity: Medium\n\nRegressed: https://oss-fuzz.com/revisions?job=libfuzzer_asan_librawspeed&range=201707310503:201708010503\n\nReproducer Testcase: https://oss-fuzz.com/download?testcase_id=5659211817025536\n\nIssue filed automatically.\n\nSee https://github.com/google/oss-fuzz/blob/master/docs/reproducing.md for more information.\n\nThis bug is subject to a 90 day disclosure deadline. If 90 days elapse\nwithout an upstream patch, then the bug report will automatically\nbecome visible to the public.\n\nWhen you fix this bug, please\n  * mention the fix revision(s).\n  * state whether the bug was a short-lived regression or an old bug in any stable releases.\n  * add any other useful information.\nThis information can help downstream consumers.\n\nIf you have questions for the OSS-Fuzz team, please file an issue at https://github.com/google/oss-fuzz/issues.",
                "timestamp": 1510738244
            },
            {
                "amendments": [
                    {
                        "fieldName": "Labels",
                        "newOrDeltaValue": "ClusterFuzz-Top-Crash"
                    }
                ],
                "localId": 4221,
                "projectName": "oss-fuzz",
                "commenter": {
                    "displayName": "ClusterFuzz-External",
                    "userId": "382749006"
                },
                "content": "Testcase 5659211817025536 is a top crash on ClusterFuzz for linux platform. Please prioritize fixing this crash.\n\nIf this is incorrect, please file a bug on https://github.com/google/oss-fuzz/issues/new",
                "sequenceNum": 1,
                "timestamp": 1510739710
            },
            {
                "localId": 4221,
                "projectName": "oss-fuzz",
                "commenter": {
                    "displayName": "ClusterFuzz-External",
                    "userId": "382749006"
                },
                "content": "ClusterFuzz has detected this issue as fixed in range 201711150637:201711160644.\n\nDetailed report: https://oss-fuzz.com/testcase?key=5659211817025536\n\nProject: librawspeed\nFuzzer: libFuzzer_librawspeed_TiffDecoderFuzzer-NefDecoder\nFuzz target binary: TiffDecoderFuzzer-NefDecoder\nJob Type: libfuzzer_asan_librawspeed\nPlatform Id: linux\n\nCrash Type: Heap-buffer-overflow READ 1\nCrash Address: 0x6190000009a6\nCrash State:\n  rawspeed::NefDecoder::decodeMetaDataInternal\n  rawspeed::RawDecoder::decodeMetaData\n  _start\n  \nSanitizer: address (ASAN)\n\nRecommended Security Severity: Medium\n\nRegressed: https://oss-fuzz.com/revisions?job=libfuzzer_asan_librawspeed&range=201707310503:201708010503\nFixed: https://oss-fuzz.com/revisions?job=libfuzzer_asan_librawspeed&range=201711150637:201711160644\n\nReproducer Testcase: https://oss-fuzz.com/download?testcase_id=5659211817025536\n\nSee https://github.com/google/oss-fuzz/blob/master/docs/reproducing.md for more information.\n\nIf you suspect that the result above is incorrect, try re-doing that job on the test case report page.",
                "sequenceNum": 2,
                "timestamp": 1510819536
            },
            {
                "amendments": [
                    {
                        "fieldName": "Status",
                        "oldValue": "New",
                        "newOrDeltaValue": "Verified"
                    },
                    {
                        "fieldName": "Labels",
                        "newOrDeltaValue": "ClusterFuzz-Verified"
                    }
                ],
                "localId": 4221,
                "projectName": "oss-fuzz",
                "commenter": {
                    "displayName": "ClusterFuzz-External",
                    "userId": "382749006"
                },
                "content": "ClusterFuzz testcase 5659211817025536 is verified as fixed, so closing issue as verified.\n\nIf this is incorrect, please file a bug on https://github.com/google/oss-fuzz/issues/new",
                "sequenceNum": 3,
                "timestamp": 1510834250
            },
            {
                "amendments": [
                    {
                        "fieldName": "Labels",
                        "newOrDeltaValue": "-restrict-view-commit"
                    }
                ],
                "localId": 4221,
                "projectName": "oss-fuzz",
                "commenter": {
                    "displayName": "sheriffbot@chromium.org",
                    "userId": "4164592774"
                },
                "content": "This bug has been fixed for 30 days. It has been opened to the public.\n\n- Your friendly Sheriffbot",
                "sequenceNum": 4,
                "timestamp": 1513433216
            }
        ]
    },
    "fix_commit": "6e9f2d3c6ce6c4eae32b2d9c228a76e262edd52d",
    "repo_addr": "https://github.com/darktable-org/rawspeed.git"
}