{
    "localId": 4511,
    "project": "librawspeed",
    "fix": "https://github.com/darktable-org/rawspeed/commit/b08b150e21a096e49f56dc044537295991986fa4",
    "verify": "0",
    "fuzzer": "afl",
    "sanitizer": "asan",
    "crash_type": "Heap-buffer-overflow WRITE {*}",
    "severity": "High",
    "report": {
        "comments": [
            {
                "localId": 4511,
                "descriptionNum": 1,
                "projectName": "oss-fuzz",
                "commenter": {
                    "displayName": "ClusterFuzz-External",
                    "userId": "382749006"
                },
                "content": "Detailed report: https://oss-fuzz.com/testcase?key=4816034927214592\n\nProject: librawspeed\nFuzzer: afl_librawspeed_PanasonicDecompressorFuzzer\nFuzz target binary: PanasonicDecompressorFuzzer\nJob Type: afl_asan_librawspeed\nPlatform Id: linux\n\nCrash Type: Heap-buffer-overflow WRITE {*}\nCrash Address: 0x62900000e204\nCrash State:\n  rawspeed::PanasonicDecompressor::PanaBitpump::getBits\n  rawspeed::PanasonicDecompressor::decompressThreaded\n  rawspeed::RawDecompressorThread::start_routine\n  \nSanitizer: address (ASAN)\n\nRecommended Security Severity: High\n\nRegressed: https://oss-fuzz.com/revisions?job=afl_asan_librawspeed&range=201711230639:201711240641\n\nReproducer Testcase: https://oss-fuzz.com/download?testcase_id=4816034927214592\n\nIssue filed automatically.\n\nSee https://github.com/google/oss-fuzz/blob/master/docs/reproducing.md for more information.\n\nThis bug is subject to a 90 day disclosure deadline. If 90 days elapse\nwithout an upstream patch, then the bug report will automatically\nbecome visible to the public.\n\nWhen you fix this bug, please\n  * mention the fix revision(s).\n  * state whether the bug was a short-lived regression or an old bug in any stable releases.\n  * add any other useful information.\nThis information can help downstream consumers.\n\nIf you have questions for the OSS-Fuzz team, please file an issue at https://github.com/google/oss-fuzz/issues.",
                "timestamp": 1512266427
            },
            {
                "amendments": [
                    {
                        "fieldName": "Labels",
                        "newOrDeltaValue": "OS-Linux"
                    }
                ],
                "localId": 4511,
                "projectName": "oss-fuzz",
                "commenter": {
                    "displayName": "ClusterFuzz-External",
                    "userId": "382749006"
                },
                "sequenceNum": 1,
                "timestamp": 1512266470
            },
            {
                "localId": 4511,
                "projectName": "oss-fuzz",
                "commenter": {
                    "displayName": "ClusterFuzz-External",
                    "userId": "382749006"
                },
                "content": "ClusterFuzz has detected this issue as fixed in range 201712030636:201712040643.\n\nDetailed report: https://oss-fuzz.com/testcase?key=4816034927214592\n\nProject: librawspeed\nFuzzer: afl_librawspeed_PanasonicDecompressorFuzzer\nFuzz target binary: PanasonicDecompressorFuzzer\nJob Type: afl_asan_librawspeed\nPlatform Id: linux\n\nCrash Type: Heap-buffer-overflow WRITE {*}\nCrash Address: 0x62900000e204\nCrash State:\n  rawspeed::PanasonicDecompressor::PanaBitpump::getBits\n  rawspeed::PanasonicDecompressor::decompressThreaded\n  rawspeed::RawDecompressorThread::start_routine\n  \nSanitizer: address (ASAN)\n\nRecommended Security Severity: High\n\nRegressed: https://oss-fuzz.com/revisions?job=afl_asan_librawspeed&range=201711230639:201711240641\nFixed: https://oss-fuzz.com/revisions?job=afl_asan_librawspeed&range=201712030636:201712040643\n\nReproducer Testcase: https://oss-fuzz.com/download?testcase_id=4816034927214592\n\nSee https://github.com/google/oss-fuzz/blob/master/docs/reproducing.md for more information.\n\nIf you suspect that the result above is incorrect, try re-doing that job on the test case report page.",
                "sequenceNum": 2,
                "timestamp": 1512374596
            },
            {
                "amendments": [
                    {
                        "fieldName": "Status",
                        "oldValue": "New",
                        "newOrDeltaValue": "Verified"
                    },
                    {
                        "fieldName": "Labels",
                        "newOrDeltaValue": "ClusterFuzz-Verified"
                    }
                ],
                "localId": 4511,
                "projectName": "oss-fuzz",
                "commenter": {
                    "displayName": "ClusterFuzz-External",
                    "userId": "382749006"
                },
                "content": "ClusterFuzz testcase 4816034927214592 is verified as fixed, so closing issue as verified.\n\nIf this is incorrect, please file a bug on https://github.com/google/oss-fuzz/issues/new",
                "sequenceNum": 3,
                "timestamp": 1512375042
            },
            {
                "amendments": [
                    {
                        "fieldName": "Labels",
                        "newOrDeltaValue": "-restrict-view-commit"
                    }
                ],
                "localId": 4511,
                "projectName": "oss-fuzz",
                "commenter": {
                    "displayName": "sheriffbot@chromium.org",
                    "userId": "4164592774"
                },
                "content": "This bug has been fixed for 30 days. It has been opened to the public.\n\n- Your friendly Sheriffbot",
                "sequenceNum": 4,
                "timestamp": 1514988320
            },
            {
                "amendments": [
                    {
                        "fieldName": "Labels",
                        "newOrDeltaValue": "Security_Severity-High"
                    }
                ],
                "localId": 4511,
                "projectName": "oss-fuzz",
                "commenter": {
                    "displayName": "metzman@chromium.org",
                    "userId": "2965673606"
                },
                "sequenceNum": 5,
                "timestamp": 1551718561
            }
        ]
    },
    "fix_commit": "b08b150e21a096e49f56dc044537295991986fa4",
    "repo_addr": "https://github.com/darktable-org/rawspeed.git"
}