{
    "localId": 4812,
    "project": "librawspeed",
    "fix": "https://github.com/darktable-org/rawspeed/commit/2d8507d1909829e9151fac73ffc0d20f691f558c",
    "verify": "0",
    "fuzzer": "afl",
    "sanitizer": "asan",
    "crash_type": "Use-after-poison WRITE 2",
    "severity": "High",
    "report": {
        "comments": [
            {
                "localId": 4812,
                "descriptionNum": 1,
                "projectName": "oss-fuzz",
                "commenter": {
                    "displayName": "ClusterFuzz-External",
                    "userId": "382749006"
                },
                "content": "Detailed report: https://oss-fuzz.com/testcase?key=4669760378765312\n\nProject: librawspeed\nFuzzer: afl_librawspeed_FujiDecompressorFuzzer\nFuzz target binary: FujiDecompressorFuzzer\nJob Type: afl_asan_librawspeed\nPlatform Id: linux\n\nCrash Type: Use-after-poison WRITE 2\nCrash Address: 0x7fb08df77800\nCrash State:\n  rawspeed::FujiDecompressor::copy_line_to_xtrans\n  rawspeed::FujiDecompressor::fuji_decode_strip\n  rawspeed::FujiDecompressor::decompressThreaded\n  \nSanitizer: address (ASAN)\n\nRecommended Security Severity: High\n\nRegressed: https://oss-fuzz.com/revisions?job=afl_asan_librawspeed&range=201711230639:201711240641\n\nReproducer Testcase: https://oss-fuzz.com/download?testcase_id=4669760378765312\n\nIssue filed automatically.\n\nSee https://github.com/google/oss-fuzz/blob/master/docs/reproducing.md for more information.\n\nThis bug is subject to a 90 day disclosure deadline. If 90 days elapse\nwithout an upstream patch, then the bug report will automatically\nbecome visible to the public.\n\nWhen you fix this bug, please\n  * mention the fix revision(s).\n  * state whether the bug was a short-lived regression or an old bug in any stable releases.\n  * add any other useful information.\nThis information can help downstream consumers.\n\nIf you have questions for the OSS-Fuzz team, please file an issue at https://github.com/google/oss-fuzz/issues.",
                "timestamp": 1514380781
            },
            {
                "amendments": [
                    {
                        "fieldName": "Labels",
                        "newOrDeltaValue": "OS-Linux"
                    }
                ],
                "localId": 4812,
                "projectName": "oss-fuzz",
                "commenter": {
                    "displayName": "ClusterFuzz-External",
                    "userId": "382749006"
                },
                "sequenceNum": 1,
                "timestamp": 1514381219
            },
            {
                "localId": 4812,
                "projectName": "oss-fuzz",
                "commenter": {
                    "displayName": "ClusterFuzz-External",
                    "userId": "382749006"
                },
                "content": "ClusterFuzz has detected this issue as fixed in range 201712270645:201712280641.\n\nDetailed report: https://oss-fuzz.com/testcase?key=4669760378765312\n\nProject: librawspeed\nFuzzer: afl_librawspeed_FujiDecompressorFuzzer\nFuzz target binary: FujiDecompressorFuzzer\nJob Type: afl_asan_librawspeed\nPlatform Id: linux\n\nCrash Type: Use-after-poison WRITE 2\nCrash Address: 0x7fb08df77800\nCrash State:\n  rawspeed::FujiDecompressor::copy_line_to_xtrans\n  rawspeed::FujiDecompressor::fuji_decode_strip\n  rawspeed::FujiDecompressor::decompressThreaded\n  \nSanitizer: address (ASAN)\n\nRecommended Security Severity: High\n\nRegressed: https://oss-fuzz.com/revisions?job=afl_asan_librawspeed&range=201711230639:201711240641\nFixed: https://oss-fuzz.com/revisions?job=afl_asan_librawspeed&range=201712270645:201712280641\n\nReproducer Testcase: https://oss-fuzz.com/download?testcase_id=4669760378765312\n\nSee https://github.com/google/oss-fuzz/blob/master/docs/reproducing.md for more information.\n\nIf you suspect that the result above is incorrect, try re-doing that job on the test case report page.",
                "sequenceNum": 2,
                "timestamp": 1514448371
            },
            {
                "amendments": [
                    {
                        "fieldName": "Status",
                        "oldValue": "New",
                        "newOrDeltaValue": "Verified"
                    },
                    {
                        "fieldName": "Labels",
                        "newOrDeltaValue": "ClusterFuzz-Verified"
                    }
                ],
                "localId": 4812,
                "projectName": "oss-fuzz",
                "commenter": {
                    "displayName": "ClusterFuzz-External",
                    "userId": "382749006"
                },
                "content": "ClusterFuzz testcase 4669760378765312 is verified as fixed, so closing issue as verified.\n\nIf this is incorrect, please file a bug on https://github.com/google/oss-fuzz/issues/new",
                "sequenceNum": 3,
                "timestamp": 1514448739
            },
            {
                "amendments": [
                    {
                        "fieldName": "Labels",
                        "newOrDeltaValue": "-restrict-view-commit"
                    }
                ],
                "localId": 4812,
                "projectName": "oss-fuzz",
                "commenter": {
                    "displayName": "sheriffbot@chromium.org",
                    "userId": "4164592774"
                },
                "content": "This bug has been fixed for 30 days. It has been opened to the public.\n\n- Your friendly Sheriffbot",
                "sequenceNum": 4,
                "timestamp": 1518134397
            },
            {
                "amendments": [
                    {
                        "fieldName": "Labels",
                        "newOrDeltaValue": "Security_Severity-High"
                    }
                ],
                "localId": 4812,
                "projectName": "oss-fuzz",
                "commenter": {
                    "displayName": "metzman@chromium.org",
                    "userId": "2965673606"
                },
                "sequenceNum": 5,
                "timestamp": 1551718564
            }
        ]
    },
    "fix_commit": "2d8507d1909829e9151fac73ffc0d20f691f558c",
    "repo_addr": "https://github.com/darktable-org/rawspeed.git"
}