{
    "localId": 4822,
    "project": "librawspeed",
    "fix": "https://github.com/darktable-org/rawspeed/commit/404b736883726778fd8d99776d0c28652394711d",
    "verify": "0",
    "fuzzer": "afl",
    "sanitizer": "asan",
    "crash_type": "Unknown-crash READ 8",
    "report": {
        "comments": [
            {
                "localId": 4822,
                "descriptionNum": 1,
                "projectName": "oss-fuzz",
                "commenter": {
                    "displayName": "ClusterFuzz-External",
                    "userId": "382749006"
                },
                "content": "Detailed report: https://oss-fuzz.com/testcase?key=4838595543171072\n\nProject: librawspeed\nFuzzer: afl_librawspeed_FujiDecompressorFuzzer\nFuzz target binary: FujiDecompressorFuzzer\nJob Type: afl_asan_librawspeed\nPlatform Id: linux\n\nCrash Type: Unknown-crash READ 8\nCrash Address: 0x000000000006\nCrash State:\n  rawspeed::FujiDecompressor::copy_line_to_xtrans\n  rawspeed::FujiDecompressor::fuji_decode_strip\n  rawspeed::FujiDecompressor::decompressThreaded\n  \nSanitizer: address (ASAN)\n\nRegressed: https://oss-fuzz.com/revisions?job=afl_asan_librawspeed&range=201711230639:201711240641\n\nReproducer Testcase: https://oss-fuzz.com/download?testcase_id=4838595543171072\n\nIssue filed automatically.\n\nSee https://github.com/google/oss-fuzz/blob/master/docs/reproducing.md for more information.\n\nThis bug is subject to a 90 day disclosure deadline. If 90 days elapse\nwithout an upstream patch, then the bug report will automatically\nbecome visible to the public.\n\nWhen you fix this bug, please\n  * mention the fix revision(s).\n  * state whether the bug was a short-lived regression or an old bug in any stable releases.\n  * add any other useful information.\nThis information can help downstream consumers.\n\nIf you have questions for the OSS-Fuzz team, please file an issue at https://github.com/google/oss-fuzz/issues.",
                "timestamp": 1514462028
            },
            {
                "amendments": [
                    {
                        "fieldName": "Labels",
                        "newOrDeltaValue": "OS-Linux"
                    }
                ],
                "localId": 4822,
                "projectName": "oss-fuzz",
                "commenter": {
                    "displayName": "ClusterFuzz-External",
                    "userId": "382749006"
                },
                "sequenceNum": 1,
                "timestamp": 1514462366
            },
            {
                "localId": 4822,
                "projectName": "oss-fuzz",
                "commenter": {
                    "displayName": "ClusterFuzz-External",
                    "userId": "382749006"
                },
                "content": "ClusterFuzz has detected this issue as fixed in range 201712280641:201712290055.\n\nDetailed report: https://oss-fuzz.com/testcase?key=4838595543171072\n\nProject: librawspeed\nFuzzer: afl_librawspeed_FujiDecompressorFuzzer\nFuzz target binary: FujiDecompressorFuzzer\nJob Type: afl_asan_librawspeed\nPlatform Id: linux\n\nCrash Type: Unknown-crash READ 8\nCrash Address: 0x000000000006\nCrash State:\n  rawspeed::FujiDecompressor::copy_line_to_xtrans\n  rawspeed::FujiDecompressor::fuji_decode_strip\n  rawspeed::FujiDecompressor::decompressThreaded\n  \nSanitizer: address (ASAN)\n\nRegressed: https://oss-fuzz.com/revisions?job=afl_asan_librawspeed&range=201711230639:201711240641\nFixed: https://oss-fuzz.com/revisions?job=afl_asan_librawspeed&range=201712280641:201712290055\n\nReproducer Testcase: https://oss-fuzz.com/download?testcase_id=4838595543171072\n\nSee https://github.com/google/oss-fuzz/blob/master/docs/reproducing.md for more information.\n\nIf you suspect that the result above is incorrect, try re-doing that job on the test case report page.",
                "sequenceNum": 2,
                "timestamp": 1514534761
            },
            {
                "amendments": [
                    {
                        "fieldName": "Status",
                        "oldValue": "New",
                        "newOrDeltaValue": "Verified"
                    },
                    {
                        "fieldName": "Labels",
                        "newOrDeltaValue": "ClusterFuzz-Verified"
                    }
                ],
                "localId": 4822,
                "projectName": "oss-fuzz",
                "commenter": {
                    "displayName": "ClusterFuzz-External",
                    "userId": "382749006"
                },
                "content": "ClusterFuzz testcase 4838595543171072 is verified as fixed, so closing issue as verified.\n\nIf this is incorrect, please file a bug on https://github.com/google/oss-fuzz/issues/new",
                "sequenceNum": 3,
                "timestamp": 1514535310
            },
            {
                "amendments": [
                    {
                        "fieldName": "Labels",
                        "newOrDeltaValue": "-restrict-view-commit"
                    }
                ],
                "localId": 4822,
                "projectName": "oss-fuzz",
                "commenter": {
                    "displayName": "sheriffbot@chromium.org",
                    "userId": "4164592774"
                },
                "content": "This bug has been fixed for 30 days. It has been opened to the public.\n\n- Your friendly Sheriffbot",
                "sequenceNum": 4,
                "timestamp": 1518134401
            }
        ]
    },
    "fix_commit": "404b736883726778fd8d99776d0c28652394711d",
    "repo_addr": "https://github.com/darktable-org/rawspeed.git"
}