{
    "localId": 6796,
    "project": "librawspeed",
    "fix": "https://github.com/darktable-org/rawspeed/commit/98d3ec824f0b4e498b175fb937b4217319d01450",
    "verify": "0",
    "fuzzer": "libfuzzer",
    "sanitizer": "msan",
    "crash_type": "Use-of-uninitialized-value",
    "severity": "Medium",
    "report": {
        "comments": [
            {
                "localId": 6796,
                "descriptionNum": 1,
                "projectName": "oss-fuzz",
                "commenter": {
                    "displayName": "ClusterFuzz-External",
                    "userId": "382749006"
                },
                "content": "Detailed report: https://oss-fuzz.com/testcase?key=4903058250137600\n\nProject: librawspeed\nFuzzer: libFuzzer_librawspeed_TiffDecoderFuzzer-DngDecoder\nFuzz target binary: TiffDecoderFuzzer-DngDecoder\nJob Type: libfuzzer_msan_librawspeed\nPlatform Id: linux\n\nCrash Type: Use-of-uninitialized-value\nCrash Address: \nCrash State:\n  rawspeed::RawImageData::checkMemIsInitialized\n  rawspeed::RawDecoder::decodeRaw\n  rawspeed::alignedMalloc\n  \nSanitizer: memory (MSAN)\n\nRecommended Security Severity: Medium\n\nRegressed: https://oss-fuzz.com/revisions?job=libfuzzer_msan_librawspeed&range=201712160631:201712170645\n\nReproducer Testcase: https://oss-fuzz.com/download?testcase_id=4903058250137600\n\nIssue filed automatically.\n\nSee https://github.com/google/oss-fuzz/blob/master/docs/reproducing.md for more information.\n\nThis bug is subject to a 90 day disclosure deadline. If 90 days elapse\nwithout an upstream patch, then the bug report will automatically\nbecome visible to the public.\n\nWhen you fix this bug, please\n  * mention the fix revision(s).\n  * state whether the bug was a short-lived regression or an old bug in any stable releases.\n  * add any other useful information.\nThis information can help downstream consumers.\n\nIf you have questions for the OSS-Fuzz team, please file an issue at https://github.com/google/oss-fuzz/issues.",
                "timestamp": 1520556842
            },
            {
                "amendments": [
                    {
                        "fieldName": "Labels",
                        "newOrDeltaValue": "OS-Linux"
                    }
                ],
                "localId": 6796,
                "projectName": "oss-fuzz",
                "commenter": {
                    "displayName": "ClusterFuzz-External",
                    "userId": "382749006"
                },
                "sequenceNum": 1,
                "timestamp": 1520557091
            },
            {
                "localId": 6796,
                "projectName": "oss-fuzz",
                "commenter": {
                    "displayName": "ClusterFuzz-External",
                    "userId": "382749006"
                },
                "content": "ClusterFuzz has detected this issue as fixed in range 201803090733:201803100734.\n\nDetailed report: https://oss-fuzz.com/testcase?key=4903058250137600\n\nProject: librawspeed\nFuzzer: libFuzzer_librawspeed_TiffDecoderFuzzer-DngDecoder\nFuzz target binary: TiffDecoderFuzzer-DngDecoder\nJob Type: libfuzzer_msan_librawspeed\nPlatform Id: linux\n\nCrash Type: Use-of-uninitialized-value\nCrash Address: \nCrash State:\n  rawspeed::RawImageData::checkMemIsInitialized\n  rawspeed::RawDecoder::decodeRaw\n  rawspeed::alignedMalloc\n  \nSanitizer: memory (MSAN)\n\nRecommended Security Severity: Medium\n\nRegressed: https://oss-fuzz.com/revisions?job=libfuzzer_msan_librawspeed&range=201712160631:201712170645\nFixed: https://oss-fuzz.com/revisions?job=libfuzzer_msan_librawspeed&range=201803090733:201803100734\n\nReproducer Testcase: https://oss-fuzz.com/download?testcase_id=4903058250137600\n\nSee https://github.com/google/oss-fuzz/blob/master/docs/reproducing.md for more information.\n\nIf you suspect that the result above is incorrect, try re-doing that job on the test case report page.",
                "sequenceNum": 2,
                "timestamp": 1520669018
            },
            {
                "amendments": [
                    {
                        "fieldName": "Status",
                        "oldValue": "New",
                        "newOrDeltaValue": "Verified"
                    },
                    {
                        "fieldName": "Labels",
                        "newOrDeltaValue": "ClusterFuzz-Verified"
                    }
                ],
                "localId": 6796,
                "projectName": "oss-fuzz",
                "commenter": {
                    "displayName": "ClusterFuzz-External",
                    "userId": "382749006"
                },
                "content": "ClusterFuzz testcase 4903058250137600 is verified as fixed, so closing issue as verified.\n\nIf this is incorrect, please file a bug on https://github.com/google/oss-fuzz/issues/new",
                "sequenceNum": 3,
                "timestamp": 1520669809
            },
            {
                "amendments": [
                    {
                        "fieldName": "Labels",
                        "newOrDeltaValue": "-restrict-view-commit"
                    }
                ],
                "localId": 6796,
                "projectName": "oss-fuzz",
                "commenter": {
                    "displayName": "sheriffbot@chromium.org",
                    "userId": "4164592774"
                },
                "content": "This bug has been fixed for 30 days. It has been opened to the public.\n\n- Your friendly Sheriffbot",
                "sequenceNum": 4,
                "timestamp": 1523287296
            }
        ]
    },
    "fix_commit": "98d3ec824f0b4e498b175fb937b4217319d01450",
    "repo_addr": "https://github.com/darktable-org/rawspeed.git"
}