{
    "localId": 6899,
    "project": "librawspeed",
    "fix": "https://github.com/darktable-org/rawspeed/commit/87c26094076a8d93e3efcbb114c6b4e1c4904254",
    "verify": "0",
    "fuzzer": "afl",
    "sanitizer": "asan",
    "crash_type": "Use-after-poison WRITE 2",
    "severity": "High",
    "report": {
        "comments": [
            {
                "localId": 6899,
                "descriptionNum": 1,
                "projectName": "oss-fuzz",
                "commenter": {
                    "displayName": "ClusterFuzz-External",
                    "userId": "382749006"
                },
                "content": "Detailed report: https://oss-fuzz.com/testcase?key=5245683494813696\n\nProject: librawspeed\nFuzzer: afl_librawspeed_Cr2DecompressorFuzzer\nFuzz target binary: Cr2DecompressorFuzzer\nJob Type: afl_asan_librawspeed\nPlatform Id: linux\n\nCrash Type: Use-after-poison WRITE 2\nCrash Address: 0x634000000838\nCrash State:\n  rawspeed::unroll_loop_t<void rawspeed::Cr2Decompressor::decodeN_X_Y<4, 1, 1>\n  void rawspeed::Cr2Decompressor::decodeN_X_Y<4, 1, 1>\n  rawspeed::Cr2Decompressor::decodeScan\n  \nSanitizer: address (ASAN)\n\nRecommended Security Severity: High\n\nRegressed: https://oss-fuzz.com/revisions?job=afl_asan_librawspeed&range=201711230639:201711240641\n\nReproducer Testcase: https://oss-fuzz.com/download?testcase_id=5245683494813696\n\nIssue filed automatically.\n\nSee https://github.com/google/oss-fuzz/blob/master/docs/reproducing.md for more information.\n\nThis bug is subject to a 90 day disclosure deadline. If 90 days elapse\nwithout an upstream patch, then the bug report will automatically\nbecome visible to the public.\n\nWhen you fix this bug, please\n  * mention the fix revision(s).\n  * state whether the bug was a short-lived regression or an old bug in any stable releases.\n  * add any other useful information.\nThis information can help downstream consumers.\n\nIf you have questions for the OSS-Fuzz team, please file an issue at https://github.com/google/oss-fuzz/issues.",
                "timestamp": 1520983299
            },
            {
                "amendments": [
                    {
                        "fieldName": "Labels",
                        "newOrDeltaValue": "OS-Linux"
                    }
                ],
                "localId": 6899,
                "projectName": "oss-fuzz",
                "commenter": {
                    "displayName": "ClusterFuzz-External",
                    "userId": "382749006"
                },
                "sequenceNum": 1,
                "timestamp": 1520983342
            },
            {
                "localId": 6899,
                "projectName": "oss-fuzz",
                "commenter": {
                    "displayName": "ClusterFuzz-External",
                    "userId": "382749006"
                },
                "content": "ClusterFuzz has detected this issue as fixed in range 201803140624:201803150647.\n\nDetailed report: https://oss-fuzz.com/testcase?key=5245683494813696\n\nProject: librawspeed\nFuzzer: afl_librawspeed_Cr2DecompressorFuzzer\nFuzz target binary: Cr2DecompressorFuzzer\nJob Type: afl_asan_librawspeed\nPlatform Id: linux\n\nCrash Type: Use-after-poison WRITE 2\nCrash Address: 0x634000000838\nCrash State:\n  rawspeed::unroll_loop_t<void rawspeed::Cr2Decompressor::decodeN_X_Y<4, 1, 1>\n  void rawspeed::Cr2Decompressor::decodeN_X_Y<4, 1, 1>\n  rawspeed::Cr2Decompressor::decodeScan\n  \nSanitizer: address (ASAN)\n\nRecommended Security Severity: High\n\nRegressed: https://oss-fuzz.com/revisions?job=afl_asan_librawspeed&range=201711230639:201711240641\nFixed: https://oss-fuzz.com/revisions?job=afl_asan_librawspeed&range=201803140624:201803150647\n\nReproducer Testcase: https://oss-fuzz.com/download?testcase_id=5245683494813696\n\nSee https://github.com/google/oss-fuzz/blob/master/docs/reproducing.md for more information.\n\nIf you suspect that the result above is incorrect, try re-doing that job on the test case report page.",
                "sequenceNum": 2,
                "timestamp": 1521097391
            },
            {
                "amendments": [
                    {
                        "fieldName": "Status",
                        "oldValue": "New",
                        "newOrDeltaValue": "Verified"
                    },
                    {
                        "fieldName": "Labels",
                        "newOrDeltaValue": "ClusterFuzz-Verified"
                    }
                ],
                "localId": 6899,
                "projectName": "oss-fuzz",
                "commenter": {
                    "displayName": "ClusterFuzz-External",
                    "userId": "382749006"
                },
                "content": "ClusterFuzz testcase 5245683494813696 is verified as fixed, so closing issue as verified.\n\nIf this is incorrect, please file a bug on https://github.com/google/oss-fuzz/issues/new",
                "sequenceNum": 3,
                "timestamp": 1521098118
            },
            {
                "amendments": [
                    {
                        "fieldName": "Labels",
                        "newOrDeltaValue": "-restrict-view-commit"
                    }
                ],
                "localId": 6899,
                "projectName": "oss-fuzz",
                "commenter": {
                    "displayName": "sheriffbot@chromium.org",
                    "userId": "4164592774"
                },
                "content": "This bug has been fixed for 30 days. It has been opened to the public.\n\n- Your friendly Sheriffbot",
                "sequenceNum": 4,
                "timestamp": 1523719291
            },
            {
                "amendments": [
                    {
                        "fieldName": "Labels",
                        "newOrDeltaValue": "Security_Severity-High"
                    }
                ],
                "localId": 6899,
                "projectName": "oss-fuzz",
                "commenter": {
                    "displayName": "metzman@chromium.org",
                    "userId": "2965673606"
                },
                "sequenceNum": 5,
                "timestamp": 1551718576
            }
        ]
    },
    "fix_commit": "87c26094076a8d93e3efcbb114c6b4e1c4904254",
    "repo_addr": "https://github.com/darktable-org/rawspeed.git"
}