{
    "fix": "https://github.com/darktable-org/rawspeed/commit/bb585d942661d6e7173eb493c172a463e5378922",
    "verify": "0",
    "localId": 7171,
    "project": "librawspeed",
    "fuzzer": "libfuzzer",
    "sanitizer": "msan",
    "crash_type": "Use-of-uninitialized-value",
    "severity": "Medium",
    "report": {
        "comments": [
            {
                "projectName": "oss-fuzz",
                "localId": 7171,
                "commenter": {
                    "userId": "382749006",
                    "displayName": "ClusterFuzz-External"
                },
                "timestamp": 1522225079,
                "content": "Detailed report: https://oss-fuzz.com/testcase?key=5174454507274240\n\nProject: librawspeed\nFuzzer: libFuzzer_librawspeed_Cr2DecompressorFuzzer\nFuzz target binary: Cr2DecompressorFuzzer\nJob Type: libfuzzer_msan_librawspeed\nPlatform Id: linux\n\nCrash Type: Use-of-uninitialized-value\nCrash Address: \nCrash State:\n  rawspeed::RawImageData::checkMemIsInitialized\n  Cr2Decompressor.cpp\n  rawspeed::alignedMalloc\n  \nSanitizer: memory (MSAN)\n\nRecommended Security Severity: Medium\n\nRegressed: https://oss-fuzz.com/revisions?job=libfuzzer_msan_librawspeed&range=201803250650:201803260645\n\nReproducer Testcase: https://oss-fuzz.com/download?testcase_id=5174454507274240\n\nIssue filed automatically.\n\nSee https://github.com/google/oss-fuzz/blob/master/docs/reproducing.md for more information.\n\nThis bug is subject to a 90 day disclosure deadline. If 90 days elapse\nwithout an upstream patch, then the bug report will automatically\nbecome visible to the public.\n\nWhen you fix this bug, please\n  * mention the fix revision(s).\n  * state whether the bug was a short-lived regression or an old bug in any stable releases.\n  * add any other useful information.\nThis information can help downstream consumers.\n\nIf you have questions for the OSS-Fuzz team, please file an issue at https://github.com/google/oss-fuzz/issues.",
                "descriptionNum": 1
            },
            {
                "projectName": "oss-fuzz",
                "localId": 7171,
                "sequenceNum": 1,
                "commenter": {
                    "userId": "382749006",
                    "displayName": "ClusterFuzz-External"
                },
                "timestamp": 1522225365,
                "amendments": [
                    {
                        "fieldName": "Labels",
                        "newOrDeltaValue": "OS-Linux"
                    }
                ]
            },
            {
                "projectName": "oss-fuzz",
                "localId": 7171,
                "sequenceNum": 2,
                "commenter": {
                    "userId": "382749006",
                    "displayName": "ClusterFuzz-External"
                },
                "timestamp": 1522336086,
                "content": "ClusterFuzz has detected this issue as fixed in range 201803280644:201803290655.\n\nDetailed report: https://oss-fuzz.com/testcase?key=5174454507274240\n\nProject: librawspeed\nFuzzer: libFuzzer_librawspeed_Cr2DecompressorFuzzer\nFuzz target binary: Cr2DecompressorFuzzer\nJob Type: libfuzzer_msan_librawspeed\nPlatform Id: linux\n\nCrash Type: Use-of-uninitialized-value\nCrash Address: \nCrash State:\n  rawspeed::RawImageData::checkMemIsInitialized\n  Cr2Decompressor.cpp\n  rawspeed::alignedMalloc\n  \nSanitizer: memory (MSAN)\n\nRecommended Security Severity: Medium\n\nRegressed: https://oss-fuzz.com/revisions?job=libfuzzer_msan_librawspeed&range=201803250650:201803260645\nFixed: https://oss-fuzz.com/revisions?job=libfuzzer_msan_librawspeed&range=201803280644:201803290655\n\nReproducer Testcase: https://oss-fuzz.com/download?testcase_id=5174454507274240\n\nSee https://github.com/google/oss-fuzz/blob/master/docs/reproducing.md for more information.\n\nIf you suspect that the result above is incorrect, try re-doing that job on the test case report page."
            },
            {
                "projectName": "oss-fuzz",
                "localId": 7171,
                "sequenceNum": 3,
                "commenter": {
                    "userId": "382749006",
                    "displayName": "ClusterFuzz-External"
                },
                "timestamp": 1522336715,
                "content": "ClusterFuzz testcase 5174454507274240 is verified as fixed, so closing issue as verified.\n\nIf this is incorrect, please file a bug on https://github.com/google/oss-fuzz/issues/new",
                "amendments": [
                    {
                        "fieldName": "Status",
                        "newOrDeltaValue": "Verified",
                        "oldValue": "New"
                    },
                    {
                        "fieldName": "Labels",
                        "newOrDeltaValue": "ClusterFuzz-Verified"
                    }
                ]
            },
            {
                "projectName": "oss-fuzz",
                "localId": 7171,
                "sequenceNum": 4,
                "commenter": {
                    "userId": "4164592774",
                    "displayName": "sheriffbot@chromium.org"
                },
                "timestamp": 1524928825,
                "content": "This bug has been fixed for 30 days. It has been opened to the public.\n\n- Your friendly Sheriffbot",
                "amendments": [
                    {
                        "fieldName": "Labels",
                        "newOrDeltaValue": "-restrict-view-commit"
                    }
                ]
            }
        ]
    },
    "fix_commit": "bb585d942661d6e7173eb493c172a463e5378922",
    "repo_addr": "https://github.com/darktable-org/rawspeed.git"
}