{
    "localId": 7206,
    "project": "librawspeed",
    "fix": "https://github.com/darktable-org/rawspeed/commit/ab959c2235ab69359cdc75372c5cdf7bcc324726",
    "verify": "0",
    "fuzzer": "libfuzzer",
    "sanitizer": "msan",
    "crash_type": "Use-of-uninitialized-value",
    "severity": "Medium",
    "report": {
        "comments": [
            {
                "localId": 7206,
                "descriptionNum": 1,
                "projectName": "oss-fuzz",
                "commenter": {
                    "displayName": "ClusterFuzz-External",
                    "userId": "382749006"
                },
                "content": "Detailed report: https://oss-fuzz.com/testcase?key=5990033396858880\n\nProject: librawspeed\nFuzzer: libFuzzer_librawspeed_TiffDecoderFuzzer-ArwDecoder\nFuzz target binary: TiffDecoderFuzzer-ArwDecoder\nJob Type: libfuzzer_msan_librawspeed\nPlatform Id: linux\n\nCrash Type: Use-of-uninitialized-value\nCrash Address: \nCrash State:\n  rawspeed::TiffIFD::TiffIFD\n  rawspeed::ArwDecoder::GetWB\n  rawspeed::ArwDecoder::decodeMetaDataInternal\n  \nSanitizer: memory (MSAN)\n\nRecommended Security Severity: Medium\n\nRegressed: https://oss-fuzz.com/revisions?job=libfuzzer_msan_librawspeed&range=201801120659:201801140700\n\nReproducer Testcase: https://oss-fuzz.com/download?testcase_id=5990033396858880\n\nIssue filed automatically.\n\nSee https://github.com/google/oss-fuzz/blob/master/docs/reproducing.md for more information.\n\nThis bug is subject to a 90 day disclosure deadline. If 90 days elapse\nwithout an upstream patch, then the bug report will automatically\nbecome visible to the public.\n\nWhen you fix this bug, please\n  * mention the fix revision(s).\n  * state whether the bug was a short-lived regression or an old bug in any stable releases.\n  * add any other useful information.\nThis information can help downstream consumers.\n\nIf you have questions for the OSS-Fuzz team, please file an issue at https://github.com/google/oss-fuzz/issues.",
                "timestamp": 1522379740
            },
            {
                "amendments": [
                    {
                        "fieldName": "Labels",
                        "newOrDeltaValue": "OS-Linux"
                    }
                ],
                "localId": 7206,
                "projectName": "oss-fuzz",
                "commenter": {
                    "displayName": "ClusterFuzz-External",
                    "userId": "382749006"
                },
                "sequenceNum": 1,
                "timestamp": 1522379888
            },
            {
                "amendments": [
                    {
                        "fieldName": "Labels",
                        "newOrDeltaValue": "Fuzz-Blocker"
                    }
                ],
                "localId": 7206,
                "projectName": "oss-fuzz",
                "commenter": {
                    "displayName": "ClusterFuzz-External",
                    "userId": "382749006"
                },
                "content": "This crash occurs very frequently on linux platform and is likely preventing the fuzzer TiffDecoderFuzzer-ArwDecoder from making much progress. Fixing this will allow more bugs to be found.\n\nIf this is incorrect, please file a bug on https://github.com/google/oss-fuzz/issues/new",
                "sequenceNum": 2,
                "timestamp": 1523688629
            },
            {
                "amendments": [
                    {
                        "fieldName": "Labels",
                        "newOrDeltaValue": "Deadline-Approaching"
                    }
                ],
                "localId": 7206,
                "projectName": "oss-fuzz",
                "commenter": {
                    "displayName": "sheriffbot@chromium.org",
                    "userId": "4164592774"
                },
                "content": "This bug is approaching its deadline for being fixed, and will be automatically derestricted within 7 days. If a fix is planned within 2 weeks after the deadline has passed, a grace extension can be granted.\n\n- Your friendly Sheriffbot",
                "sequenceNum": 3,
                "timestamp": 1529593895
            },
            {
                "localId": 7206,
                "projectName": "oss-fuzz",
                "commenter": {
                    "displayName": "ClusterFuzz-External",
                    "userId": "382749006"
                },
                "content": "ClusterFuzz has detected this issue as fixed in range 201806180539:201806262154.\n\nDetailed report: https://oss-fuzz.com/testcase?key=5990033396858880\n\nProject: librawspeed\nFuzzer: libFuzzer_librawspeed_TiffDecoderFuzzer-ArwDecoder\nFuzz target binary: TiffDecoderFuzzer-ArwDecoder\nJob Type: libfuzzer_msan_librawspeed\nPlatform Id: linux\n\nCrash Type: Use-of-uninitialized-value\nCrash Address: \nCrash State:\n  rawspeed::TiffIFD::TiffIFD\n  rawspeed::ArwDecoder::GetWB\n  rawspeed::ArwDecoder::decodeMetaDataInternal\n  \nSanitizer: memory (MSAN)\n\nRecommended Security Severity: Medium\n\nRegressed: https://oss-fuzz.com/revisions?job=libfuzzer_msan_librawspeed&range=201801120659:201801140700\nFixed: https://oss-fuzz.com/revisions?job=libfuzzer_msan_librawspeed&range=201806180539:201806262154\n\nReproducer Testcase: https://oss-fuzz.com/download?testcase_id=5990033396858880\n\nSee https://github.com/google/oss-fuzz/blob/master/docs/reproducing.md for more information.\n\nIf you suspect that the result above is incorrect, try re-doing that job on the test case report page.",
                "sequenceNum": 4,
                "timestamp": 1530082932
            },
            {
                "localId": 7206,
                "projectName": "oss-fuzz",
                "commenter": {
                    "displayName": "ClusterFuzz-External",
                    "userId": "382749006"
                },
                "content": "ClusterFuzz has detected this issue as fixed in range 201806180539:201806262154.\n\nDetailed report: https://oss-fuzz.com/testcase?key=5990033396858880\n\nProject: librawspeed\nFuzzer: libFuzzer_librawspeed_TiffDecoderFuzzer-ArwDecoder\nFuzz target binary: TiffDecoderFuzzer-ArwDecoder\nJob Type: libfuzzer_msan_librawspeed\nPlatform Id: linux\n\nCrash Type: Use-of-uninitialized-value\nCrash Address: \nCrash State:\n  rawspeed::TiffIFD::TiffIFD\n  rawspeed::ArwDecoder::GetWB\n  rawspeed::ArwDecoder::decodeMetaDataInternal\n  \nSanitizer: memory (MSAN)\n\nRecommended Security Severity: Medium\n\nRegressed: https://oss-fuzz.com/revisions?job=libfuzzer_msan_librawspeed&range=201801120659:201801140700\nFixed: https://oss-fuzz.com/revisions?job=libfuzzer_msan_librawspeed&range=201806180539:201806262154\n\nReproducer Testcase: https://oss-fuzz.com/download?testcase_id=5990033396858880\n\nSee https://github.com/google/oss-fuzz/blob/master/docs/reproducing.md for more information.\n\nIf you suspect that the result above is incorrect, try re-doing that job on the test case report page.",
                "sequenceNum": 5,
                "timestamp": 1530083043
            },
            {
                "amendments": [
                    {
                        "fieldName": "Status",
                        "oldValue": "New",
                        "newOrDeltaValue": "Verified"
                    },
                    {
                        "fieldName": "Labels",
                        "newOrDeltaValue": "ClusterFuzz-Verified"
                    }
                ],
                "localId": 7206,
                "projectName": "oss-fuzz",
                "commenter": {
                    "displayName": "ClusterFuzz-External",
                    "userId": "382749006"
                },
                "content": "ClusterFuzz testcase 5990033396858880 is verified as fixed, so closing issue as verified.\n\nIf this is incorrect, please file a bug on https://github.com/google/oss-fuzz/issues/new",
                "sequenceNum": 6,
                "timestamp": 1530084144
            },
            {
                "amendments": [
                    {
                        "fieldName": "Labels",
                        "newOrDeltaValue": "-restrict-view-commit -deadline-approaching"
                    }
                ],
                "localId": 7206,
                "projectName": "oss-fuzz",
                "commenter": {
                    "displayName": "sheriffbot@chromium.org",
                    "userId": "4164592774"
                },
                "content": "This bug has exceeded our disclosure deadline. It has been opened to the public.\n\n- Your friendly Sheriffbot",
                "sequenceNum": 7,
                "timestamp": 1530199572
            }
        ]
    },
    "fix_commit": "ab959c2235ab69359cdc75372c5cdf7bcc324726",
    "repo_addr": "https://github.com/darktable-org/rawspeed.git"
}