{
    "localId": 9180,
    "project": "librawspeed",
    "fix": "https://github.com/darktable-org/rawspeed/commit/77a1a1f0b7b7367b345afd484a22d5585ee410d6",
    "verify": "0",
    "fuzzer": "libfuzzer",
    "sanitizer": "msan",
    "crash_type": "Use-of-uninitialized-value",
    "severity": "Medium",
    "report": {
        "comments": [
            {
                "localId": 9180,
                "descriptionNum": 1,
                "projectName": "oss-fuzz",
                "commenter": {
                    "displayName": "ClusterFuzz-External",
                    "userId": "382749006"
                },
                "content": "Detailed report: https://oss-fuzz.com/testcase?key=5961764976984064\n\nProject: librawspeed\nFuzzer: libFuzzer_librawspeed_TiffDecoderFuzzer-ArwDecoder\nFuzz target binary: TiffDecoderFuzzer-ArwDecoder\nJob Type: libfuzzer_msan_librawspeed\nPlatform Id: linux\n\nCrash Type: Use-of-uninitialized-value\nCrash Address: \nCrash State:\n  rawspeed::TiffIFD::TiffIFD\n  rawspeed::ArwDecoder::GetWB\n  rawspeed::ArwDecoder::decodeMetaDataInternal\n  \nSanitizer: memory (MSAN)\n\nRecommended Security Severity: Medium\n\nRegressed: https://oss-fuzz.com/revisions?job=libfuzzer_msan_librawspeed&range=201801120659:201801140700\n\nReproducer Testcase: https://oss-fuzz.com/download?testcase_id=5961764976984064\n\nIssue filed automatically.\n\nSee https://github.com/google/oss-fuzz/blob/master/docs/reproducing.md for more information.\n\nThis bug is subject to a 90 day disclosure deadline. If 90 days elapse\nwithout an upstream patch, then the bug report will automatically\nbecome visible to the public.\n\nWhen you fix this bug, please\n  * mention the fix revision(s).\n  * state whether the bug was a short-lived regression or an old bug in any stable releases.\n  * add any other useful information.\nThis information can help downstream consumers.\n\nIf you need to contact the OSS-Fuzz team with a question, concern, or any other feedback, please file an issue at https://github.com/google/oss-fuzz/issues.",
                "timestamp": 1530265752
            },
            {
                "amendments": [
                    {
                        "fieldName": "Labels",
                        "newOrDeltaValue": "OS-Linux"
                    }
                ],
                "localId": 9180,
                "projectName": "oss-fuzz",
                "commenter": {
                    "displayName": "ClusterFuzz-External",
                    "userId": "382749006"
                },
                "sequenceNum": 1,
                "timestamp": 1530266512
            },
            {
                "localId": 9180,
                "projectName": "oss-fuzz",
                "commenter": {
                    "displayName": "ClusterFuzz-External",
                    "userId": "382749006"
                },
                "content": "ClusterFuzz has detected this issue as fixed in range 201807040548:201807050537.\n\nDetailed report: https://oss-fuzz.com/testcase?key=5961764976984064\n\nProject: librawspeed\nFuzzer: libFuzzer_librawspeed_TiffDecoderFuzzer-ArwDecoder\nFuzz target binary: TiffDecoderFuzzer-ArwDecoder\nJob Type: libfuzzer_msan_librawspeed\nPlatform Id: linux\n\nCrash Type: Use-of-uninitialized-value\nCrash Address: \nCrash State:\n  rawspeed::TiffIFD::TiffIFD\n  rawspeed::ArwDecoder::GetWB\n  rawspeed::ArwDecoder::decodeMetaDataInternal\n  \nSanitizer: memory (MSAN)\n\nRecommended Security Severity: Medium\n\nRegressed: https://oss-fuzz.com/revisions?job=libfuzzer_msan_librawspeed&range=201801120659:201801140700\nFixed: https://oss-fuzz.com/revisions?job=libfuzzer_msan_librawspeed&range=201807040548:201807050537\n\nReproducer Testcase: https://oss-fuzz.com/download?testcase_id=5961764976984064\n\nSee https://github.com/google/oss-fuzz/blob/master/docs/reproducing.md for more information.\n\nIf you suspect that the result above is incorrect, try re-doing that job on the test case report page.",
                "sequenceNum": 2,
                "timestamp": 1530774245
            },
            {
                "amendments": [
                    {
                        "fieldName": "Status",
                        "oldValue": "New",
                        "newOrDeltaValue": "Verified"
                    },
                    {
                        "fieldName": "Labels",
                        "newOrDeltaValue": "ClusterFuzz-Verified"
                    }
                ],
                "localId": 9180,
                "projectName": "oss-fuzz",
                "commenter": {
                    "displayName": "ClusterFuzz-External",
                    "userId": "382749006"
                },
                "content": "ClusterFuzz testcase 5961764976984064 is verified as fixed, so closing issue as verified.\n\nIf this is incorrect, please file a bug on https://github.com/google/oss-fuzz/issues/new",
                "sequenceNum": 3,
                "timestamp": 1530774527
            },
            {
                "amendments": [
                    {
                        "fieldName": "Labels",
                        "newOrDeltaValue": "-restrict-view-commit"
                    }
                ],
                "localId": 9180,
                "projectName": "oss-fuzz",
                "commenter": {
                    "displayName": "sheriffbot@chromium.org",
                    "userId": "4164592774"
                },
                "content": "This bug has been fixed for 30 days. It has been opened to the public.\n\n- Your friendly Sheriffbot",
                "sequenceNum": 4,
                "timestamp": 1533396290
            }
        ]
    },
    "fix_commit": "77a1a1f0b7b7367b345afd484a22d5585ee410d6",
    "repo_addr": "https://github.com/darktable-org/rawspeed.git"
}