{
    "fix": "https://git.savannah.gnu.org/cgit/freetype/freetype2.git/commit/?id=589d1f0899343b18c3181f35451550dc1b904bef",
    "verify": "0",
    "localId": 9091,
    "project": "freetype2",
    "fuzzer": "libfuzzer",
    "sanitizer": "ubsan",
    "crash_type": "UNKNOWN READ",
    "severity": "Medium",
    "report": {
        "comments": [
            {
                "projectName": "oss-fuzz",
                "localId": 9091,
                "commenter": {
                    "userId": "382749006",
                    "displayName": "ClusterFuzz-External"
                },
                "timestamp": 1529974057,
                "content": "Detailed report: https://oss-fuzz.com/testcase?key=6207154074681344\n\nProject: freetype2\nFuzzer: libFuzzer_freetype2_ftfuzzer\nFuzz target binary: ftfuzzer\nJob Type: libfuzzer_ubsan_freetype2\nPlatform Id: linux\n\nCrash Type: UNKNOWN READ\nCrash Address: 0x000003ef87b0\nCrash State:\n  [heap]\n  \nSanitizer: undefined (UBSAN)\n\nRecommended Security Severity: Medium\n\nRegressed: https://oss-fuzz.com/revisions?job=libfuzzer_ubsan_freetype2&range=201806220522:201806250542\n\nReproducer Testcase: https://oss-fuzz.com/download?testcase_id=6207154074681344\n\nIssue filed automatically.\n\nSee https://github.com/google/oss-fuzz/blob/master/docs/reproducing.md for more information.\n\nThis bug is subject to a 90 day disclosure deadline. If 90 days elapse\nwithout an upstream patch, then the bug report will automatically\nbecome visible to the public.\n\nWhen you fix this bug, please\n  * mention the fix revision(s).\n  * state whether the bug was a short-lived regression or an old bug in any stable releases.\n  * add any other useful information.\nThis information can help downstream consumers.\n\nIf you need to contact the OSS-Fuzz team with a question, concern, or any other feedback, please file an issue at https://github.com/google/oss-fuzz/issues.",
                "descriptionNum": 1
            },
            {
                "projectName": "oss-fuzz",
                "localId": 9091,
                "sequenceNum": 1,
                "commenter": {
                    "userId": "382749006",
                    "displayName": "ClusterFuzz-External"
                },
                "timestamp": 1529974458,
                "amendments": [
                    {
                        "fieldName": "Labels",
                        "newOrDeltaValue": "OS-Linux"
                    }
                ]
            },
            {
                "projectName": "oss-fuzz",
                "localId": 9091,
                "sequenceNum": 2,
                "commenter": {
                    "userId": "382749006",
                    "displayName": "ClusterFuzz-External"
                },
                "timestamp": 1530084821,
                "content": "ClusterFuzz has detected this issue as fixed in range 201806250542:201806260518.\n\nDetailed report: https://oss-fuzz.com/testcase?key=6207154074681344\n\nProject: freetype2\nFuzzer: libFuzzer_freetype2_ftfuzzer\nFuzz target binary: ftfuzzer\nJob Type: libfuzzer_ubsan_freetype2\nPlatform Id: linux\n\nCrash Type: UNKNOWN READ\nCrash Address: 0x000003ef87b0\nCrash State:\n  [heap]\n  \nSanitizer: undefined (UBSAN)\n\nRecommended Security Severity: Medium\n\nRegressed: https://oss-fuzz.com/revisions?job=libfuzzer_ubsan_freetype2&range=201806220522:201806250542\nFixed: https://oss-fuzz.com/revisions?job=libfuzzer_ubsan_freetype2&range=201806250542:201806260518\n\nReproducer Testcase: https://oss-fuzz.com/download?testcase_id=6207154074681344\n\nSee https://github.com/google/oss-fuzz/blob/master/docs/reproducing.md for more information.\n\nIf you suspect that the result above is incorrect, try re-doing that job on the test case report page."
            },
            {
                "projectName": "oss-fuzz",
                "localId": 9091,
                "sequenceNum": 3,
                "commenter": {
                    "userId": "382749006",
                    "displayName": "ClusterFuzz-External"
                },
                "timestamp": 1530085563,
                "content": "ClusterFuzz testcase 6207154074681344 is verified as fixed, so closing issue as verified.\n\nIf this is incorrect, please file a bug on https://github.com/google/oss-fuzz/issues/new",
                "amendments": [
                    {
                        "fieldName": "Status",
                        "newOrDeltaValue": "Verified",
                        "oldValue": "New"
                    },
                    {
                        "fieldName": "Labels",
                        "newOrDeltaValue": "ClusterFuzz-Verified"
                    }
                ]
            },
            {
                "projectName": "oss-fuzz",
                "localId": 9091,
                "sequenceNum": 4,
                "commenter": {
                    "userId": "4164592774",
                    "displayName": "sheriffbot@chromium.org"
                },
                "timestamp": 1532792022,
                "content": "This bug has been fixed for 30 days. It has been opened to the public.\n\n- Your friendly Sheriffbot",
                "amendments": [
                    {
                        "fieldName": "Labels",
                        "newOrDeltaValue": "-restrict-view-commit"
                    }
                ]
            }
        ]
    },
    "fix_commit": "589d1f0899343b18c3181f35451550dc1b904bef",
    "repo_addr": "git://git.sv.nongnu.org/freetype/freetype2.git"
}