{
    "fix": "https://gitlab.gnome.org/GNOME/libxml2/-/commit/bfd2f4300fb348a0fb8265a17546a0eb8bdec719",
    "verify": "0",
    "localId": 34138,
    "project": "libxml2",
    "fuzzer": "libfuzzer",
    "sanitizer": "ubsan",
    "crash_type": "Bad-cast",
    "severity": "High",
    "report": {
        "comments": [
            {
                "projectName": "oss-fuzz",
                "localId": 34138,
                "commenter": {
                    "userId": "382749006",
                    "displayName": "ClusterFuzz-External"
                },
                "timestamp": 1620622895,
                "content": "Detailed Report: https://oss-fuzz.com/testcase?key=5561715401031680\n\nProject: libxml2\nFuzzing Engine: libFuzzer\nFuzz Target: xml\nJob Type: libfuzzer_ubsan_libxml2\nPlatform Id: linux\n\nCrash Type: Bad-cast\nCrash Address: 0x000000000018\nCrash State:\n  Bad-cast to xmlStartTag' (aka 'struct _xmlStartTag')xmlParseElement\n  xmlParseDocument\n  xmlDoRead\n  \nSanitizer: undefined (UBSAN)\n\nRecommended Security Severity: High\n\nRegressed: https://oss-fuzz.com/revisions?job=libfuzzer_ubsan_libxml2&range=202105080600:202105090623\n\nReproducer Testcase: https://oss-fuzz.com/download?testcase_id=5561715401031680\n\nIssue filed automatically.\n\nSee https://google.github.io/oss-fuzz/advanced-topics/reproducing for instructions to reproduce this bug locally.\nWhen you fix this bug, please\n  * mention the fix revision(s).\n  * state whether the bug was a short-lived regression or an old bug in any stable releases.\n  * add any other useful information.\nThis information can help downstream consumers.\n\nIf you need to contact the OSS-Fuzz team with a question, concern, or any other feedback, please file an issue at https://github.com/google/oss-fuzz/issues. Comments on individual Monorail issues are not monitored.\n\nThis bug is subject to a 90 day disclosure deadline. If 90 days elapse\nwithout an upstream patch, then the bug report will automatically\nbecome visible to the public.",
                "descriptionNum": 1
            },
            {
                "projectName": "oss-fuzz",
                "localId": 34138,
                "sequenceNum": 1,
                "commenter": {
                    "userId": "382749006",
                    "displayName": "ClusterFuzz-External"
                },
                "timestamp": 1620656461,
                "content": "ClusterFuzz testcase 5561715401031680 is verified as fixed in https://oss-fuzz.com/revisions?job=libfuzzer_ubsan_libxml2&range=202105090623:202105100623\n\nIf this is incorrect, please file a bug on https://github.com/google/oss-fuzz/issues/new",
                "amendments": [
                    {
                        "fieldName": "Status",
                        "newOrDeltaValue": "Verified",
                        "oldValue": "New"
                    },
                    {
                        "fieldName": "Labels",
                        "newOrDeltaValue": "ClusterFuzz-Verified"
                    }
                ]
            },
            {
                "projectName": "oss-fuzz",
                "localId": 34138,
                "sequenceNum": 2,
                "commenter": {
                    "userId": "543268000",
                    "displayName": "welln...@aevum.de"
                },
                "timestamp": 1620659215,
                "content": "Duplicate of 34108 (short-lived regression)."
            },
            {
                "projectName": "oss-fuzz",
                "localId": 34138,
                "sequenceNum": 3,
                "commenter": {
                    "userId": "1950284618",
                    "displayName": "sheriffbot"
                },
                "timestamp": 1620673147,
                "content": "This bug has been fixed. It has been opened to the public.\n\n- Your friendly Sheriffbot",
                "amendments": [
                    {
                        "fieldName": "Labels",
                        "newOrDeltaValue": "-restrict-view-commit"
                    }
                ]
            }
        ]
    },
    "fix_commit": "bfd2f4300fb348a0fb8265a17546a0eb8bdec719",
    "repo_addr": "https://gitlab.gnome.org/GNOME/libxml2.git"
}