{
    "fix": "https://gitlab.gnome.org/GNOME/libxml2/-/commit/075cee9e9f1bedb6b2ca87e73a952fb2e92da3c1",
    "verify": "0",
    "localId": 52869,
    "project": "libxml2",
    "fuzzer": "afl",
    "sanitizer": "asan",
    "crash_type": "Heap-use-after-free READ 4",
    "severity": "High",
    "report": {
        "comments": [
            {
                "projectName": "oss-fuzz",
                "localId": 52869,
                "commenter": {
                    "userId": "382749006",
                    "displayName": "ClusterFuzz-External"
                },
                "timestamp": 1667077216,
                "content": "Detailed Report: https://oss-fuzz.com/testcase?key=5450069193392128\n\nProject: libxml2\nFuzzing Engine: afl\nFuzz Target: xml\nJob Type: afl_asan_libxml2\nPlatform Id: linux\n\nCrash Type: Heap-use-after-free READ 4\nCrash Address: 0x615000181708\nCrash State:\n  xmlXIncludeDoProcess\n  xmlXIncludeProcessNode\n  xmlTextReaderRead\n  \nSanitizer: address (ASAN)\n\nRecommended Security Severity: High\n\nRegressed: https://oss-fuzz.com/revisions?job=afl_asan_libxml2&range=202210250611:202210260601\n\nReproducer Testcase: https://oss-fuzz.com/download?testcase_id=5450069193392128\n\nIssue filed automatically.\n\nSee https://google.github.io/oss-fuzz/advanced-topics/reproducing for instructions to reproduce this bug locally.\nWhen you fix this bug, please\n  * mention the fix revision(s).\n  * state whether the bug was a short-lived regression or an old bug in any stable releases.\n  * add any other useful information.\nThis information can help downstream consumers.\n\nIf you need to contact the OSS-Fuzz team with a question, concern, or any other feedback, please file an issue at https://github.com/google/oss-fuzz/issues. Comments on individual Monorail issues are not monitored.\n\nThis bug is subject to a 90 day disclosure deadline. If 90 days elapse\nwithout an upstream patch, then the bug report will automatically\nbecome visible to the public.",
                "descriptionNum": 1
            },
            {
                "projectName": "oss-fuzz",
                "localId": 52869,
                "sequenceNum": 1,
                "commenter": {
                    "userId": "382749006",
                    "displayName": "ClusterFuzz-External"
                },
                "timestamp": 1667148597,
                "content": "ClusterFuzz testcase 5450069193392128 is verified as fixed in https://oss-fuzz.com/revisions?job=afl_asan_libxml2&range=202210290601:202210300603\n\nIf this is incorrect, please file a bug on https://github.com/google/oss-fuzz/issues/new",
                "amendments": [
                    {
                        "fieldName": "Status",
                        "newOrDeltaValue": "Verified",
                        "oldValue": "New"
                    },
                    {
                        "fieldName": "Labels",
                        "newOrDeltaValue": "ClusterFuzz-Verified"
                    }
                ]
            },
            {
                "projectName": "oss-fuzz",
                "localId": 52869,
                "sequenceNum": 2,
                "commenter": {
                    "userId": "1950284618",
                    "displayName": "sheriffbot"
                },
                "timestamp": 1667155373,
                "content": "This bug has been fixed. It has been opened to the public.\n\n- Your friendly Sheriffbot",
                "amendments": [
                    {
                        "fieldName": "Labels",
                        "newOrDeltaValue": "-restrict-view-commit"
                    }
                ]
            }
        ]
    },
    "fix_commit": "075cee9e9f1bedb6b2ca87e73a952fb2e92da3c1",
    "repo_addr": "https://gitlab.gnome.org/GNOME/libxml2.git"
}