{
    "fix": "https://gitlab.gnome.org/GNOME/libxml2/-/commit/3eb6bf03869b449bbe990efe7e5101457d40f36e",
    "verify": "0",
    "localId": 56964,
    "project": "libxml2",
    "fuzzer": "afl",
    "sanitizer": "asan",
    "crash_type": "Global-buffer-overflow READ 1",
    "report": {
        "comments": [
            {
                "projectName": "oss-fuzz",
                "localId": 56964,
                "commenter": {
                    "userId": "382749006",
                    "displayName": "ClusterFuzz-External"
                },
                "timestamp": 1678652887,
                "content": "Detailed Report: https://oss-fuzz.com/testcase?key=4544440854511616\n\nProject: libxml2\nFuzzing Engine: afl\nFuzz Target: html\nJob Type: afl_asan_libxml2\nPlatform Id: linux\n\nCrash Type: Global-buffer-overflow READ 1\nCrash Address: 0x000000902283\nCrash State:\n  htmlCurrentChar\n  htmlParseNameComplex\n  htmlParseName\n  \nSanitizer: address (ASAN)\n\nRegressed: https://oss-fuzz.com/revisions?job=afl_asan_libxml2&range=202303080607:202303090610\n\nReproducer Testcase: https://oss-fuzz.com/download?testcase_id=4544440854511616\n\nIssue filed automatically.\n\nSee https://google.github.io/oss-fuzz/advanced-topics/reproducing for instructions to reproduce this bug locally.\nWhen you fix this bug, please\n  * mention the fix revision(s).\n  * state whether the bug was a short-lived regression or an old bug in any stable releases.\n  * add any other useful information.\nThis information can help downstream consumers.\n\nIf you need to contact the OSS-Fuzz team with a question, concern, or any other feedback, please file an issue at https://github.com/google/oss-fuzz/issues. Comments on individual Monorail issues are not monitored.\n\nThis bug is subject to a 90 day disclosure deadline. If 90 days elapse\nwithout an upstream patch, then the bug report will automatically\nbecome visible to the public.",
                "descriptionNum": 1
            },
            {
                "projectName": "oss-fuzz",
                "localId": 56964,
                "sequenceNum": 1,
                "commenter": {
                    "userId": "382749006",
                    "displayName": "ClusterFuzz-External"
                },
                "timestamp": 1678720219,
                "content": "ClusterFuzz testcase 4544440854511616 is verified as fixed in https://oss-fuzz.com/revisions?job=afl_asan_libxml2&range=202303120615:202303130622\n\nIf this is incorrect, please file a bug on https://github.com/google/oss-fuzz/issues/new",
                "amendments": [
                    {
                        "fieldName": "Status",
                        "newOrDeltaValue": "Verified",
                        "oldValue": "New"
                    },
                    {
                        "fieldName": "Labels",
                        "newOrDeltaValue": "ClusterFuzz-Verified"
                    }
                ]
            },
            {
                "projectName": "oss-fuzz",
                "localId": 56964,
                "sequenceNum": 2,
                "commenter": {
                    "userId": "1950284618",
                    "displayName": "sheriffbot"
                },
                "timestamp": 1678732956,
                "content": "This bug has been fixed. It has been opened to the public.\n\n- Your friendly Sheriffbot",
                "amendments": [
                    {
                        "fieldName": "Labels",
                        "newOrDeltaValue": "-restrict-view-commit"
                    }
                ]
            }
        ]
    },
    "fix_commit": "3eb6bf03869b449bbe990efe7e5101457d40f36e",
    "repo_addr": "https://gitlab.gnome.org/GNOME/libxml2.git"
}