{
    "fix": "https://gitlab.gnome.org/GNOME/libxml2/-/commit/ca2bfecea9c23f8d2e11741fff7c6a5372c56bb8",
    "verify": "0",
    "localId": 57080,
    "project": "libxml2",
    "fuzzer": "libfuzzer",
    "sanitizer": "asan",
    "crash_type": "Global-buffer-overflow READ 1",
    "report": {
        "comments": [
            {
                "projectName": "oss-fuzz",
                "localId": 57080,
                "commenter": {
                    "userId": "382749006",
                    "displayName": "ClusterFuzz-External"
                },
                "timestamp": 1678901182,
                "content": "Detailed Report: https://oss-fuzz.com/testcase?key=4772999502102528\n\nProject: libxml2\nFuzzing Engine: libFuzzer\nFuzz Target: xinclude\nJob Type: libfuzzer_asan_libxml2\nPlatform Id: linux\n\nCrash Type: Global-buffer-overflow READ 1\nCrash Address: 0x0000008fe21f\nCrash State:\n  xmlSkipBlankChars\n  xmlParseMisc\n  xmlParseDocument\n  \nSanitizer: address (ASAN)\n\nRegressed: https://oss-fuzz.com/revisions?job=libfuzzer_asan_libxml2&range=202303140616:202303150609\n\nReproducer Testcase: https://oss-fuzz.com/download?testcase_id=4772999502102528\n\nIssue filed automatically.\n\nSee https://google.github.io/oss-fuzz/advanced-topics/reproducing for instructions to reproduce this bug locally.\nWhen you fix this bug, please\n  * mention the fix revision(s).\n  * state whether the bug was a short-lived regression or an old bug in any stable releases.\n  * add any other useful information.\nThis information can help downstream consumers.\n\nIf you need to contact the OSS-Fuzz team with a question, concern, or any other feedback, please file an issue at https://github.com/google/oss-fuzz/issues. Comments on individual Monorail issues are not monitored.\n\nThis bug is subject to a 90 day disclosure deadline. If 90 days elapse\nwithout an upstream patch, then the bug report will automatically\nbecome visible to the public.",
                "descriptionNum": 1
            },
            {
                "projectName": "oss-fuzz",
                "localId": 57080,
                "sequenceNum": 1,
                "commenter": {
                    "userId": "1950284618",
                    "displayName": "sheriffbot"
                },
                "timestamp": 1678906776,
                "amendments": [
                    {
                        "fieldName": "Labels",
                        "newOrDeltaValue": "Disclosure-2023-06-13"
                    }
                ]
            },
            {
                "projectName": "oss-fuzz",
                "localId": 57080,
                "sequenceNum": 2,
                "commenter": {
                    "userId": "382749006",
                    "displayName": "ClusterFuzz-External"
                },
                "timestamp": 1678977162,
                "content": "ClusterFuzz testcase 4772999502102528 is verified as fixed in https://oss-fuzz.com/revisions?job=libfuzzer_asan_libxml2&range=202303150609:202303160615\n\nIf this is incorrect, please file a bug on https://github.com/google/oss-fuzz/issues/new",
                "amendments": [
                    {
                        "fieldName": "Status",
                        "newOrDeltaValue": "Verified",
                        "oldValue": "New"
                    },
                    {
                        "fieldName": "Labels",
                        "newOrDeltaValue": "ClusterFuzz-Verified"
                    }
                ]
            },
            {
                "projectName": "oss-fuzz",
                "localId": 57080,
                "sequenceNum": 3,
                "commenter": {
                    "userId": "1950284618",
                    "displayName": "sheriffbot"
                },
                "timestamp": 1678992442,
                "content": "This bug has been fixed. It has been opened to the public.\n\n- Your friendly Sheriffbot",
                "amendments": [
                    {
                        "fieldName": "Labels",
                        "newOrDeltaValue": "-restrict-view-commit"
                    }
                ]
            }
        ]
    },
    "fix_commit": "ca2bfecea9c23f8d2e11741fff7c6a5372c56bb8",
    "repo_addr": "https://gitlab.gnome.org/GNOME/libxml2.git"
}