{
    "fix": "https://gitlab.gnome.org/GNOME/libxml2/-/commit/8090e5856465c0b8e26e2a080f4b498f37fa83ab",
    "verify": "0",
    "localId": 57288,
    "project": "libxml2",
    "fuzzer": "honggfuzz",
    "sanitizer": "asan",
    "crash_type": "Global-buffer-overflow READ 1",
    "report": {
        "comments": [
            {
                "projectName": "oss-fuzz",
                "localId": 57288,
                "commenter": {
                    "userId": "382749006",
                    "displayName": "ClusterFuzz-External"
                },
                "timestamp": 1679346870,
                "content": "Detailed Report: https://oss-fuzz.com/testcase?key=5774657637974016\n\nProject: libxml2\nFuzzing Engine: honggfuzz\nFuzz Target: html\nJob Type: honggfuzz_asan_libxml2\nPlatform Id: linux\n\nCrash Type: Global-buffer-overflow READ 1\nCrash Address: 0x0000008fa223\nCrash State:\n  htmlParseDocument\n  htmlDoRead\n  htmlReadMemory\n  \nSanitizer: address (ASAN)\n\nRegressed: https://oss-fuzz.com/revisions?job=honggfuzz_asan_libxml2&range=202303140616:202303150609\n\nReproducer Testcase: https://oss-fuzz.com/download?testcase_id=5774657637974016\n\nIssue filed automatically.\n\nSee https://google.github.io/oss-fuzz/advanced-topics/reproducing for instructions to reproduce this bug locally.\nWhen you fix this bug, please\n  * mention the fix revision(s).\n  * state whether the bug was a short-lived regression or an old bug in any stable releases.\n  * add any other useful information.\nThis information can help downstream consumers.\n\nIf you need to contact the OSS-Fuzz team with a question, concern, or any other feedback, please file an issue at https://github.com/google/oss-fuzz/issues. Comments on individual Monorail issues are not monitored.\n\nThis bug is subject to a 90 day disclosure deadline. If 90 days elapse\nwithout an upstream patch, then the bug report will automatically\nbecome visible to the public.",
                "descriptionNum": 1
            },
            {
                "projectName": "oss-fuzz",
                "localId": 57288,
                "sequenceNum": 1,
                "commenter": {
                    "userId": "382749006",
                    "displayName": "ClusterFuzz-External"
                },
                "timestamp": 1679417428,
                "content": "ClusterFuzz testcase 5774657637974016 is verified as fixed in https://oss-fuzz.com/revisions?job=honggfuzz_asan_libxml2&range=202303200608:202303210606\n\nIf this is incorrect, please file a bug on https://github.com/google/oss-fuzz/issues/new",
                "amendments": [
                    {
                        "fieldName": "Status",
                        "newOrDeltaValue": "Verified",
                        "oldValue": "New"
                    },
                    {
                        "fieldName": "Labels",
                        "newOrDeltaValue": "ClusterFuzz-Verified"
                    }
                ]
            },
            {
                "projectName": "oss-fuzz",
                "localId": 57288,
                "sequenceNum": 2,
                "commenter": {
                    "userId": "1950284618",
                    "displayName": "sheriffbot"
                },
                "timestamp": 1679511021,
                "content": "This bug has been fixed. It has been opened to the public.\n\n- Your friendly Sheriffbot",
                "amendments": [
                    {
                        "fieldName": "Labels",
                        "newOrDeltaValue": "-restrict-view-commit"
                    }
                ]
            }
        ]
    },
    "fix_commit": "8090e5856465c0b8e26e2a080f4b498f37fa83ab",
    "repo_addr": "https://gitlab.gnome.org/GNOME/libxml2.git"
}