{
    "fix": "https://gitlab.gnome.org/GNOME/libxml2/-/commit/5db5a704eb6b030e6bebec9d358d739f1eb24fed",
    "verify": "0",
    "localId": 61337,
    "project": "libxml2",
    "fuzzer": "libfuzzer",
    "sanitizer": "asan",
    "crash_type": "Heap-use-after-free READ 2",
    "severity": "High",
    "report": {
        "comments": [
            {
                "projectName": "oss-fuzz",
                "localId": 61337,
                "commenter": {
                    "userId": "382749006",
                    "displayName": "ClusterFuzz-External"
                },
                "timestamp": 1691599044,
                "content": "Detailed Report: https://oss-fuzz.com/testcase?key=5987253640626176\n\nProject: libxml2\nFuzzing Engine: libFuzzer\nFuzz Target: html\nJob Type: libfuzzer_asan_i386_libxml2\nPlatform Id: linux\n\nCrash Type: Heap-use-after-free READ 2\nCrash Address: 0xf5000650\nCrash State:\n  __xmlRaiseError\n  htmlParseErr\n  htmlCurrentChar\n  \nSanitizer: address (ASAN)\n\nRecommended Security Severity: High\n\nRegressed: https://oss-fuzz.com/revisions?job=libfuzzer_asan_i386_libxml2&range=202308080613:202308090608\n\nReproducer Testcase: https://oss-fuzz.com/download?testcase_id=5987253640626176\n\nIssue filed automatically.\n\nSee https://google.github.io/oss-fuzz/advanced-topics/reproducing for instructions to reproduce this bug locally.\nWhen you fix this bug, please\n  * mention the fix revision(s).\n  * state whether the bug was a short-lived regression or an old bug in any stable releases.\n  * add any other useful information.\nThis information can help downstream consumers.\n\nIf you need to contact the OSS-Fuzz team with a question, concern, or any other feedback, please file an issue at https://github.com/google/oss-fuzz/issues. Comments on individual Monorail issues are not monitored.\n\nThis bug is subject to a 90 day disclosure deadline. If 90 days elapse\nwithout an upstream patch, then the bug report will automatically\nbecome visible to the public.",
                "descriptionNum": 1
            },
            {
                "projectName": "oss-fuzz",
                "localId": 61337,
                "sequenceNum": 1,
                "commenter": {
                    "userId": "1950284618",
                    "displayName": "sheriffbot"
                },
                "timestamp": 1691607984,
                "amendments": [
                    {
                        "fieldName": "Labels",
                        "newOrDeltaValue": "Disclosure-2023-11-07"
                    }
                ]
            },
            {
                "projectName": "oss-fuzz",
                "localId": 61337,
                "sequenceNum": 2,
                "commenter": {
                    "userId": "382749006",
                    "displayName": "ClusterFuzz-External"
                },
                "timestamp": 1691696206,
                "content": "ClusterFuzz testcase 5987253640626176 is verified as fixed in https://oss-fuzz.com/revisions?job=libfuzzer_asan_i386_libxml2&range=202308090608:202308100622\n\nIf this is incorrect, please file a bug on https://github.com/google/oss-fuzz/issues/new",
                "amendments": [
                    {
                        "fieldName": "Status",
                        "newOrDeltaValue": "Verified",
                        "oldValue": "New"
                    },
                    {
                        "fieldName": "Labels",
                        "newOrDeltaValue": "ClusterFuzz-Verified"
                    }
                ]
            },
            {
                "projectName": "oss-fuzz",
                "localId": 61337,
                "sequenceNum": 3,
                "commenter": {
                    "userId": "1950284618",
                    "displayName": "sheriffbot"
                },
                "timestamp": 1691780502,
                "content": "This bug has been fixed. It has been opened to the public.\n\n- Your friendly Sheriffbot",
                "amendments": [
                    {
                        "fieldName": "Labels",
                        "newOrDeltaValue": "-restrict-view-commit"
                    }
                ]
            }
        ]
    },
    "fix_commit": "5db5a704eb6b030e6bebec9d358d739f1eb24fed",
    "repo_addr": "https://gitlab.gnome.org/GNOME/libxml2.git"
}