{
    "fix": "https://gitlab.gnome.org/GNOME/libxml2/-/commit/f0a703dac85ad9398f208d3237ca19c483368834",
    "verify": "0",
    "localId": 62886,
    "project": "libxml2",
    "fuzzer": "afl",
    "sanitizer": "asan",
    "crash_type": "UNKNOWN READ",
    "severity": "Medium",
    "report": {
        "comments": [
            {
                "projectName": "oss-fuzz",
                "localId": 62886,
                "commenter": {
                    "userId": "382749006",
                    "displayName": "ClusterFuzz-External"
                },
                "timestamp": 1696172730,
                "content": "Detailed Report: https://oss-fuzz.com/testcase?key=6658902189801472\n\nProject: libxslt\nFuzzing Engine: afl\nFuzz Target: xpath\nJob Type: afl_asan_libxslt\nPlatform Id: linux\n\nCrash Type: UNKNOWN READ\nCrash Address: 0x0001a65fd436\nCrash State:\n  xmlDictLookupInternal\n  xmlDictLookup\n  xmlNewDocNode\n  \nSanitizer: address (ASAN)\n\nRecommended Security Severity: Medium\n\nRegressed: https://oss-fuzz.com/revisions?job=afl_asan_libxslt&range=202309290621:202309300604\n\nReproducer Testcase: https://oss-fuzz.com/download?testcase_id=6658902189801472\n\nIssue filed automatically.\n\nSee https://google.github.io/oss-fuzz/advanced-topics/reproducing for instructions to reproduce this bug locally.\nWhen you fix this bug, please\n  * mention the fix revision(s).\n  * state whether the bug was a short-lived regression or an old bug in any stable releases.\n  * add any other useful information.\nThis information can help downstream consumers.\n\nIf you need to contact the OSS-Fuzz team with a question, concern, or any other feedback, please file an issue at https://github.com/google/oss-fuzz/issues. Comments on individual Monorail issues are not monitored.\n\nThis bug is subject to a 90 day disclosure deadline. If 90 days elapse\nwithout an upstream patch, then the bug report will automatically\nbecome visible to the public.",
                "descriptionNum": 1
            },
            {
                "projectName": "oss-fuzz",
                "localId": 62886,
                "sequenceNum": 1,
                "commenter": {
                    "userId": "382749006",
                    "displayName": "ClusterFuzz-External"
                },
                "timestamp": 1696178725,
                "content": "This crash occurs very frequently on linux platform and is likely preventing the fuzzer xpath from making much progress. Fixing this will allow more bugs to be found.\n\nIf this is incorrect, please file a bug on https://github.com/google/oss-fuzz/issues/new",
                "amendments": [
                    {
                        "fieldName": "Labels",
                        "newOrDeltaValue": "Fuzz-Blocker"
                    }
                ]
            },
            {
                "projectName": "oss-fuzz",
                "localId": 62886,
                "sequenceNum": 2,
                "commenter": {
                    "userId": "1950284618",
                    "displayName": "sheriffbot"
                },
                "timestamp": 1696187213,
                "amendments": [
                    {
                        "fieldName": "Labels",
                        "newOrDeltaValue": "Disclosure-2024-01-01"
                    }
                ]
            },
            {
                "projectName": "oss-fuzz",
                "localId": 62886,
                "sequenceNum": 3,
                "commenter": {
                    "userId": "382749006",
                    "displayName": "ClusterFuzz-External"
                },
                "timestamp": 1696235122,
                "content": "ClusterFuzz testcase 6658902189801472 is verified as fixed in https://oss-fuzz.com/revisions?job=afl_asan_libxslt&range=202309300604:202310010605\n\nIf this is incorrect, please file a bug on https://github.com/google/oss-fuzz/issues/new",
                "amendments": [
                    {
                        "fieldName": "Status",
                        "newOrDeltaValue": "Verified",
                        "oldValue": "New"
                    },
                    {
                        "fieldName": "Labels",
                        "newOrDeltaValue": "ClusterFuzz-Verified"
                    }
                ]
            },
            {
                "projectName": "oss-fuzz",
                "localId": 62886,
                "sequenceNum": 4,
                "commenter": {
                    "userId": "1950284618",
                    "displayName": "sheriffbot"
                },
                "timestamp": 1696273412,
                "content": "This bug has been fixed. It has been opened to the public.\n\n- Your friendly Sheriffbot",
                "amendments": [
                    {
                        "fieldName": "Labels",
                        "newOrDeltaValue": "-restrict-view-commit"
                    }
                ]
            }
        ]
    },
    "fix_commit": "f0a703dac85ad9398f208d3237ca19c483368834",
    "repo_addr": "https://gitlab.gnome.org/GNOME/libxml2.git"
}