{
    "fix": "https://github.com/lxc/lxc/commit/4a2c9b40233fd1725701feb7d9fa8326a7aeedf0",
    "verify": "0",
    "localId": 32477,
    "project": "lxc",
    "fuzzer": "libfuzzer",
    "sanitizer": "ubsan",
    "crash_type": "UNKNOWN READ",
    "severity": "Medium",
    "report": {
        "comments": [
            {
                "localId": 32477,
                "descriptionNum": 1,
                "projectName": "oss-fuzz",
                "commenter": {
                    "displayName": "ClusterFuzz-External",
                    "userId": "382749006"
                },
                "content": "Detailed Report: https://oss-fuzz.com/testcase?key=4974253310083072\n\nProject: lxc\nFuzzing Engine: libFuzzer\nFuzz Target: fuzz-lxc-config-read\nJob Type: libfuzzer_ubsan_lxc\nPlatform Id: linux\n\nCrash Type: UNKNOWN READ\nCrash Address: 0x00262072695c\nCrash State:\n  lxc_clear_sysctls\n  lxc_conf_free\n  fuzz-lxc-config-read.c\n  \nSanitizer: undefined (UBSAN)\n\nRecommended Security Severity: Medium\n\nCrash Revision: https://oss-fuzz.com/revisions?job=libfuzzer_ubsan_lxc&revision=202103251800\n\nReproducer Testcase: https://oss-fuzz.com/download?testcase_id=4974253310083072\n\nIssue filed automatically.\n\nSee https://google.github.io/oss-fuzz/advanced-topics/reproducing for instructions to reproduce this bug locally.\nWhen you fix this bug, please\n  * mention the fix revision(s).\n  * state whether the bug was a short-lived regression or an old bug in any stable releases.\n  * add any other useful information.\nThis information can help downstream consumers.\n\nIf you need to contact the OSS-Fuzz team with a question, concern, or any other feedback, please file an issue at https://github.com/google/oss-fuzz/issues. Comments on individual Monorail issues are not monitored.\n\nThis bug is subject to a 90 day disclosure deadline. If 90 days elapse\nwithout an upstream patch, then the bug report will automatically\nbecome visible to the public.",
                "timestamp": 1616706533
            },
            {
                "amendments": [
                    {
                        "fieldName": "Labels",
                        "newOrDeltaValue": "Fuzz-Blocker"
                    }
                ],
                "localId": 32477,
                "projectName": "oss-fuzz",
                "commenter": {
                    "displayName": "ClusterFuzz-External",
                    "userId": "382749006"
                },
                "content": "This crash occurs very frequently on linux platform and is likely preventing the fuzzer fuzz-lxc-config-read from making much progress. Fixing this will allow more bugs to be found.\n\nIf this is incorrect, please file a bug on https://github.com/google/oss-fuzz/issues/new",
                "sequenceNum": 1,
                "timestamp": 1616713661
            },
            {
                "amendments": [
                    {
                        "fieldName": "Cc",
                        "newOrDeltaValue": "stgra...@stgraber.org chris...@brauner.io"
                    }
                ],
                "localId": 32477,
                "projectName": "oss-fuzz",
                "commenter": {
                    "displayName": "ClusterFuzz-External",
                    "userId": "382749006"
                },
                "sequenceNum": 2,
                "timestamp": 1616714992
            },
            {
                "localId": 32477,
                "projectName": "oss-fuzz",
                "commenter": {
                    "displayName": "chris...@brauner.io",
                    "userId": "3429093606"
                },
                "content": "Fixed by\n\ncommit 4a2c9b40233fd1725701feb7d9fa8326a7aeedf0\nAuthor: Christian Brauner <christian.brauner@ubuntu.com>\nDate:   Thu Mar 25 23:10:57 2021 +0100\n\n    conf: reinitialize sysctl list after clearing it\n\n    Link: https://bugs.chromium.org/p/oss-fuzz/issues/detail?id=32474\n    Signed-off-by: Christian Brauner <christian.brauner@ubuntu.com>\n\ncommit b5fdc164e310c8c4d6d92200bd4433e8fac61c69\nAuthor: Christian Brauner <christian.brauner@ubuntu.com>\nDate:   Thu Mar 25 23:01:09 2021 +0100\n\n    confile: fix set_config_sysctl()\n\n    Link: https://bugs.chromium.org/p/oss-fuzz/issues/detail?id=32487\n    Signed-off-by: Christian Brauner <christian.brauner@ubuntu.com>\n",
                "sequenceNum": 3,
                "timestamp": 1616768768
            },
            {
                "amendments": [
                    {
                        "fieldName": "Status",
                        "oldValue": "New",
                        "newOrDeltaValue": "Verified"
                    },
                    {
                        "fieldName": "Labels",
                        "newOrDeltaValue": "ClusterFuzz-Verified"
                    }
                ],
                "localId": 32477,
                "projectName": "oss-fuzz",
                "commenter": {
                    "displayName": "ClusterFuzz-External",
                    "userId": "382749006"
                },
                "content": "ClusterFuzz testcase 4974253310083072 is verified as fixed in https://oss-fuzz.com/revisions?job=libfuzzer_ubsan_lxc&range=202103251800:202103260000\n\nIf this is incorrect, please file a bug on https://github.com/google/oss-fuzz/issues/new",
                "sequenceNum": 4,
                "timestamp": 1616770723
            },
            {
                "amendments": [
                    {
                        "fieldName": "Labels",
                        "newOrDeltaValue": "-restrict-view-commit"
                    }
                ],
                "localId": 32477,
                "projectName": "oss-fuzz",
                "commenter": {
                    "displayName": "sheriffbot",
                    "userId": "1950284618"
                },
                "content": "This bug has been fixed. It has been opened to the public.\n\n- Your friendly Sheriffbot",
                "sequenceNum": 5,
                "timestamp": 1616784663
            }
        ]
    },
    "fix_commit": "4a2c9b40233fd1725701feb7d9fa8326a7aeedf0",
    "repo_addr": "https://github.com/lxc/lxc"
}