{
    "fix": "https://github.com/DavidKorczynski/binutils-preconditions/commit/316f735a0e5c11295549a47145a8dbc91d5b95f1",
    "verify": "0",
    "localId": 54397,
    "project": "binutils-preconditions",
    "fuzzer": "afl",
    "sanitizer": "asan",
    "crash_type": "Heap-use-after-free READ 1",
    "severity": "High",
    "report": {
        "comments": [
            {
                "projectName": "oss-fuzz",
                "localId": 54397,
                "commenter": {
                    "userId": "382749006",
                    "displayName": "ClusterFuzz-External"
                },
                "timestamp": 1671310886,
                "content": "Detailed Report: https://oss-fuzz.com/testcase?key=5896738160902144\n\nProject: binutils\nFuzzing Engine: afl\nFuzz Target: fuzz_addr2line\nJob Type: afl_asan_binutils\nPlatform Id: linux\n\nCrash Type: Heap-use-after-free READ 1\nCrash Address: 0x61100000007c\nCrash State:\n  bfd_getl16\n  _bfd_mips_elf_generic_reloc\n  _bfd_mips_elf_lo16_reloc\n  \nSanitizer: address (ASAN)\n\nRecommended Security Severity: High\n\nCrash Revision: https://oss-fuzz.com/revisions?job=afl_asan_binutils&revision=202202240604\n\nReproducer Testcase: https://oss-fuzz.com/download?testcase_id=5896738160902144\n\nIssue filed automatically.\n\nSee https://google.github.io/oss-fuzz/advanced-topics/reproducing for instructions to reproduce this bug locally.\nWhen you fix this bug, please\n  * mention the fix revision(s).\n  * state whether the bug was a short-lived regression or an old bug in any stable releases.\n  * add any other useful information.\nThis information can help downstream consumers.\n\nIf you need to contact the OSS-Fuzz team with a question, concern, or any other feedback, please file an issue at https://github.com/google/oss-fuzz/issues. Comments on individual Monorail issues are not monitored.\n\nThis bug is subject to a 90 day disclosure deadline. If 90 days elapse\nwithout an upstream patch, then the bug report will automatically\nbecome visible to the public.",
                "descriptionNum": 1
            },
            {
                "projectName": "oss-fuzz",
                "localId": 54397,
                "sequenceNum": 1,
                "commenter": {
                    "userId": "1950284618",
                    "displayName": "sheriffbot"
                },
                "timestamp": 1671393297,
                "amendments": [
                    {
                        "fieldName": "Labels",
                        "newOrDeltaValue": "Disclosure-2023-03-17"
                    }
                ]
            },
            {
                "projectName": "oss-fuzz",
                "localId": 54397,
                "sequenceNum": 2,
                "commenter": {
                    "userId": "382749006",
                    "displayName": "ClusterFuzz-External"
                },
                "timestamp": 1675854731,
                "content": "ClusterFuzz testcase 5896738160902144 is verified as fixed in https://oss-fuzz.com/revisions?job=afl_asan_binutils&range=202302070604:202302080611\n\nIf this is incorrect, please file a bug on https://github.com/google/oss-fuzz/issues/new",
                "amendments": [
                    {
                        "fieldName": "Status",
                        "newOrDeltaValue": "Verified",
                        "oldValue": "New"
                    },
                    {
                        "fieldName": "Labels",
                        "newOrDeltaValue": "ClusterFuzz-Verified"
                    }
                ]
            },
            {
                "projectName": "oss-fuzz",
                "localId": 54397,
                "sequenceNum": 3,
                "commenter": {
                    "userId": "1950284618",
                    "displayName": "sheriffbot"
                },
                "timestamp": 1675885756,
                "content": "This bug has been fixed. It has been opened to the public.\n\n- Your friendly Sheriffbot",
                "amendments": [
                    {
                        "fieldName": "Labels",
                        "newOrDeltaValue": "-restrict-view-commit"
                    }
                ]
            }
        ]
    },
    "fix_commit": "316f735a0e5c11295549a47145a8dbc91d5b95f1",
    "repo_addr": "https://github.com/DavidKorczynski/binutils-preconditions"
}