{
    "fix": "https://github.com/google/draco/commit/c2d57bc9de5c0a2de0a25a6354e930380c27f372",
    "verify": "0",
    "localId": 33315,
    "project": "draco",
    "fuzzer": "honggfuzz",
    "sanitizer": "asan",
    "crash_type": "Heap-use-after-free READ 8",
    "severity": "High",
    "report": {
        "comments": [
            {
                "projectName": "oss-fuzz",
                "localId": 33315,
                "commenter": {
                    "userId": "382749006",
                    "displayName": "ClusterFuzz-External"
                },
                "timestamp": 1618571462,
                "content": "Detailed Report: https://oss-fuzz.com/testcase?key=5639725823164416\n\nProject: draco\nFuzzing Engine: honggfuzz\nFuzz Target: draco_pc_decoder_without_dequantization_fuzzer\nJob Type: honggfuzz_asan_draco\nPlatform Id: linux\n\nCrash Type: Heap-use-after-free READ 8\nCrash Address: 0x6040000000b0\nCrash State:\n  std::__1::__tree_iterator<std::__1::__value_type<std::__1::basic_string<char, st\n  draco::Metadata::AddSubMetadata\n  draco::MetadataDecoder::DecodeMetadata\n  \nSanitizer: address (ASAN)\n\nRecommended Security Severity: High\n\nRegressed: https://oss-fuzz.com/revisions?job=honggfuzz_asan_draco&range=202006230231:202007071657\n\nReproducer Testcase: https://oss-fuzz.com/download?testcase_id=5639725823164416\n\nIssue filed automatically.\n\nSee https://google.github.io/oss-fuzz/advanced-topics/reproducing for instructions to reproduce this bug locally.\nWhen you fix this bug, please\n  * mention the fix revision(s).\n  * state whether the bug was a short-lived regression or an old bug in any stable releases.\n  * add any other useful information.\nThis information can help downstream consumers.\n\nIf you need to contact the OSS-Fuzz team with a question, concern, or any other feedback, please file an issue at https://github.com/google/oss-fuzz/issues. Comments on individual Monorail issues are not monitored.\n\nThis bug is subject to a 90 day disclosure deadline. If 90 days elapse\nwithout an upstream patch, then the bug report will automatically\nbecome visible to the public.",
                "descriptionNum": 1
            },
            {
                "projectName": "oss-fuzz",
                "localId": 33315,
                "sequenceNum": 1,
                "commenter": {
                    "userId": "382749006",
                    "displayName": "ClusterFuzz-External"
                },
                "timestamp": 1618572414,
                "content": "This crash occurs very frequently on linux platform and is likely preventing the fuzzer draco_pc_decoder_without_dequantization_fuzzer from making much progress. Fixing this will allow more bugs to be found.\n\nIf this is incorrect, please file a bug on https://github.com/google/oss-fuzz/issues/new",
                "amendments": [
                    {
                        "fieldName": "Labels",
                        "newOrDeltaValue": "Fuzz-Blocker"
                    }
                ]
            },
            {
                "projectName": "oss-fuzz",
                "localId": 33315,
                "sequenceNum": 2,
                "commenter": {
                    "userId": "1950284618",
                    "displayName": "sheriffbot"
                },
                "timestamp": 1618599720,
                "amendments": [
                    {
                        "fieldName": "Labels",
                        "newOrDeltaValue": "Disclosure-2021-07-15"
                    }
                ]
            },
            {
                "projectName": "oss-fuzz",
                "localId": 33315,
                "sequenceNum": 3,
                "commenter": {
                    "userId": "1950284618",
                    "displayName": "sheriffbot"
                },
                "timestamp": 1625769979,
                "content": "This bug is approaching its deadline for being fixed, and will be automatically derestricted within 7 days. If a fix is planned within 2 weeks after the deadline has passed, a grace extension can be granted.\n\n- Your friendly Sheriffbot",
                "amendments": [
                    {
                        "fieldName": "Labels",
                        "newOrDeltaValue": "Deadline-Approaching"
                    }
                ]
            },
            {
                "projectName": "oss-fuzz",
                "localId": 33315,
                "sequenceNum": 4,
                "commenter": {
                    "userId": "1950284618",
                    "displayName": "sheriffbot"
                },
                "timestamp": 1626979093,
                "content": "This bug has exceeded our disclosure deadline. It has been opened to the public.\n\n- Your friendly Sheriffbot",
                "amendments": [
                    {
                        "fieldName": "Labels",
                        "newOrDeltaValue": "-restrict-view-commit -deadline-approaching Deadline-Exceeded"
                    }
                ]
            },
            {
                "projectName": "oss-fuzz",
                "localId": 33315,
                "sequenceNum": 5,
                "commenter": {
                    "userId": "382749006",
                    "displayName": "ClusterFuzz-External"
                },
                "timestamp": 1630074188,
                "content": "ClusterFuzz testcase 5639725823164416 is verified as fixed in https://oss-fuzz.com/revisions?job=honggfuzz_asan_draco&range=202012010604:202108261307\n\nIf this is incorrect, please file a bug on https://github.com/google/oss-fuzz/issues/new",
                "amendments": [
                    {
                        "fieldName": "Status",
                        "newOrDeltaValue": "Verified",
                        "oldValue": "New"
                    },
                    {
                        "fieldName": "Labels",
                        "newOrDeltaValue": "ClusterFuzz-Verified"
                    }
                ]
            }
        ]
    },
    "fix_commit": [
        "8a979f79a5f139880f17f296ace90bcfff025c4b",
        "dd6ef6ff029003c7be0aa393108d13a077051cdb",
        "aaef628551c2d013d4dfdb244d639312723918f4",
        "2f76c15e7388af7713f6537ab9b7607278cc6167",
        "2e67b39c3186ff537d11e0ec5e4b31aeb0c82f52",
        "3352abe928b870685c6744724dd6655869e7bdc3",
        "e812c9e1951e780ac9e4c29f5d58da6ec6a72428",
        "3ea441ec1cc292d4f7078fac5560277c1df613aa",
        "253059c6395f1fe3e6ac7bf80b535b142c65e5ce",
        "00134c59b04ff4b55cea1f1a5658c2f42fc8a23c",
        "5ad118d7d227af11ea0396b15c6e9ea8b257fd49",
        "a0146686a0de2a7f497006b116e974647156e38c",
        "44276bfd6140837185e133a829934ae10ce43cfa",
        "d2b1798192974739968a757c0f4bb5f087dccc3e",
        "d624ff4fe6fd421c0663318cdcc54cf5e7fea40c",
        "26ee555fc67131bbe69edd644dd8bea99577fb52",
        "27f77e1b8948b208ccecccf4de70ebaf18531f97",
        "cdf1fd20a957da06d9f626a382276ce735e3c0de",
        "4469f97bebe220bd42c80d26df182b0ff8d06e01",
        "194b55a799ffd68ffa27bff0051f74697601e107",
        "92d66ab0e925590f733cf947fd562aa84b1c5d47",
        "fb681579aa915456d3a441a818be5ee4b8bab96b",
        "5c0976b219b3f05b8935893ff38249b4db6088f5",
        "b699f0561adad5cf1b1ea33ef6aa5ba969dafa20",
        "d09e0008680ba12af75f47a9a176b11af0f5d96f",
        "e4103dc39fe1c70c6ad40d26a01248f4b5d3887b",
        "75b82f7b68c797b4e0ff5e73ca8a81e2db3db797",
        "9bf5d2e4833d445acc85eb95da42d715d3711c6f",
        "c2d57bc9de5c0a2de0a25a6354e930380c27f372"
    ],
    "repo_addr": "https://github.com/google/draco"
}