{
    "fix": "https://github.com/google/draco/commit/1af95a20b81624f64c4b19794cb3ca991e6d0a76",
    "verify": "0",
    "localId": 37705,
    "project": "draco",
    "fuzzer": "libfuzzer",
    "sanitizer": "ubsan",
    "crash_type": "Index-out-of-bounds",
    "severity": "Medium",
    "report": {
        "comments": [
            {
                "projectName": "oss-fuzz",
                "localId": 37705,
                "commenter": {
                    "userId": "382749006",
                    "displayName": "ClusterFuzz-External"
                },
                "timestamp": 1630084453,
                "content": "Detailed Report: https://oss-fuzz.com/testcase?key=4686639960555520\n\nProject: draco\nFuzzing Engine: libFuzzer\nFuzz Target: draco_mesh_decoder_fuzzer\nJob Type: libfuzzer_ubsan_draco\nPlatform Id: linux\n\nCrash Type: Index-out-of-bounds\nCrash Address: \nCrash State:\n  draco::MeshEdgebreakerTraversalValenceDecoder::DecodeSymbol\n  draco::MeshEdgebreakerDecoderImpl<draco::MeshEdgebreakerTraversalValenceDecoder>\n  draco::MeshEdgebreakerDecoderImpl<draco::MeshEdgebreakerTraversalValenceDecoder>\n  \nSanitizer: undefined (UBSAN)\n\nRecommended Security Severity: Medium\n\nRegressed: https://oss-fuzz.com/revisions?job=libfuzzer_ubsan_draco&range=202006230231:202007071657\n\nReproducer Testcase: https://oss-fuzz.com/download?testcase_id=4686639960555520\n\nIssue filed automatically.\n\nSee https://google.github.io/oss-fuzz/advanced-topics/reproducing for instructions to reproduce this bug locally.\nWhen you fix this bug, please\n  * mention the fix revision(s).\n  * state whether the bug was a short-lived regression or an old bug in any stable releases.\n  * add any other useful information.\nThis information can help downstream consumers.\n\nIf you need to contact the OSS-Fuzz team with a question, concern, or any other feedback, please file an issue at https://github.com/google/oss-fuzz/issues. Comments on individual Monorail issues are not monitored.\n\nThis bug is subject to a 90 day disclosure deadline. If 90 days elapse\nwithout an upstream patch, then the bug report will automatically\nbecome visible to the public.",
                "descriptionNum": 1
            },
            {
                "projectName": "oss-fuzz",
                "localId": 37705,
                "sequenceNum": 1,
                "commenter": {
                    "userId": "1950284618",
                    "displayName": "sheriffbot"
                },
                "timestamp": 1630090441,
                "amendments": [
                    {
                        "fieldName": "Labels",
                        "newOrDeltaValue": "Disclosure-2021-11-25"
                    }
                ]
            },
            {
                "projectName": "oss-fuzz",
                "localId": 37705,
                "sequenceNum": 2,
                "commenter": {
                    "userId": "382749006",
                    "displayName": "ClusterFuzz-External"
                },
                "timestamp": 1630195833,
                "content": "This crash occurs very frequently on linux platform and is likely preventing the fuzzer draco_mesh_decoder_fuzzer from making much progress. Fixing this will allow more bugs to be found.\n\nIf this is incorrect, please file a bug on https://github.com/google/oss-fuzz/issues/new",
                "amendments": [
                    {
                        "fieldName": "Labels",
                        "newOrDeltaValue": "Fuzz-Blocker"
                    }
                ]
            },
            {
                "projectName": "oss-fuzz",
                "localId": 37705,
                "sequenceNum": 3,
                "commenter": {
                    "userId": "1950284618",
                    "displayName": "sheriffbot"
                },
                "timestamp": 1637263654,
                "content": "This bug is approaching its deadline for being fixed, and will be automatically derestricted within 7 days. If a fix is planned within 2 weeks after the deadline has passed, a grace extension can be granted.\n\n- Your friendly Sheriffbot",
                "amendments": [
                    {
                        "fieldName": "Labels",
                        "newOrDeltaValue": "Deadline-Approaching"
                    }
                ]
            },
            {
                "projectName": "oss-fuzz",
                "localId": 37705,
                "sequenceNum": 4,
                "commenter": {
                    "userId": "1950284618",
                    "displayName": "sheriffbot"
                },
                "timestamp": 1637868766,
                "content": "This bug has exceeded our disclosure deadline. It has been opened to the public.\n\n- Your friendly Sheriffbot",
                "amendments": [
                    {
                        "fieldName": "Labels",
                        "newOrDeltaValue": "-restrict-view-commit -deadline-approaching Deadline-Exceeded"
                    }
                ]
            },
            {
                "projectName": "oss-fuzz",
                "localId": 37705,
                "sequenceNum": 5,
                "commenter": {
                    "userId": "382749006",
                    "displayName": "ClusterFuzz-External"
                },
                "timestamp": 1657205597,
                "content": "ClusterFuzz testcase 4686639960555520 is verified as fixed in https://oss-fuzz.com/revisions?job=libfuzzer_ubsan_draco&range=202207060613:202207070606\n\nIf this is incorrect, please file a bug on https://github.com/google/oss-fuzz/issues/new",
                "amendments": [
                    {
                        "fieldName": "Status",
                        "newOrDeltaValue": "Verified",
                        "oldValue": "New"
                    },
                    {
                        "fieldName": "Labels",
                        "newOrDeltaValue": "ClusterFuzz-Verified"
                    }
                ]
            }
        ]
    },
    "fix_commit": "1af95a20b81624f64c4b19794cb3ca991e6d0a76",
    "repo_addr": "https://github.com/google/draco"
}