{
    "fix": "https://github.com/uclouvain/openjpeg/commit/cc893a4ebfaf8c42cf1221ac82c83df91e77340b",
    "verify": "0",
    "localId": 3305,
    "project": "openjpeg",
    "fuzzer": "libfuzzer",
    "sanitizer": "asan",
    "crash_type": "Heap-buffer-overflow READ 4",
    "severity": "Medium",
    "report": {
        "comments": [
            {
                "projectName": "oss-fuzz",
                "localId": 3305,
                "commenter": {
                    "userId": "382749006",
                    "displayName": "ClusterFuzz-External"
                },
                "timestamp": 1504706644,
                "content": "Detailed report: https://oss-fuzz.com/testcase?key=5317114783072256\n\nProject: openjpeg\nFuzzer: libFuzzer_openjpeg_opj_decompress_fuzzer\nFuzz target binary: opj_decompress_fuzzer\nJob Type: libfuzzer_asan_openjpeg_untrusted\nPlatform Id: linux\n\nCrash Type: Heap-buffer-overflow READ 4\nCrash Address: 0x6040000011a4\nCrash State:\n  opj_mct_decode_real\n  opj_tcd_mct_decode\n  opj_tcd_decode_tile\n  \nSanitizer: address (ASAN)\n\nRecommended Security Severity: Medium\n\nRegressed: https://oss-fuzz.com/revisions?job=libfuzzer_asan_openjpeg_untrusted&range=201709050414:201709060414\n\nReproducer Testcase: https://oss-fuzz.com/download?testcase_id=5317114783072256\n\nIssue filed automatically.\n\nSee https://github.com/google/oss-fuzz/blob/master/docs/reproducing.md for more information.\n\nThis bug is subject to a 90 day disclosure deadline. If 90 days elapse\nwithout an upstream patch, then the bug report will automatically\nbecome visible to the public.\n\nWhen you fix this bug, please\n  * mention the fix revision(s).\n  * state whether the bug was a short-lived regression or an old bug in any stable releases.\n  * add any other useful information.\nThis information can help downstream consumers.\n\nIf you have questions for the OSS-Fuzz team, please file an issue at https://github.com/google/oss-fuzz/issues.",
                "descriptionNum": 1
            },
            {
                "projectName": "oss-fuzz",
                "localId": 3305,
                "sequenceNum": 1,
                "commenter": {
                    "userId": "382749006",
                    "displayName": "ClusterFuzz-External"
                },
                "timestamp": 1504712745,
                "amendments": [
                    {
                        "fieldName": "Labels",
                        "newOrDeltaValue": "OS-Linux"
                    }
                ]
            },
            {
                "projectName": "oss-fuzz",
                "localId": 3305,
                "sequenceNum": 2,
                "commenter": {
                    "userId": "3393638884",
                    "displayName": "even....@gmail.com"
                },
                "timestamp": 1504791202,
                "content": "Fixed per https://github.com/uclouvain/openjpeg/commit/cc893a4ebfaf8c42cf1221ac82c83df91e77340b\r\n\r\nmaster only"
            },
            {
                "projectName": "oss-fuzz",
                "localId": 3305,
                "sequenceNum": 3,
                "commenter": {
                    "userId": "3393638884",
                    "displayName": "even....@gmail.com"
                },
                "timestamp": 1504800132,
                "content": "Complementary fix per https://github.com/uclouvain/openjpeg/commit/5abd86b14bb26d1882ee1c07b03f809f85162a5d"
            },
            {
                "projectName": "oss-fuzz",
                "localId": 3305,
                "sequenceNum": 4,
                "commenter": {
                    "userId": "382749006",
                    "displayName": "ClusterFuzz-External"
                },
                "timestamp": 1504854288,
                "content": "ClusterFuzz has detected this issue as fixed in range 201709070414:201709080414.\n\nDetailed report: https://oss-fuzz.com/testcase?key=5317114783072256\n\nProject: openjpeg\nFuzzer: libFuzzer_openjpeg_opj_decompress_fuzzer\nFuzz target binary: opj_decompress_fuzzer\nJob Type: libfuzzer_asan_openjpeg\nPlatform Id: linux\n\nCrash Type: Heap-buffer-overflow READ 4\nCrash Address: 0x6040000011a4\nCrash State:\n  opj_mct_decode_real\n  opj_tcd_mct_decode\n  opj_tcd_decode_tile\n  \nSanitizer: address (ASAN)\n\nRecommended Security Severity: Medium\n\nRegressed: https://oss-fuzz.com/revisions?job=libfuzzer_asan_openjpeg&range=201709050414:201709060414\nFixed: https://oss-fuzz.com/revisions?job=libfuzzer_asan_openjpeg&range=201709070414:201709080414\n\nReproducer Testcase: https://oss-fuzz.com/download?testcase_id=5317114783072256\n\nSee https://github.com/google/oss-fuzz/blob/master/docs/reproducing.md for more information.\n\nIf you suspect that the result above is incorrect, try re-doing that job on the test case report page."
            },
            {
                "projectName": "oss-fuzz",
                "localId": 3305,
                "sequenceNum": 5,
                "commenter": {
                    "userId": "382749006",
                    "displayName": "ClusterFuzz-External"
                },
                "timestamp": 1504857026,
                "content": "ClusterFuzz testcase 5317114783072256 is verified as fixed, so closing issue as verified.\n\nIf this is incorrect, please file a bug on https://github.com/google/oss-fuzz/issues/new",
                "amendments": [
                    {
                        "fieldName": "Status",
                        "newOrDeltaValue": "Verified",
                        "oldValue": "New"
                    },
                    {
                        "fieldName": "Labels",
                        "newOrDeltaValue": "ClusterFuzz-Verified"
                    }
                ]
            },
            {
                "projectName": "oss-fuzz",
                "localId": 3305,
                "sequenceNum": 6,
                "commenter": {
                    "userId": "4164592774",
                    "displayName": "sheriffbot@chromium.org"
                },
                "timestamp": 1507467930,
                "content": "This bug has been fixed for 30 days. It has been opened to the public.\n\n- Your friendly Sheriffbot",
                "amendments": [
                    {
                        "fieldName": "Labels",
                        "newOrDeltaValue": "-restrict-view-commit"
                    }
                ]
            }
        ]
    },
    "fix_commit": "cc893a4ebfaf8c42cf1221ac82c83df91e77340b",
    "repo_addr": "https://github.com/uclouvain/openjpeg"
}