{
    "fix": "https://code.qt.io/cgit/qt/qt5.git/commit/?id=e468db267ac232fe92358aab8912e954e8bd4c81",
    "verify": "0",
    "localId": 33066,
    "project": "qt",
    "fuzzer": "libfuzzer",
    "sanitizer": "asan",
    "crash_type": "Heap-buffer-overflow READ 8",
    "severity": "Medium",
    "report": {
        "comments": [
            {
                "projectName": "oss-fuzz",
                "localId": 33066,
                "commenter": {
                    "userId": "382749006",
                    "displayName": "ClusterFuzz-External"
                },
                "timestamp": 1617967446,
                "content": "Detailed Report: https://oss-fuzz.com/testcase?key=5824001818624000\n\nProject: qt\nFuzzing Engine: libFuzzer\nFuzz Target: qtbase_corelib_time_qdatetime_fromstring\nJob Type: libfuzzer_asan_qt\nPlatform Id: linux\n\nCrash Type: Heap-buffer-overflow READ 8\nCrash Address: 0x607000000d18\nCrash State:\n  QByteArray::split\n  QTzTimeZonePrivate::getPosixTransitions\n  QTzTimeZonePrivate::data\n  \nSanitizer: address (ASAN)\n\nRecommended Security Severity: Medium\n\nRegressed: https://oss-fuzz.com/revisions?job=libfuzzer_asan_qt&range=202104080606:202104090612\n\nReproducer Testcase: https://oss-fuzz.com/download?testcase_id=5824001818624000\n\nIssue filed automatically.\n\nSee https://google.github.io/oss-fuzz/advanced-topics/reproducing for instructions to reproduce this bug locally.\nWhen you fix this bug, please\n  * mention the fix revision(s).\n  * state whether the bug was a short-lived regression or an old bug in any stable releases.\n  * add any other useful information.\nThis information can help downstream consumers.\n\nIf you need to contact the OSS-Fuzz team with a question, concern, or any other feedback, please file an issue at https://github.com/google/oss-fuzz/issues. Comments on individual Monorail issues are not monitored.\n\nThis bug is subject to a 90 day disclosure deadline. If 90 days elapse\nwithout an upstream patch, then the bug report will automatically\nbecome visible to the public.",
                "descriptionNum": 1
            },
            {
                "projectName": "oss-fuzz",
                "localId": 33066,
                "sequenceNum": 1,
                "commenter": {
                    "userId": "1950284618",
                    "displayName": "sheriffbot"
                },
                "timestamp": 1617995025,
                "amendments": [
                    {
                        "fieldName": "Labels",
                        "newOrDeltaValue": "Disclosure-2021-07-08"
                    }
                ]
            },
            {
                "projectName": "oss-fuzz",
                "localId": 33066,
                "sequenceNum": 2,
                "commenter": {
                    "userId": "3575182740",
                    "displayName": "rlohn...@gmail.com"
                },
                "timestamp": 1618312342,
                "content": "Does not affect released versions of Qt."
            },
            {
                "projectName": "oss-fuzz",
                "localId": 33066,
                "sequenceNum": 3,
                "commenter": {
                    "userId": "3575182740",
                    "displayName": "rlohn...@gmail.com"
                },
                "timestamp": 1618313165,
                "content": "Reported at https://bugreports.qt.io/browse/QTBUG-92808"
            },
            {
                "projectName": "oss-fuzz",
                "localId": 33066,
                "sequenceNum": 4,
                "commenter": {
                    "userId": "3575182740",
                    "displayName": "rlohn...@gmail.com"
                },
                "timestamp": 1618402746,
                "content": "> Does not affect released versions of Qt.\n\nThat is, it cannot be reproduced with this input in released versions of Qt. The actual problem might be older."
            },
            {
                "projectName": "oss-fuzz",
                "localId": 33066,
                "sequenceNum": 5,
                "commenter": {
                    "userId": "3575182740",
                    "displayName": "rlohn...@gmail.com"
                },
                "timestamp": 1618421329,
                "content": "Fixed by 964f91fd25a59654905c5a68d3cbccedab9ebb5a in qtbase: https://codereview.qt-project.org/c/qt/qtbase/+/342955"
            },
            {
                "projectName": "oss-fuzz",
                "localId": 33066,
                "sequenceNum": 6,
                "commenter": {
                    "userId": "382749006",
                    "displayName": "ClusterFuzz-External"
                },
                "timestamp": 1618473156,
                "content": "This crash occurs very frequently on linux platform and is likely preventing the fuzzer qtbase_corelib_time_qdatetime_fromstring from making much progress. Fixing this will allow more bugs to be found.\n\nIf this is incorrect, please file a bug on https://github.com/google/oss-fuzz/issues/new",
                "amendments": [
                    {
                        "fieldName": "Labels",
                        "newOrDeltaValue": "Fuzz-Blocker"
                    }
                ]
            },
            {
                "projectName": "oss-fuzz",
                "localId": 33066,
                "sequenceNum": 7,
                "commenter": {
                    "userId": "382749006",
                    "displayName": "ClusterFuzz-External"
                },
                "timestamp": 1618671416,
                "content": "ClusterFuzz testcase 5824001818624000 is verified as fixed in https://oss-fuzz.com/revisions?job=libfuzzer_asan_qt&range=202104160620:202104170625\n\nIf this is incorrect, please file a bug on https://github.com/google/oss-fuzz/issues/new",
                "amendments": [
                    {
                        "fieldName": "Status",
                        "newOrDeltaValue": "Verified",
                        "oldValue": "New"
                    },
                    {
                        "fieldName": "Labels",
                        "newOrDeltaValue": "ClusterFuzz-Verified"
                    }
                ]
            },
            {
                "projectName": "oss-fuzz",
                "localId": 33066,
                "sequenceNum": 8,
                "commenter": {
                    "userId": "1950284618",
                    "displayName": "sheriffbot"
                },
                "timestamp": 1618685452,
                "content": "This bug has been fixed. It has been opened to the public.\n\n- Your friendly Sheriffbot",
                "amendments": [
                    {
                        "fieldName": "Labels",
                        "newOrDeltaValue": "-restrict-view-commit"
                    }
                ]
            }
        ]
    },
    "fix_commit": "e468db267ac232fe92358aab8912e954e8bd4c81",
    "repo_addr": "git://code.qt.io/qt/qt5.git"
}