{
    "fix": "https://svn.freebsd.org/base/head/sys/teken323342",
    "verify": "0",
    "localId": 2602,
    "project": "libteken",
    "fuzzer": "libfuzzer",
    "sanitizer": "msan",
    "crash_type": "Use-of-uninitialized-value",
    "severity": "Medium",
    "report": {
        "comments": [
            {
                "projectName": "oss-fuzz",
                "localId": 2602,
                "commenter": {
                    "userId": "382749006",
                    "displayName": "ClusterFuzz-External"
                },
                "timestamp": 1499928618,
                "content": "Detailed report: https://oss-fuzz.com/testcase?key=6396364558696448\n\nProject: libteken\nFuzzer: libFuzzer_libteken_fuzzer\nFuzz target binary: libteken_fuzzer\nJob Type: libfuzzer_msan_libteken\nPlatform Id: linux\n\nCrash Type: Use-of-uninitialized-value\nCrash Address: \nCrash State:\n  teken_trim_cursor_pos\n  teken_set_winsize\n  teken_init\n  \nSanitizer: memory (MSAN)\n\nRecommended Security Severity: Medium\n\nRegressed: https://oss-fuzz.com/revisions?job=libfuzzer_msan_libteken&range=201707120414:201707130415\n\nReproducer Testcase: https://oss-fuzz.com/download?testcase_id=6396364558696448\n\n\nIssue filed automatically.\n\nSee https://github.com/google/oss-fuzz/blob/master/docs/reproducing.md for more information.",
                "descriptionNum": 1
            },
            {
                "projectName": "oss-fuzz",
                "localId": 2602,
                "sequenceNum": 1,
                "commenter": {
                    "userId": "382749006",
                    "displayName": "ClusterFuzz-External"
                },
                "timestamp": 1499929156,
                "amendments": [
                    {
                        "fieldName": "Labels",
                        "newOrDeltaValue": "OS-Linux"
                    }
                ]
            },
            {
                "projectName": "oss-fuzz",
                "localId": 2602,
                "sequenceNum": 2,
                "commenter": {
                    "userId": "382749006",
                    "displayName": "ClusterFuzz-External"
                },
                "timestamp": 1504633831,
                "content": "Testcase 6396364558696448 is a top crash on ClusterFuzz for linux platform. Marking this crash as a stable release blocker. If this is incorrect, remove the ReleaseBlock label.",
                "amendments": [
                    {
                        "fieldName": "Labels",
                        "newOrDeltaValue": "ReleaseBlock-Stable ClusterFuzz-Top-Crash"
                    }
                ]
            },
            {
                "projectName": "oss-fuzz",
                "localId": 2602,
                "sequenceNum": 3,
                "commenter": {
                    "userId": "2320805031",
                    "displayName": "aarya@google.com"
                },
                "timestamp": 1504634310,
                "content": "ReleaseBlock label don't apply to OSS-Fuzz, only to Chromium issue tracker.\r\n\r\nHowever this is a top crash for your project, so please prioritize fixing this.",
                "amendments": [
                    {
                        "fieldName": "Labels",
                        "newOrDeltaValue": "-ReleaseBlock-Stable"
                    }
                ]
            },
            {
                "projectName": "oss-fuzz",
                "localId": 2602,
                "sequenceNum": 4,
                "commenter": {
                    "userId": "382749006",
                    "displayName": "ClusterFuzz-External"
                },
                "timestamp": 1504941716,
                "content": "ClusterFuzz has detected this issue as fixed in range 201709080442:201709090445.\n\nDetailed report: https://oss-fuzz.com/testcase?key=6396364558696448\n\nProject: libteken\nFuzzer: libFuzzer_libteken_fuzzer\nFuzz target binary: libteken_fuzzer\nJob Type: libfuzzer_msan_libteken\nPlatform Id: linux\n\nCrash Type: Use-of-uninitialized-value\nCrash Address: \nCrash State:\n  teken_trim_cursor_pos\n  teken_set_winsize\n  teken_init\n  \nSanitizer: memory (MSAN)\n\nRecommended Security Severity: Medium\n\nRegressed: https://oss-fuzz.com/revisions?job=libfuzzer_msan_libteken&range=201707120414:201707130415\nFixed: https://oss-fuzz.com/revisions?job=libfuzzer_msan_libteken&range=201709080442:201709090445\n\nReproducer Testcase: https://oss-fuzz.com/download?testcase_id=6396364558696448\n\nSee https://github.com/google/oss-fuzz/blob/master/docs/reproducing.md for more information.\n\nIf you suspect that the result above is incorrect, try re-doing that job on the test case report page."
            },
            {
                "projectName": "oss-fuzz",
                "localId": 2602,
                "sequenceNum": 5,
                "commenter": {
                    "userId": "382749006",
                    "displayName": "ClusterFuzz-External"
                },
                "timestamp": 1504942865,
                "content": "ClusterFuzz testcase 6396364558696448 is verified as fixed, so closing issue as verified.\n\nIf this is incorrect, please file a bug on https://github.com/google/oss-fuzz/issues/new",
                "amendments": [
                    {
                        "fieldName": "Status",
                        "newOrDeltaValue": "Verified",
                        "oldValue": "New"
                    },
                    {
                        "fieldName": "Labels",
                        "newOrDeltaValue": "ClusterFuzz-Verified"
                    }
                ]
            },
            {
                "projectName": "oss-fuzz",
                "localId": 2602,
                "sequenceNum": 6,
                "commenter": {
                    "userId": "4164592774",
                    "displayName": "sheriffbot@chromium.org"
                },
                "timestamp": 1507554324,
                "content": "This bug has been fixed for 30 days. It has been opened to the public.\n\n- Your friendly Sheriffbot",
                "amendments": [
                    {
                        "fieldName": "Labels",
                        "newOrDeltaValue": "-restrict-view-commit"
                    }
                ]
            }
        ]
    },
    "fix_commit": "323342",
    "repo_addr": "https://svn.freebsd.org/base/head/sys/teken"
}