{
    "fix": "https://code.videolan.org/videolan/dav1d.git159215a82da88ca6c511194c8188e9df7a193998",
    "verify": "0",
    "localId": 38152,
    "project": "dav1d",
    "fuzzer": "honggfuzz",
    "sanitizer": "asan",
    "crash_type": "Heap-buffer-overflow WRITE {*}",
    "severity": "High",
    "report": {
        "comments": [
            {
                "projectName": "oss-fuzz",
                "localId": 38152,
                "commenter": {
                    "userId": "382749006",
                    "displayName": "ClusterFuzz-External"
                },
                "timestamp": 1630842425,
                "content": "Detailed Report: https://oss-fuzz.com/testcase?key=5550258780766208\n\nProject: dav1d\nFuzzing Engine: honggfuzz\nFuzz Target: dav1d_fuzzer_mt\nJob Type: honggfuzz_asan_dav1d\nPlatform Id: linux\n\nCrash Type: Heap-buffer-overflow WRITE {*}\nCrash Address: 0x62c000037a40\nCrash State:\n  backup_lpf\n  dav1d_lr_copy_lpf_16bpc\n  dav1d_filter_sbrow_deblock_rows_16bpc\n  \nSanitizer: address (ASAN)\n\nRecommended Security Severity: High\n\nRegressed: https://oss-fuzz.com/revisions?job=honggfuzz_asan_dav1d&range=202109030607:202109040606\n\nReproducer Testcase: https://oss-fuzz.com/download?testcase_id=5550258780766208\n\nIssue filed automatically.\n\nSee https://google.github.io/oss-fuzz/advanced-topics/reproducing for instructions to reproduce this bug locally.\nWhen you fix this bug, please\n  * mention the fix revision(s).\n  * state whether the bug was a short-lived regression or an old bug in any stable releases.\n  * add any other useful information.\nThis information can help downstream consumers.\n\nIf you need to contact the OSS-Fuzz team with a question, concern, or any other feedback, please file an issue at https://github.com/google/oss-fuzz/issues. Comments on individual Monorail issues are not monitored.\n\nThis bug is subject to a 90 day disclosure deadline. If 90 days elapse\nwithout an upstream patch, then the bug report will automatically\nbecome visible to the public.",
                "descriptionNum": 1
            },
            {
                "projectName": "oss-fuzz",
                "localId": 38152,
                "sequenceNum": 1,
                "commenter": {
                    "userId": "1950284618",
                    "displayName": "sheriffbot"
                },
                "timestamp": 1630867940,
                "amendments": [
                    {
                        "fieldName": "Labels",
                        "newOrDeltaValue": "Disclosure-2021-12-06"
                    }
                ]
            },
            {
                "projectName": "oss-fuzz",
                "localId": 38152,
                "sequenceNum": 2,
                "commenter": {
                    "userId": "382749006",
                    "displayName": "ClusterFuzz-External"
                },
                "timestamp": 1630968363,
                "amendments": [
                    {
                        "fieldName": "Cc",
                        "newOrDeltaValue": "psilo...@twoorioles.com gram...@twoorioles.com"
                    }
                ]
            },
            {
                "projectName": "oss-fuzz",
                "localId": 38152,
                "sequenceNum": 3,
                "commenter": {
                    "userId": "2886242584",
                    "displayName": "psilo...@twoorioles.com"
                },
                "timestamp": 1631097819,
                "content": "Fixed by: 159215a82da88ca6c511194c8188e9df7a193998\nIntroduced by: 549086e4d3024410c6145c89266b37c916808b04\nPresent since 0.8.2\nDetected since: 753eef833bdd8ff1585c5c858cafeca8fefbb16e\n\nThis wasn't detected before as post-filters weren't used in the fuzzer.\nOur 3 threading models were merged into a thread/task pool (detected since), causing post-filter threading related code to now be fuzzed as well."
            },
            {
                "projectName": "oss-fuzz",
                "localId": 38152,
                "sequenceNum": 4,
                "commenter": {
                    "userId": "382749006",
                    "displayName": "ClusterFuzz-External"
                },
                "timestamp": 1631293122,
                "content": "ClusterFuzz testcase 5550258780766208 is verified as fixed in https://oss-fuzz.com/revisions?job=honggfuzz_asan_dav1d&range=202109080605:202109100612\n\nIf this is incorrect, please file a bug on https://github.com/google/oss-fuzz/issues/new",
                "amendments": [
                    {
                        "fieldName": "Status",
                        "newOrDeltaValue": "Verified",
                        "oldValue": "New"
                    },
                    {
                        "fieldName": "Labels",
                        "newOrDeltaValue": "ClusterFuzz-Verified"
                    }
                ]
            },
            {
                "projectName": "oss-fuzz",
                "localId": 38152,
                "sequenceNum": 5,
                "commenter": {
                    "userId": "1950284618",
                    "displayName": "sheriffbot"
                },
                "timestamp": 1631299420,
                "content": "This bug has been fixed. It has been opened to the public.\n\n- Your friendly Sheriffbot",
                "amendments": [
                    {
                        "fieldName": "Labels",
                        "newOrDeltaValue": "-restrict-view-commit"
                    }
                ]
            }
        ]
    },
    "fix_commit": "159215a82da88ca6c511194c8188e9df7a193998",
    "repo_addr": "https://code.videolan.org/videolan/dav1d.git"
}