{
    "fix": "https://code.videolan.org/videolan/dav1d.git9eace34cbadef14980af15c4d43b012a29c2ae56",
    "verify": "0",
    "localId": 60432,
    "project": "dav1d",
    "fuzzer": "libfuzzer",
    "sanitizer": "asan",
    "crash_type": "Segv on unknown address",
    "report": {
        "comments": [
            {
                "projectName": "oss-fuzz",
                "localId": 60432,
                "commenter": {
                    "userId": "382749006",
                    "displayName": "ClusterFuzz-External"
                },
                "timestamp": 1688744959,
                "content": "Detailed Report: https://oss-fuzz.com/testcase?key=4518112928858112\n\nProject: dav1d\nFuzzing Engine: libFuzzer\nFuzz Target: dav1d_fuzzer_mt\nJob Type: libfuzzer_asan_i386_dav1d\nPlatform Id: linux\n\nCrash Type: Segv on unknown address\nCrash Address: \nCrash State:\n  dav1d_pal_pred_16bpc_ssse3.w32\n  decode_b\n  decode_sb\n  \nSanitizer: address (ASAN)\n\nRegressed: https://oss-fuzz.com/revisions?job=libfuzzer_asan_i386_dav1d&range=202307060614:202307070621\n\nReproducer Testcase: https://oss-fuzz.com/download?testcase_id=4518112928858112\n\nIssue filed automatically.\n\nSee https://google.github.io/oss-fuzz/advanced-topics/reproducing for instructions to reproduce this bug locally.\nWhen you fix this bug, please\n  * mention the fix revision(s).\n  * state whether the bug was a short-lived regression or an old bug in any stable releases.\n  * add any other useful information.\nThis information can help downstream consumers.\n\nIf you need to contact the OSS-Fuzz team with a question, concern, or any other feedback, please file an issue at https://github.com/google/oss-fuzz/issues. Comments on individual Monorail issues are not monitored.\n\nThis bug is subject to a 90 day disclosure deadline. If 90 days elapse\nwithout an upstream patch, then the bug report will automatically\nbecome visible to the public.",
                "descriptionNum": 1
            },
            {
                "projectName": "oss-fuzz",
                "localId": 60432,
                "sequenceNum": 1,
                "commenter": {
                    "userId": "1950284618",
                    "displayName": "sheriffbot"
                },
                "timestamp": 1688756594,
                "amendments": [
                    {
                        "fieldName": "Labels",
                        "newOrDeltaValue": "Disclosure-2023-10-05"
                    }
                ]
            },
            {
                "projectName": "oss-fuzz",
                "localId": 60432,
                "sequenceNum": 2,
                "commenter": {
                    "userId": "382749006",
                    "displayName": "ClusterFuzz-External"
                },
                "timestamp": 1688829669,
                "content": "ClusterFuzz testcase 4518112928858112 is verified as fixed in https://oss-fuzz.com/revisions?job=libfuzzer_asan_i386_dav1d&range=202307070621:202307080613\n\nIf this is incorrect, please file a bug on https://github.com/google/oss-fuzz/issues/new",
                "amendments": [
                    {
                        "fieldName": "Status",
                        "newOrDeltaValue": "Verified",
                        "oldValue": "New"
                    },
                    {
                        "fieldName": "Labels",
                        "newOrDeltaValue": "ClusterFuzz-Verified"
                    }
                ]
            },
            {
                "projectName": "oss-fuzz",
                "localId": 60432,
                "sequenceNum": 3,
                "commenter": {
                    "userId": "1950284618",
                    "displayName": "sheriffbot"
                },
                "timestamp": 1688842074,
                "content": "This bug has been fixed. It has been opened to the public.\n\n- Your friendly Sheriffbot",
                "amendments": [
                    {
                        "fieldName": "Labels",
                        "newOrDeltaValue": "-restrict-view-commit"
                    }
                ]
            }
        ]
    },
    "fix_commit": "9eace34cbadef14980af15c4d43b012a29c2ae56",
    "repo_addr": "https://code.videolan.org/videolan/dav1d.git"
}