{
    "fix": "https://github.com/uber/h3/commit/fce1c53844ca21dcc14f3acabeaf2e12d47e5568",
    "verify": "0",
    "localId": 51208,
    "project": "h3",
    "fuzzer": "afl",
    "sanitizer": "asan",
    "crash_type": "Global-buffer-overflow READ 4",
    "report": {
        "comments": [
            {
                "localId": 51208,
                "descriptionNum": 1,
                "projectName": "oss-fuzz",
                "commenter": {
                    "displayName": "ClusterFuzz-External",
                    "userId": "382749006"
                },
                "content": "Detailed Report: https://oss-fuzz.com/testcase?key=5086445848625152\n\nProject: h3\nFuzzing Engine: afl\nFuzz Target: fuzzerLocalIj\nJob Type: afl_asan_h3\nPlatform Id: linux\n\nCrash Type: Global-buffer-overflow READ 4\nCrash Address: 0x0000005c9dd8\nCrash State:\n  _getBaseCellNeighbor\n  localIjkToCell\n  localIjToCell\n  \nSanitizer: address (ASAN)\n\nRegressed: https://oss-fuzz.com/revisions?job=afl_asan_h3&range=202209090602:202209100613\n\nReproducer Testcase: https://oss-fuzz.com/download?testcase_id=5086445848625152\n\nIssue filed automatically.\n\nSee https://google.github.io/oss-fuzz/advanced-topics/reproducing for instructions to reproduce this bug locally.\nWhen you fix this bug, please\n  * mention the fix revision(s).\n  * state whether the bug was a short-lived regression or an old bug in any stable releases.\n  * add any other useful information.\nThis information can help downstream consumers.\n\nIf you need to contact the OSS-Fuzz team with a question, concern, or any other feedback, please file an issue at https://github.com/google/oss-fuzz/issues. Comments on individual Monorail issues are not monitored.\n\nThis bug is subject to a 90 day disclosure deadline. If 90 days elapse\nwithout an upstream patch, then the bug report will automatically\nbecome visible to the public.",
                "timestamp": 1662812749
            },
            {
                "amendments": [
                    {
                        "fieldName": "Labels",
                        "newOrDeltaValue": "Disclosure-2022-12-09"
                    }
                ],
                "localId": 51208,
                "projectName": "oss-fuzz",
                "commenter": {
                    "displayName": "sheriffbot",
                    "userId": "1950284618"
                },
                "sequenceNum": 1,
                "timestamp": 1662836155
            },
            {
                "localId": 51208,
                "projectName": "oss-fuzz",
                "commenter": {
                    "displayName": "isaac...@gmail.com",
                    "userId": "447490887"
                },
                "content": "https://github.com/uber/h3/pull/684",
                "sequenceNum": 2,
                "timestamp": 1662918088
            },
            {
                "amendments": [
                    {
                        "fieldName": "Status",
                        "oldValue": "New",
                        "newOrDeltaValue": "Verified"
                    },
                    {
                        "fieldName": "Labels",
                        "newOrDeltaValue": "ClusterFuzz-Verified"
                    }
                ],
                "localId": 51208,
                "projectName": "oss-fuzz",
                "commenter": {
                    "displayName": "ClusterFuzz-External",
                    "userId": "382749006"
                },
                "content": "ClusterFuzz testcase 5086445848625152 is verified as fixed in https://oss-fuzz.com/revisions?job=afl_asan_h3&range=202209120600:202209130601\n\nIf this is incorrect, please file a bug on https://github.com/google/oss-fuzz/issues/new",
                "sequenceNum": 3,
                "timestamp": 1663086302
            },
            {
                "amendments": [
                    {
                        "fieldName": "Labels",
                        "newOrDeltaValue": "-restrict-view-commit"
                    }
                ],
                "localId": 51208,
                "projectName": "oss-fuzz",
                "commenter": {
                    "displayName": "sheriffbot",
                    "userId": "1950284618"
                },
                "content": "This bug has been fixed. It has been opened to the public.\n\n- Your friendly Sheriffbot",
                "sequenceNum": 4,
                "timestamp": 1663094820
            },
            {
                "localId": 51208,
                "projectName": "oss-fuzz",
                "commenter": {
                    "displayName": "isaac...@gmail.com",
                    "userId": "447490887"
                },
                "content": "This issue is fixed in https://github.com/uber/h3/releases/tag/v4.0.1",
                "sequenceNum": 5,
                "timestamp": 1663306250
            },
            {
                "projectName": "oss-fuzz",
                "sequenceNum": 6,
                "localId": 51208,
                "isDeleted": true,
                "timestamp": 1663306263
            }
        ]
    },
    "fix_commit": "fce1c53844ca21dcc14f3acabeaf2e12d47e5568",
    "repo_addr": "https://github.com/uber/h3"
}