{
    "localId": 6581,
    "project": "botan",
    "fix": "https://github.com/randombit/botan/commit/74ca458b14d265b68ad25cf918aa216b3fa51103",
    "verify": "0",
    "fuzzer": "libfuzzer",
    "sanitizer": "asan",
    "crash_type": "Heap-buffer-overflow READ 8",
    "severity": "Medium",
    "report": {
        "comments": [
            {
                "localId": 6581,
                "descriptionNum": 1,
                "projectName": "oss-fuzz",
                "commenter": {
                    "displayName": "ClusterFuzz-External",
                    "userId": "382749006"
                },
                "content": "Detailed report: https://oss-fuzz.com/testcase?key=5182248321024000\n\nProject: botan\nFuzzer: libFuzzer_botan_pkcs8\nFuzz target binary: pkcs8\nJob Type: libfuzzer_asan_botan\nPlatform Id: linux\n\nCrash Type: Heap-buffer-overflow READ 8\nCrash Address: 0x606000012118\nCrash State:\n  Botan::bigint_monty_redc\n  Botan::CurveGFp_Montgomery::curve_mul\n  Botan::CurveGFp_Montgomery::to_curve_rep\n  \nSanitizer: address (ASAN)\n\nRecommended Security Severity: Medium\n\nRegressed: https://oss-fuzz.com/revisions?job=libfuzzer_asan_botan&range=201802260516:201802270516\n\nReproducer Testcase: https://oss-fuzz.com/download?testcase_id=5182248321024000\n\nIssue filed automatically.\n\nSee https://github.com/google/oss-fuzz/blob/master/docs/reproducing.md for more information.\n\nThis bug is subject to a 90 day disclosure deadline. If 90 days elapse\nwithout an upstream patch, then the bug report will automatically\nbecome visible to the public.\n\nWhen you fix this bug, please\n  * mention the fix revision(s).\n  * state whether the bug was a short-lived regression or an old bug in any stable releases.\n  * add any other useful information.\nThis information can help downstream consumers.\n\nIf you have questions for the OSS-Fuzz team, please file an issue at https://github.com/google/oss-fuzz/issues.",
                "timestamp": 1519720953
            },
            {
                "amendments": [
                    {
                        "fieldName": "Labels",
                        "newOrDeltaValue": "OS-Linux"
                    }
                ],
                "localId": 6581,
                "projectName": "oss-fuzz",
                "commenter": {
                    "displayName": "ClusterFuzz-External",
                    "userId": "382749006"
                },
                "sequenceNum": 1,
                "timestamp": 1519721496
            },
            {
                "localId": 6581,
                "projectName": "oss-fuzz",
                "commenter": {
                    "displayName": "jack....@gmail.com",
                    "userId": "3653259625"
                },
                "content": "Ugh can't reproduce.\r\n\r\nThough almost certainly introduced by recent optimization work in this area.",
                "sequenceNum": 2,
                "timestamp": 1519740730
            },
            {
                "localId": 6581,
                "projectName": "oss-fuzz",
                "commenter": {
                    "displayName": "jack....@gmail.com",
                    "userId": "3653259625"
                },
                "content": "Repro working now",
                "sequenceNum": 3,
                "timestamp": 1519740998
            },
            {
                "localId": 6581,
                "projectName": "oss-fuzz",
                "commenter": {
                    "displayName": "jack....@gmail.com",
                    "userId": "3653259625"
                },
                "content": "Fixed in 74ca458b14d265",
                "sequenceNum": 4,
                "timestamp": 1519743504
            },
            {
                "localId": 6581,
                "projectName": "oss-fuzz",
                "commenter": {
                    "displayName": "ClusterFuzz-External",
                    "userId": "382749006"
                },
                "content": "ClusterFuzz has detected this issue as fixed in range 201802270516:201802280517.\n\nDetailed report: https://oss-fuzz.com/testcase?key=5182248321024000\n\nProject: botan\nFuzzer: libFuzzer_botan_pkcs8\nFuzz target binary: pkcs8\nJob Type: libfuzzer_asan_botan\nPlatform Id: linux\n\nCrash Type: Heap-buffer-overflow READ 8\nCrash Address: 0x606000012118\nCrash State:\n  Botan::bigint_monty_redc\n  Botan::CurveGFp_Montgomery::curve_mul\n  Botan::CurveGFp_Montgomery::to_curve_rep\n  \nSanitizer: address (ASAN)\n\nRecommended Security Severity: Medium\n\nRegressed: https://oss-fuzz.com/revisions?job=libfuzzer_asan_botan&range=201802260516:201802270516\nFixed: https://oss-fuzz.com/revisions?job=libfuzzer_asan_botan&range=201802270516:201802280517\n\nReproducer Testcase: https://oss-fuzz.com/download?testcase_id=5182248321024000\n\nSee https://github.com/google/oss-fuzz/blob/master/docs/reproducing.md for more information.\n\nIf you suspect that the result above is incorrect, try re-doing that job on the test case report page.",
                "sequenceNum": 5,
                "timestamp": 1519805035
            },
            {
                "amendments": [
                    {
                        "fieldName": "Status",
                        "oldValue": "New",
                        "newOrDeltaValue": "Verified"
                    },
                    {
                        "fieldName": "Labels",
                        "newOrDeltaValue": "ClusterFuzz-Verified"
                    }
                ],
                "localId": 6581,
                "projectName": "oss-fuzz",
                "commenter": {
                    "displayName": "ClusterFuzz-External",
                    "userId": "382749006"
                },
                "content": "ClusterFuzz testcase 5182248321024000 is verified as fixed, so closing issue as verified.\n\nIf this is incorrect, please file a bug on https://github.com/google/oss-fuzz/issues/new",
                "sequenceNum": 6,
                "timestamp": 1519805303
            },
            {
                "amendments": [
                    {
                        "fieldName": "Labels",
                        "newOrDeltaValue": "-restrict-view-commit"
                    }
                ],
                "localId": 6581,
                "projectName": "oss-fuzz",
                "commenter": {
                    "displayName": "sheriffbot@chromium.org",
                    "userId": "4164592774"
                },
                "content": "This bug has been fixed for 30 days. It has been opened to the public.\n\n- Your friendly Sheriffbot",
                "sequenceNum": 7,
                "timestamp": 1522423287
            }
        ]
    },
    "fix_commit": "74ca458b14d265b68ad25cf918aa216b3fa51103",
    "repo_addr": "https://github.com/randombit/botan.git"
}