{
    "fix": "https://github.com/libjpeg-turbo/libjpeg-turbo/commit/ccaba5d7894ecfb5a8f11e48d3f86e1f14d5a469",
    "verify": "0",
    "localId": 27857,
    "project": "libjpeg-turbo",
    "fuzzer": "honggfuzz",
    "sanitizer": "asan",
    "crash_type": "Heap-buffer-overflow READ 2",
    "severity": "Medium",
    "report": {
        "comments": [
            {
                "projectName": "oss-fuzz",
                "localId": 27857,
                "commenter": {
                    "userId": "382749006",
                    "displayName": "ClusterFuzz-External"
                },
                "timestamp": 1606303132,
                "content": "Detailed Report: https://oss-fuzz.com/testcase?key=5160611503407104\n\nProject: qpdf\nFuzzing Engine: honggfuzz\nFuzz Target: dct_fuzzer\nJob Type: honggfuzz_asan_qpdf\nPlatform Id: linux\n\nCrash Type: Heap-buffer-overflow READ 2\nCrash Address: 0x7fa1099ec820\nCrash State:\n  decompress_smooth_data\n  process_data_simple_main\n  jpeg_read_scanlines\n  \nSanitizer: address (ASAN)\n\nRecommended Security Severity: Medium\n\nRegressed: https://oss-fuzz.com/revisions?job=honggfuzz_asan_qpdf&range=202011240624:202011250610\n\nReproducer Testcase: https://oss-fuzz.com/download?testcase_id=5160611503407104\n\nIssue filed automatically.\n\nSee https://google.github.io/oss-fuzz/advanced-topics/reproducing for instructions to reproduce this bug locally.\nWhen you fix this bug, please\n  * mention the fix revision(s).\n  * state whether the bug was a short-lived regression or an old bug in any stable releases.\n  * add any other useful information.\nThis information can help downstream consumers.\n\nIf you need to contact the OSS-Fuzz team with a question, concern, or any other feedback, please file an issue at https://github.com/google/oss-fuzz/issues. Comments on individual Monorail issues are not monitored.\n\nThis bug is subject to a 90 day disclosure deadline. If 90 days elapse\nwithout an upstream patch, then the bug report will automatically\nbecome visible to the public.",
                "descriptionNum": 1
            },
            {
                "projectName": "oss-fuzz",
                "localId": 27857,
                "sequenceNum": 1,
                "commenter": {
                    "userId": "1950284618",
                    "displayName": "sheriffbot"
                },
                "timestamp": 1606334708,
                "amendments": [
                    {
                        "fieldName": "Labels",
                        "newOrDeltaValue": "Disclosure-2021-02-23"
                    }
                ]
            },
            {
                "projectName": "oss-fuzz",
                "localId": 27857,
                "sequenceNum": 2,
                "commenter": {
                    "userId": "382749006",
                    "displayName": "ClusterFuzz-External"
                },
                "timestamp": 1606373786,
                "content": "This crash occurs very frequently on linux platform and is likely preventing the fuzzer dct_fuzzer from making much progress. Fixing this will allow more bugs to be found.\n\nIf this is incorrect, please file a bug on https://github.com/google/oss-fuzz/issues/new",
                "amendments": [
                    {
                        "fieldName": "Labels",
                        "newOrDeltaValue": "Fuzz-Blocker"
                    }
                ]
            },
            {
                "projectName": "oss-fuzz",
                "localId": 27857,
                "sequenceNum": 3,
                "commenter": {
                    "userId": "382749006",
                    "displayName": "ClusterFuzz-External"
                },
                "timestamp": 1606405032,
                "content": "ClusterFuzz testcase 5160611503407104 is verified as fixed in https://oss-fuzz.com/revisions?job=honggfuzz_asan_qpdf&range=202011250610:202011260608\n\nIf this is incorrect, please file a bug on https://github.com/google/oss-fuzz/issues/new",
                "amendments": [
                    {
                        "fieldName": "Status",
                        "newOrDeltaValue": "Verified",
                        "oldValue": "New"
                    },
                    {
                        "fieldName": "Labels",
                        "newOrDeltaValue": "ClusterFuzz-Verified"
                    }
                ]
            },
            {
                "projectName": "oss-fuzz",
                "localId": 27857,
                "sequenceNum": 4,
                "commenter": {
                    "userId": "1950284618",
                    "displayName": "sheriffbot"
                },
                "timestamp": 1609012320,
                "content": "This bug has been fixed for 30 days. It has been opened to the public.\n\n- Your friendly Sheriffbot",
                "amendments": [
                    {
                        "fieldName": "Labels",
                        "newOrDeltaValue": "-restrict-view-commit"
                    }
                ]
            }
        ]
    },
    "fix_commit": "ccaba5d7894ecfb5a8f11e48d3f86e1f14d5a469",
    "repo_addr": "https://github.com/libjpeg-turbo/libjpeg-turbo"
}